#           Time                     Re_00                    Re_01                    Re_10                    Re_11                    Im_00                    Im_01                    Im_10                    Im_11          
   0.0000000000000000e+00   0.0000000000000000e+00   0.0000000000000000e+00   0.0000000000000000e+00   1.0000000000000000e+00   0.0000000000000000e+00   0.0000000000000000e+00   0.0000000000000000e+00   0.0000000000000000e+00
   1.0000000000000000e-02   3.9992696362994802e-04   1.9995377681796700e-04   1.9995377681666701e-04   9.9960007303637399e-01  -7.1107715241830096e-17  -1.9992696679963499e-02   1.9992696679963399e-02  -8.2872609546909502e-16
   2.0000000000000000e-02   1.5988316794894300e-03   7.9926067148097097e-04   7.9926070666694500e-04   9.9840116832410497e-01  -1.2617833749209300e-11  -3.9941595406979599e-02   3.9941595402155999e-02   7.8948541053337602e-11
   2.9999999999999999e-02   3.5940880018599901e-03   1.7962594711474400e-03   1.7962595025653001e-03   9.9640591201009499e-01  -1.3175353525649500e-11  -5.9803008951460603e-02   5.9803008946294298e-02   7.7191798324920498e-11
   4.0000000000000001e-02   6.3813261740560002e-03   3.1881874319203102e-03   3.1881874600347298e-03   9.9361867383758096e-01  -1.3811012583675801e-11  -7.9533466684123602e-02   7.9533466678525205e-02   7.5177826503380701e-11
   5.0000000000000003e-02   9.9544437894703002e-03   4.9711892397528304e-03   4.9711892645762602e-03   9.9004555622449697e-01  -1.4492945180175800e-11  -9.9089822763414007e-02   9.9089822757334800e-02   7.4651509207815294e-11
   5.9999999999999998e-02   1.4305620864040200e-02   7.1403291106680302e-03   7.1403291321266299e-03   9.8569437902755996e-01  -1.5113278781448600e-11  -1.1842936182165600e-01   1.1842936181514301e-01   7.2889255951071598e-11
   7.0000000000000007e-02   1.9425339155910801e-02   9.6896062025593199e-03   9.6896062204875396e-03   9.8057466072725896e-01  -1.5508178658346799e-11  -1.3750990370664501e-01   1.3750990369990199e-01   7.2917281367505405e-11
   8.0000000000000002e-02   2.5302405646137501e-02   1.2611973244600999e-02   1.2611973258988300e-02   9.7469759206134499e-01  -1.5832290847569001e-11  -1.5628990677167701e-01   1.5628990676475801e-01   7.2726098156474900e-11
   8.9999999999999997e-02   3.1923980111777897e-02   1.5899358317748500e-02   1.5899358328568699e-02   9.6807601751701400e-01  -1.6084149518959799e-11  -1.7472856903849601e-01   1.7472856903145600e-01   7.2895771208328794e-11
   1.0000000000000001e-01   3.9275606703925603e-02   1.9542689702836600e-02   1.9542689710078699e-02   9.6072437089934004e-01  -1.6264512583572201e-11  -1.9278592817857201e-01   1.9278592817146600e-01   7.2977936363220798e-11
   1.1000000000000000e-01   4.7341249484113897e-02   2.3531923730938500e-02   2.3531923734578599e-02   9.5265872770919402e-01  -1.6373361960842601e-11  -2.1042295658187599e-01   2.1042295657475801e-01   7.3078514803339603e-11
   1.2000000000000000e-01   5.6103331702852699e-02   2.7856075479044898e-02   2.7856075479077001e-02   9.4389654058538397e-01  -1.6410113943448701e-11  -2.2760165975445301e-01   2.2760165974737800e-01   7.3105823650094096e-11
   1.3000000000000000e-01   6.5542778754989400e-02   3.2503252226439502e-02   3.2503252222864397e-02   9.3445449283426496e-01  -1.6374702370495399e-11  -2.4428518265381299e-01   2.4428518264683599e-01   7.3059333454185100e-11
   1.4000000000000001e-01   7.5639065341801301e-02   3.7460689883035303e-02   3.7460689875874802e-02   9.2435820552763703e-01  -1.6267507115821999e-11  -2.6043776413243802e-01   2.6043776412561398e-01   7.2968452588719402e-11
   1.4999999999999999e-01   8.6370262792747093e-02   4.2714790298039700e-02   4.2714790287309498e-02   9.1362681613387198e-01  -1.6088799861529999e-11  -2.7602511164595500e-01   2.7602511163933702e-01   7.2807074896488599e-11
   1.6000000000000000e-01   9.7713096916830000e-02   4.8251164581056397e-02   4.8251164566778700e-02   9.0227902806718896e-01  -1.5838921286965700e-11  -2.9101425272068798e-01   2.9101425271433001e-01   7.2574178737643296e-11
   1.7000000000000001e-01   1.0964300062792900e-01   5.4054674481255498e-02   5.4054674463457297e-02   8.9030083804155202e-01  -1.5517962192316301e-11  -3.0537372216960601e-01   3.0537372216356101e-01   7.2266721393190301e-11
   1.7999999999999999e-01   1.2213416708121699e-01   6.0109474634931402e-02   6.0109474613640398e-02   8.7780967144621103e-01  -1.5127078512099501e-11  -3.1907221893469501e-01   3.1907221892901599e-01   7.1985611531055906e-11
   1.9000000000000000e-01   1.3515960142808200e-01   6.6399054643575900e-02   6.6399054618828196e-02   8.6478419917252403e-01  -1.4666769983782199e-11  -3.3208251735793598e-01   3.3208251735267502e-01   7.1670695122289002e-11
   2.0000000000000001e-01   1.4869123500370199e-01   7.2906312843205895e-02   7.2906312815042201e-02   8.5125158471855800e-01  -1.4137826723999901e-11  -3.4437785940745902e-01   3.4437785940266702e-01   7.1327267928361196e-11
   2.0999999999999999e-01   1.6269996268064801e-01   7.9613592024452007e-02   7.9613591992916996e-02   8.3723326798867204e-01  -1.3541056395127800e-11  -3.5593316063882602e-01   3.5593316063455399e-01   7.0960929787177802e-11
   2.2000000000000000e-01   1.7715570818187101e-01   8.6502729437059500e-02   8.6502729402231401e-02   8.2277752239254298e-01  -1.2877555979392100e-11  -3.6672506488663298e-01   3.6672506488293100e-01   7.0290232736862702e-11
   2.3000000000000001e-01   1.9202750474346100e-01   9.3555114690443406e-02   9.3555114652392898e-02   8.0790570037962495e-01  -1.2148915138859700e-11  -3.7673229563705601e-01   3.7673229563397198e-01   6.9549797539006695e-11
   2.3999999999999999e-01   2.0728356801449599e-01   1.0075174391842801e-01   1.0075174387723200e-01   7.9264897571812098e-01  -1.1356604001855000e-11  -3.8593527215585099e-01   3.8593527215343099e-01   6.8739633692507506e-11
   2.5000000000000000e-01   2.2289136818257799e-01   1.0807327361672001e-01   1.0807327357246201e-01   7.7703467820833405e-01  -1.0502163409177400e-11  -3.9431613132029802e-01   3.9431613131858900e-01   6.7859577066548897e-11
   2.6000000000000001e-01   2.3881769597113500e-01   1.1550007139857900e-01   1.1550007135134900e-01   7.6107078853428400e-01  -9.5870003232991701e-12  -4.0185803957901300e-01   4.0185803957805799e-01   6.6908230022579101e-11
   2.7000000000000002e-01   2.5502870376004400e-01   1.2301225422379400e-01   1.2301225417369600e-01   7.4485978070210002e-01  -8.6144204787900299e-12  -4.0854943340796401e-01   4.0854943340780497e-01   6.5880064335445501e-11
   2.8000000000000003e-01   2.7149014330667598e-01   1.3058982474154401e-01   1.3058982468868199e-01   7.2839832943175797e-01  -7.5856362271069504e-12  -4.1437784364702301e-01   4.1437784364770103e-01   6.4779119405915502e-11
   2.8999999999999998e-01   2.8816729480822900e-01   1.3821265304554400e-01   1.3821265299002999e-01   7.1172086993639205e-01  -6.5028075642009201e-12  -4.1933356994833698e-01   4.1933356994989002e-01   6.3605291702535599e-11
   2.9999999999999999e-01   3.0502509058775301e-01   1.4586055540100401e-01   1.4586055534295400e-01   6.9486001362679695e-01  -5.3681906556254097e-12  -4.2340881122477603e-01   4.2340881122724100e-01   6.2358653986016799e-11
   3.1000000000000000e-01   3.2202818788092302e-01   1.5351334711639000e-01   1.5351334705592601e-01   6.7783901198939800e-01  -4.1840298528655001e-12  -4.2659716397711700e-01   4.2659716398052799e-01   6.1039011622469199e-11
   3.2000000000000001e-01   3.3914101285175702e-01   1.6115088054891799e-01   1.6115088048616899e-01   6.6065095886180403e-01  -2.9522603312877500e-12  -4.2889212537515198e-01   4.2889212537954102e-01   5.9644502784094598e-11
   3.3000000000000002e-01   3.5632781245275702e-01   1.6875308651568299e-01   1.6875308645073600e-01   6.4346415925065104e-01  -1.6747983178275201e-12  -4.3029935106625800e-01   4.3029935107165801e-01   5.8376430050959796e-11
   3.4000000000000002e-01   3.7355308843883300e-01   1.7630020610363700e-01   1.7630020603662100e-01   6.2623888053890997e-01  -3.5462316368828101e-13  -4.3081620707464202e-01   4.3081620708108198e-01   5.7065445157589297e-11
   3.4999999999999998e-01   3.9078127098851301e-01   1.8377264161753501e-01   1.8377264154857800e-01   6.0901062697034702e-01   1.0056969619986299e-12  -4.3044527709563701e-01   4.3044527710314301e-01   5.5713686070539703e-11
   3.5999999999999999e-01   4.0797693339381702e-01   1.9115107728899999e-01   1.9115107721823801e-01   5.9181426444004503e-01   2.4035242063579798e-12  -4.2919111827370399e-01   4.2919111828230000e-01   5.4323400357767801e-11
   3.7000000000000000e-01   4.2510486813112902e-01   1.9841652988056399e-01   1.9841652980813401e-01   5.7468226474774897e-01   3.8361813604966004e-12  -4.2706008880005097e-01   4.2706008880975999e-01   5.2896856626032402e-11
   3.8000000000000000e-01   4.4213015099879699e-01   2.0555039245891199e-01   2.0555039238495501e-01   5.5764002331792095e-01   5.3010267381413499e-12  -4.2405988921028398e-01   4.2405988922112597e-01   5.1436045260241202e-11
   3.9000000000000001e-01   4.5901825286976600e-01   2.1253450109149000e-01   2.1253450101615601e-01   5.4075192144246498e-01   6.7932832920838696e-12  -4.2020326298153199e-01   4.2020326299352201e-01   4.9945086001427901e-11
   4.0000000000000002e-01   4.7573514317057802e-01   2.1935119637278599e-01   2.1935119629622199e-01   5.2403502993700901e-01   8.3115713484280392e-12  -4.1550153423546998e-01   4.1550153424862202e-01   4.8432349237497202e-11
   4.0999999999999998e-01   4.9224729665424100e-01   2.2598333565854700e-01   2.2598333558090100e-01   5.0752284518212498e-01   9.8529537262600805e-12  -4.0996895995282101e-01   4.0996895996714700e-01   4.6901309375146603e-11
   4.1999999999999998e-01   5.0852179291016797e-01   2.3241435059179999e-01   2.3241435051322001e-01   4.9124804176162101e-01   1.1414458007000000e-11  -4.0362158156766897e-01   4.0362158158317901e-01   4.5355403976593602e-11
   4.2999999999999999e-01   5.2452638024433196e-01   2.3862828574678699e-01   2.3862828566742500e-01   4.7524167719994498e-01   1.2993094052213200e-11  -3.9647707475059801e-01   3.9647707476729799e-01   4.3797967175847899e-11
   4.4000000000000000e-01   5.4022952178515604e-01   2.4460982728247299e-01   2.4460982720248101e-01   4.5953114562949199e-01   1.4585892246181699e-11  -3.8855441254554601e-01   3.8855441256344098e-01   4.2232072399058798e-11
   4.5000000000000001e-01   5.5560040516789000e-01   2.5034431226354598e-01   2.5034431218307701e-01   4.4413572660222200e-01   1.6189981808270401e-11  -3.7987316144310401e-01   3.7987316146219602e-01   4.0660198572078302e-11
   4.6000000000000002e-01   5.7060949933992999e-01   2.5581801046720498e-01   2.5581801038641300e-01   4.2912663242756899e-01   1.7803828854641699e-11  -3.7046129978527098e-01   3.7046129980555997e-01   3.9052637535796000e-11
   4.6999999999999997e-01   5.8522785451540704e-01   2.6101777637818102e-01   2.6101777629722200e-01   4.1450827655053302e-01   1.9422737728712498e-11  -3.6034039001200902e-01   3.6034039003349100e-01   3.7437594527570401e-11
   4.7999999999999998e-01   5.9942761936389399e-01   2.6593130883726102e-01   2.6593130875629400e-01   4.0030849344169001e-01   2.1043569283021599e-11  -3.4953621336021901e-01   3.4953621338288798e-01   3.5817000533362200e-11
   4.8999999999999999e-01   6.1318199918147098e-01   2.7054712993409702e-01   2.7054712985328000e-01   3.8655393373984598e-01   2.2663175069055600e-11  -3.3807591607665999e-01   3.3807591610050702e-01   3.4192656095919297e-11
   5.0000000000000000e-01   6.2646529986801602e-01   2.7485460563592501e-01   2.7485460555541602e-01   3.7326958904815100e-01   2.4278409708310101e-11  -3.2598785154502602e-01   3.2598785157003901e-01   3.2566206123919202e-11
   5.1000000000000001e-01   6.3925294923083698e-01   2.7884395391417299e-01   2.7884395383413102e-01   3.6047758444793099e-01   2.5886156630679601e-11  -3.1330126804230202e-01   3.1330126806846698e-01   3.0939061458482503e-11
   5.2000000000000002e-01   6.5152147385602799e-01   2.8250622950854598e-01   2.8250622942912901e-01   3.4819455107465602e-01   2.7483379718694399e-11  -3.0004569306076001e-01   3.0004569308805901e-01   2.9312214286892401e-11
   5.3000000000000003e-01   6.6324926856418598e-01   2.8583370383645001e-01   2.8583370375777500e-01   3.3646675636546303e-01   2.9068037750965500e-11  -2.8625759317075200e-01   2.8625759319916699e-01   2.7776770509244199e-11
   5.4000000000000004e-01   6.7441538708357895e-01   2.8881925433861699e-01   2.8881925426083499e-01   3.2530063757486299e-01   3.0636512856276600e-11  -2.7196745720107501e-01   2.7196745723058302e-01   2.6257321542993701e-11
   5.5000000000000004e-01   6.8500042247979798e-01   2.9145679760554299e-01   2.9145679752880199e-01   3.1471559515168901e-01   3.2185810412685602e-11  -2.5720916385577097e-01   2.5720916388634801e-01   2.4755520728782301e-11
   5.6000000000000005e-01   6.9498633830019696e-01   2.9374119684820099e-01   2.9374119677264598e-01   3.0472961041164698e-01   3.3712966050267900e-11  -2.4201740743649200e-01   2.4201740746811201e-01   2.3272951290188900e-11
   5.6999999999999995e-01   7.0435649436989700e-01   2.9566826562734400e-01   2.9566826555312098e-01   2.9535905604711798e-01   3.5215054192272902e-11  -2.2642757258621601e-01   2.2642757261884799e-01   2.1811133932714501e-11
   5.7999999999999996e-01   7.1309565862526902e-01   2.9723476360168499e-01   2.9723476352893502e-01   2.8661823701398198e-01   3.6689201960624202e-11  -2.1047554041633701e-01   2.1047554044995001e-01   2.0371513281991100e-11
   5.8999999999999997e-01   7.2118999387557503e-01   2.9843837878618401e-01   2.9843837871504802e-01   2.7851841061660498e-01   3.8132613242730003e-11  -1.9419736125518500e-01   1.9419736128974399e-01   1.8955402929959600e-11
   5.9999999999999998e-01   7.2862700176936901e-01   2.9927768751486100e-01   2.9927768744547600e-01   2.7106591717921003e-01   3.9542609969516999e-11  -1.7762869627985700e-01   1.7762869631532399e-01   1.7563859571464399e-11
   6.0999999999999999e-01   7.3539660195155598e-01   2.9975268098430702e-01   2.9975268091684398e-01   2.6429631699667799e-01   4.0909646429463398e-11  -1.6081269295937900e-01   1.6081269299570899e-01   1.6178249451070800e-11
   6.2000000000000000e-01   7.4148918022090504e-01   2.9986377577065798e-01   2.9986377570524603e-01   2.5820373863452001e-01   4.2236848729124397e-11  -1.4378392272678300e-01   1.4378392276393501e-01   1.4830308586684698e-11
   6.3000000000000000e-01   7.4689698562263696e-01   2.9961249763715903e-01   2.9961249757392400e-01   2.5279593084355900e-01   4.3521679523269501e-11  -1.2658040246829899e-01   1.2658040250622701e-01   1.3522589671384400e-11
   6.4000000000000001e-01   7.5161378977279403e-01   2.9900129606074399e-01   2.9900129599980502e-01   2.4807910341500400e-01   4.4761692340184202e-11  -1.0924026026551600e-01   1.0924026030417500e-01   1.2257571251747001e-11
   6.5000000000000002e-01   7.5563488713645299e-01   2.9803352848837500e-01   2.9803352842984798e-01   2.4405787240553500e-01   4.5954538059688600e-11  -9.1801632109978007e-02   9.1801632149318593e-02   1.1037648390918001e-11
   6.6000000000000003e-01   7.5895708706219500e-01   2.9671343988017101e-01   2.9671343982416598e-01   2.4073512081140400e-01   4.7097972964203401e-11  -7.4302533589789402e-02   7.4302533629761802e-02   9.8651164345145301e-12
   6.7000000000000004e-01   7.6157869282483204e-01   2.9504613523121598e-01   2.9504613517783901e-01   2.3811169598729301e-01   4.8189869917069398e-11  -5.6780682713092202e-02   5.6780682753644701e-02   8.7421415756823205e-12
   6.8000000000000005e-01   7.6349946027002402e-01   2.9303754143987398e-01   2.9303754138922400e-01   2.3618583031050000e-01   4.9228234914657498e-11  -3.9273238547208600e-02   3.9273238588287900e-02   7.6707090821525104e-12
   6.8999999999999995e-01   7.6472108335254596e-01   2.9069463199803902e-01   2.9069463195018402e-01   2.3496420722783201e-01   5.0213525465091702e-11  -2.1819801075041501e-02   2.1819801116595400e-02   6.6894987236296903e-12
   6.9999999999999996e-01   7.6524624106008099e-01   2.8802493260912299e-01   2.8802493256414902e-01   2.3443904948349001e-01   5.1142062463889297e-11  -4.4561004930823503e-03   4.4561005350550499e-03   5.7656215099660003e-12
   7.0999999999999996e-01   7.6507925514061703e-01   2.8503683124377899e-01   2.8503683120176398e-01   2.3460603446075901e-01   5.2012200427525902e-11   1.2781333460404500e-02  -1.2781333418069600e-02   4.9007433044106303e-12
   7.1999999999999997e-01   7.6422589726559198e-01   2.8173946313101100e-01   2.8173946309202902e-01   2.3545938320594600e-01   5.2822418085349903e-11   2.9856529388860700e-02  -2.9856529346221499e-02   4.0964027328776701e-12
   7.2999999999999998e-01   7.6269336384719100e-01   2.7814267934025200e-01   2.7814267930436898e-01   2.3699186449203799e-01   5.3571321908142003e-11   4.6734157027093798e-02  -4.6734156984208797e-02   3.3540058741343101e-12
   7.3999999999999999e-01   7.6049024535678800e-01   2.7425701254870000e-01   2.7425701251597501e-01   2.3919476893964101e-01   5.4257650033315800e-11   6.3379619135066401e-02  -6.3379619091994993e-02   2.6748184752795600e-12
   7.5000000000000000e-01   7.5762648780738495e-01   2.7009363889581101e-01   2.7009363886629800e-01   2.4205782442135801e-01   5.4880277170092400e-11   7.9759162657237301e-02  -7.9759162614039605e-02   2.0599533397499800e-12
   7.6000000000000001e-01   7.5411334280262199e-01   2.6566433419858998e-01   2.6566433417233398e-01   2.4556901192177399e-01   5.5438221314649797e-11   9.5840023972476901e-02  -9.5840023929213397e-02   1.5103495316560100e-12
   7.7000000000000002e-01   7.4996360349853597e-01   2.6098157296846197e-01   2.6098157294550600e-01   2.4971875122579801e-01   5.5929290366189501e-11   1.1158911893170900e-01  -1.1158911888844200e-01   1.0229933782042501e-12
   7.8000000000000003e-01   7.4519104457294505e-01   2.5605823039596898e-01   2.5605823037634401e-01   2.5449131013377002e-01   5.6353986516119697e-11   1.2697590206079801e-01  -1.2697590201758799e-01   6.0251365596252103e-13
   7.9000000000000004e-01   7.3981076379042998e-01   2.5090773449344100e-01   2.5090773447717302e-01   2.5987159046683700e-01   5.6711732060533900e-11   1.4197028439567200e-01  -1.4197028435258000e-01   2.4949602905044100e-13
   8.0000000000000004e-01   7.3383904052705295e-01   2.4554397754557400e-01   2.4554397753268201e-01   2.6584330939258699e-01   5.7002091237414202e-11   1.5654327034752799e-01  -1.5654327030461501e-01  -3.5616182668357603e-14
   8.1000000000000005e-01   7.2729329000333198e-01   2.3998127568373800e-01   2.3998127567423200e-01   2.7238903524795899e-01   5.7224771170419102e-11   1.7066701523210001e-01  -1.7066701518942701e-01  -2.5252339308234101e-13
   8.1999999999999995e-01   7.2019201370368602e-01   2.3423432699599300e-01   2.3423432698987701e-01   2.7949021067006102e-01   5.7379622795893703e-11   1.8431488573314100e-01  -1.8431488569076801e-01  -4.0107209182080501e-13
   8.2999999999999996e-01   7.1255474449988199e-01   2.2831816749117800e-01   2.2831816748844999e-01   2.8712715029583002e-01   5.7466642032173600e-11   1.9746152866959199e-01  -1.9746152862757799e-01  -4.8125921326091898e-13
   8.3999999999999997e-01   7.0440198421437705e-01   2.2224812384462600e-01   2.2224812384527401e-01   2.9527899521360701e-01   5.7485971553739802e-11   2.1008295578537800e-01  -2.1008295574378300e-01  -4.9324004393968402e-13
   8.4999999999999998e-01   6.9575513040034997e-01   2.1603976137447400e-01   2.1603976137848199e-01   3.0392360059751999e-01   5.7437903648240697e-11   2.2215665501453999e-01  -2.2215665497342099e-01  -4.3734167701630100e-13
   8.5999999999999999e-01   6.8663686608115704e-01   2.0970906341392001e-01   2.0970906342127699e-01   3.1304186491667801e-01   5.7322801643541298e-11   2.3365990523429400e-01  -2.3365990519370999e-01  -3.2920484824934602e-13
   8.7000000000000000e-01   6.7707020115238103e-01   2.0327193921027800e-01   2.0327193922095599e-01   3.2260852983562299e-01   5.7140890328557702e-11   2.4457346529432300e-01  -2.4457346525432899e-01  -1.5494433773010101e-13
   8.8000000000000000e-01   6.6707910001884296e-01   1.9674452338084800e-01   1.9674452339480999e-01   3.3259963071906301e-01   5.6892835919972201e-11   2.5487873400782002e-01  -2.5487873396847099e-01   8.4794271479459995e-14
   8.9000000000000001e-01   6.5668824185277297e-01   1.9014304370856999e-01   1.9014304372577201e-01   3.4299048647809199e-01   5.6579442160041200e-11   2.6455856591992100e-01  -2.6455856588127102e-01   3.8923349874838698e-13
   9.0000000000000002e-01   6.4592296104038804e-01   1.8348377958081100e-01   1.8348377960120299e-01   3.5375575363910600e-01   5.6201648402533097e-11   2.7359729648990500e-01  -2.7359729645200598e-01   7.5746531621303396e-13
   9.1000000000000003e-01   6.3480918527522201e-01   1.7678302010302099e-01   1.7678302012654701e-01   3.6486947373074002e-01   5.5760527534551303e-11   2.8198076769877600e-01  -2.8198076766167701e-01   1.1884520838633800e-12
   9.2000000000000004e-01   6.2337337007096805e-01   1.7005702130768499e-01   1.7005702133428199e-01   3.7630510753038598e-01   5.5257283863151299e-11   2.8969635753293099e-01  -2.8969635749668199e-01   1.6810265060403400e-12
   9.3000000000000005e-01   6.1164242784109502e-01   1.6332196156540199e-01   1.6332196159500001e-01   3.8803554725391198e-01   5.4693251142042301e-11   2.9673301822159298e-01  -2.9673301818623998e-01   2.2338898246658099e-12
   9.3999999999999995e-01   5.9964364894432098e-01   1.5659389393100501e-01   1.5659389396352899e-01   4.0003309502452900e-01   5.4069890963823400e-11   3.0308132973813601e-01  -3.0308132970372298e-01   2.8456072158358401e-12
   9.4999999999999996e-01   5.8740504039265895e-01   1.4988890765346699e-01   1.4988890768882801e-01   4.1227170357616499e-01   5.3390592390124803e-11   3.0873238472071401e-01  -3.0873238468728298e-01   3.5217397363649900e-12
   9.5999999999999996e-01   5.7495443561888404e-01   1.4322267771426800e-01   1.4322267775237801e-01   4.2472230834417901e-01   5.2655430356708502e-11   3.1368018209156900e-01  -3.1368018205915799e-01   4.2534242211855203e-12
   9.6999999999999997e-01   5.6232006968951098e-01   1.3661074647964899e-01   1.3661074652041599e-01   4.3735667412743701e-01   5.1866203221476798e-11   3.1791973842396898e-01  -3.1791973839261700e-01   5.0388345253774896e-12
   9.7999999999999998e-01   5.4953034609599205e-01   1.3006840290870500e-01   1.3006840295203101e-01   4.5014639631775799e-01   5.1024815155177102e-11   3.2144760429724401e-01  -3.2144760426698499e-01   5.8760347109842697e-12
   9.8999999999999999e-01   5.3661377483521300e-01   1.2361064825572100e-01   1.2361064830150301e-01   4.6306295963737998e-01   5.0133271503687601e-11   3.2426185759122900e-01  -3.2426185756209602e-01   6.7629832252989896e-12
   1.0000000000000000e+00   5.2359890964904998e-01   1.1725216235440200e-01   1.1725216240253300e-01   4.7607779250583498e-01   4.9193673999651203e-11   3.2636209617679401e-01  -3.2636209614881700e-01   7.6975369512314100e-12
   1.0100000000000000e+00   5.1051428345481997e-01   1.1100727000251399e-01   1.1100727005288100e-01   4.8916231361529300e-01   4.8208215893634698e-11   3.2774943227872899e-01  -3.2774943225193498e-01   8.6774548131804303e-12
   1.0200000000000000e+00   4.9738834051709802e-01   1.0488990672352499e-01   1.0488990677601299e-01   5.0228796605055204e-01   4.7179177094703199e-11   3.2842649167036098e-01  -3.2842649164477500e-01   9.7004005038621802e-12
   1.0300000000000000e+00   4.8424936334576502e-01   9.8913582898771196e-02   9.8913582953259499e-02   5.1542623291560197e-01   4.6108919430702999e-11   3.2839742185600701e-01  -3.2839742183164899e-01   1.0763943766583700e-11
   1.0400000000000000e+00   4.7112574656790601e-01   9.3091522098981500e-02   9.3091522155327899e-02   5.2854984969344998e-01   4.5004268957550398e-11   3.2766713569953398e-01  -3.2766713567641798e-01   1.1876534791057699e-11
   1.0500000000000000e+00   4.5804524633656202e-01   8.7436288599270898e-02   8.7436288657346498e-02   5.4163034992182202e-01   4.3864013712501301e-11   3.2624285713045797e-01  -3.2624285710860101e-01   1.3025464929730400e-11
   1.0600000000000001e+00   4.4503546165652302e-01   8.1960031585152707e-02   8.1960031644825598e-02   5.5464013452666805e-01   4.2690768921185399e-11   3.2413284762745798e-01  -3.2413284760687100e-01   1.4208132873029199e-11
   1.0700000000000001e+00   4.3212363380624502e-01   7.6674389316197897e-02   7.6674389377333105e-02   5.6755196165719601e-01   4.1487208669035203e-11   3.2134671972436102e-01  -3.2134671970505202e-01   1.5421876216010899e-11
   1.0800000000000001e+00   4.1933659250640598e-01   7.1590467607612507e-02   7.1590467670072697e-02   5.8033899889713503e-01   4.0256059778287102e-11   3.1789540393686100e-01  -3.1789540391883703e-01   1.6663977420200700e-11
   1.0900000000000001e+00   4.0670070271012598e-01   6.6718819511789901e-02   6.6718819575435406e-02   5.9297487222524203e-01   3.9000095619532001e-11   3.1379111475607402e-01  -3.1379111473933802e-01   1.7931669703874301e-11
   1.1000000000000001e+00   3.9424181142822301e-01   6.2069425881167303e-02   6.2069425945856800e-02   6.0543371013311997e-01   3.7722129894961002e-11   3.0904731700037003e-01  -3.0904731698492099e-01   1.9222142699782101e-11
   1.1100000000000001e+00   3.8198519371520900e-01   5.7651676348586402e-02   5.7651676414176997e-02   6.1769018077068405e-01   3.6425010436817201e-11   3.0367869426811500e-01  -3.0367869425395000e-01   2.0532547665854801e-11
   1.1200000000000001e+00   3.6995549661024901e-01   5.3474350095031702e-02   5.3474350161378900e-02   6.2971951940567705e-01   3.5111613070600101e-11   2.9770112173358798e-01  -2.9770112172070101e-01   2.1860001976208099e-11
   1.1299999999999999e+00   3.5817690533224800e-01   4.9545708586159400e-02   4.9545708653132299e-02   6.4149811068367402e-01   3.3777593440440898e-11   2.9113121998687802e-01  -2.9113121997526697e-01   2.3194277275833498e-11
   1.1399999999999999e+00   3.4667265472926301e-01   4.5873261185054498e-02   4.5873261252507701e-02   6.5300236128529299e-01   3.2432546190442401e-11   2.8398717339916502e-01  -2.8398717338881702e-01   2.4539729467890201e-11
   1.1499999999999999e+00   3.3546533362940101e-01   4.2463928745915001e-02   4.2463928813702798e-02   6.6420968235068301e-01   3.1079383932263198e-11   2.7628799566108703e-01  -2.7628799565198697e-01   2.5893452549741798e-11
   1.1599999999999999e+00   3.2457675066092101e-01   3.9323988017788497e-02   3.9323988085765399e-02   6.7509826499060199e-01   2.9721022533839300e-11   2.6805367108893802e-01  -2.6805367108106898e-01   2.7252537250902201e-11
   1.1699999999999999e+00   3.1402789619865501e-01   3.6459064875641198e-02   3.6459064943661697e-02   6.8564711760761199e-01   2.8360374789372700e-11   2.5930510421128300e-01  -2.5930510420462499e-01   2.8614077383006402e-11
   1.1799999999999999e+00   3.0383890596577301e-01   3.3874128954429802e-02   3.3874129022349202e-02   6.9583610038820098e-01   2.7000344143877701e-11   2.5006406876705500e-01  -2.5006406876158299e-01   2.9975176074840300e-11
   1.1899999999999999e+00   2.9402902599786301e-01   3.1573489496574403e-02   3.1573489564248901e-02   7.0564595630784299e-01   2.5643818494233299e-11   2.4035315678641800e-01  -2.4035315678210600e-01   3.1332951815861900e-11
   1.2000000000000000e+00   2.8461657853641098e-01   2.9560792152466500e-02   2.9560792219753600e-02   7.1505833778906003e-01   2.4293664090078501e-11   2.3019572862128801e-01  -2.3019572861810700e-01   3.2684544210698098e-11
   1.2100000000000000e+00   2.7561892826147100e-01   2.7839016394608399e-02   2.7839016461367199e-02   7.2405582793903100e-01   2.2952719558907301e-11   2.1961586500348701e-01  -2.1961586500140601e-01   3.4027119324896300e-11
   1.2200000000000000e+00   2.6705244809906398e-01   2.6410473118882800e-02   2.6410473184974099e-02   7.3262195507088401e-01   2.1623790080268100e-11   2.0863832243319300e-01  -2.0863832243217700e-01   3.5357874478986503e-11
   1.2300000000000000e+00   2.5893272111732901e-01   2.5276921313949600e-02   2.5276921379237101e-02   7.4074168205262703e-01   2.0310175623046002e-11   1.9728808050481300e-01  -1.9728808050482599e-01   3.6673574570529800e-11
   1.2400000000000000e+00   2.5127402413788102e-01   2.4439323504776400e-02   2.4439323569125700e-02   7.4840037903162504e-01   1.9013967627754301e-11   1.8559116856427199e-01  -1.8559116856527400e-01   3.7971972918461299e-11
   1.2500000000000000e+00   2.4408969933563701e-01   2.3898048694687798e-02   2.3898048757967000e-02   7.5558470382240395e-01   1.7737826529618698e-11   1.7357389261456399e-01  -1.7357389261651299e-01   3.9250405590047003e-11
   1.2600000000000000e+00   2.3739202802247300e-01   2.3652824630838801e-02   2.3652824692919201e-02   7.6228237502685703e-01   1.6484355843819701e-11   1.6126297907296999e-01  -1.6126297907582399e-01   4.0506265029363897e-11
   1.2700000000000000e+00   2.3119221491498401e-01   2.3702745932600300e-02   2.3702745993356401e-02   7.6848218752734299e-01   1.5256096843352600e-11   1.4868551705754901e-01  -1.4868551706126101e-01   4.1737005395429697e-11
   1.2800000000000000e+00   2.2550037459717501e-01   2.4046283433625401e-02   2.4046283492935201e-02   7.7417402540806801e-01   1.4055523415297400e-11   1.3586890087269199e-01  -1.3586890087721501e-01   4.2940147706258397e-11
   1.2900000000000000e+00   2.2032552007747400e-01   2.4681294639099498e-02   2.4681294696844699e-02   7.7934887210950299e-01   1.2885037109816100e-11   1.2284077299572600e-01  -1.2284077300101100e-01   4.4113284757559198e-11
   1.3000000000000000e+00   2.1567555329732699e-01   2.5605035178539699e-02   2.5605035234606000e-02   7.8399881756435197e-01   1.1746962396487800e-11   1.0962896792677700e-01  -1.0962896793277301e-01   4.5254085778845501e-11
   1.3100000000000001e+00   2.1155725740267800e-01   2.6814171111596601e-02   2.6814171165873899e-02   7.8811706200648801e-01   1.0643542142739300e-11   9.6261457327036407e-02  -9.6261457333690501e-02   4.6360300783650699e-11
   1.3200000000000001e+00   2.0797629053999001e-01   2.8304791919750698e-02   2.8304791972133300e-02   7.9169791608717799e-01   9.5769333291087293e-12   8.2766296935245398e-02  -8.2766296942503398e-02   4.7429764564440602e-11
   1.3300000000000001e+00   2.0493725060590401e-01   3.0072460141324600e-02   3.0072460191717099e-02   7.9473695602126404e-01   8.5487129079375402e-12   6.9171430694473707e-02  -6.9171430702281100e-02   4.8457658665187201e-11
   1.3400000000000001e+00   2.0244353094915801e-01   3.2112152320884303e-02   3.2112152369190600e-02   7.9723067567806705e-01   7.5613103888919996e-12   5.5504946494871900e-02  -5.5504946503171997e-02   4.9444793902907699e-11
   1.3500000000000001e+00   2.0049743740765899e-01   3.4418335429596103e-02   3.4418335475725197e-02   7.9917676922095404e-01   6.6165992032885101e-12   4.1794768512475301e-02  -4.1794768521210397e-02   5.0389299182150899e-11
   1.3600000000000001e+00   1.9910016163222799e-01   3.6984968343406699e-02   3.6984968387272603e-02   8.0057404500941298e-01   5.7163514919838497e-12   2.8068673963904198e-02  -2.8068673973015899e-02   5.1289404567976100e-11
   1.3700000000000001e+00   1.9825178810069100e-01   3.9805520511924902e-02   3.9805520553447001e-02   8.0142241861306496e-01   4.8622349087521702e-12   1.4354239661304800e-02  -1.4354239670733600e-02   5.2143444475642803e-11
   1.3799999999999999e+00   1.9795130334809199e-01   4.2872991418683302e-02   4.2872991457786599e-02   8.0172290365272902e-01   4.0558096849716498e-12   6.7878955818313801e-04  -6.7878956786898898e-04   5.2949860602337301e-11
   1.3899999999999999e+00   1.9819660744472101e-01   4.6179930808167603e-02   4.6179930844782197e-02   8.0147760046918504e-01   3.2985259660629801e-12  -1.2930656616855499e-02   1.2930656606973000e-02   5.3707204592390801e-11
   1.3999999999999999e+00   1.9898452777116299e-01   4.9718459663901399e-02   4.9718459697963402e-02   8.0068968261222895e-01   2.5917214311830400e-12  -2.6447433539455601e-02   2.6447433529437500e-02   5.4414140426915399e-11
   1.4099999999999999e+00   2.0031083515677300e-01   5.3480291930562501e-02   5.3480291962013898e-02   7.9936338113476801e-01   1.9366192087467098e-12  -3.9845279180161598e-02   3.9845279170068901e-02   5.5069446528242102e-11
   1.4199999999999999e+00   2.0217026246455400e-01   5.7456756981426403e-02   5.7456757010214798e-02   7.9750396666928203e-01   1.3343261014070300e-12  -5.3098382301063403e-02   5.3098382290957397e-02   5.5672017568998901e-11
   1.4299999999999999e+00   2.0455652572106200e-01   6.1638822840249401e-02   6.1638822866328401e-02   7.9511772925714597e-01   7.8583113514475401e-13  -6.6181428448947699e-02   6.6181428438889398e-02   5.6220865975143103e-11
   1.4399999999999999e+00   2.0746223749463399e-01   6.6017069753115998e-02   6.6017069776445197e-02   7.9221201748357195e-01   2.9335652729782801e-13  -7.9069656024853302e-02   7.9069656014904899e-02   5.6714808958661301e-11
   1.4500000000000000e+00   2.1087917784728499e-01   7.0581827335841493e-02   7.0581827356386601e-02   7.8879507713039598e-01  -1.4372039598041401e-13  -9.1738877919278899e-02   9.1738877909500902e-02   5.7153389229081398e-11
   1.4600000000000000e+00   2.1479811327098200e-01   7.5323103127732605e-02   7.5323103145465406e-02   7.8487614169347897e-01  -5.2478611749790302e-13  -1.0416553864437000e-01   1.0416553863482200e-01   5.7535979858027801e-11
   1.4700000000000000e+00   2.1920888120259099e-01   8.0230633298694301e-02   8.0230633313592897e-02   7.8046537363569901e-01  -8.4935037574986601e-13  -1.1632675095211700e-01   1.1632675094285901e-01   5.7862075575284099e-11
   1.4800000000000000e+00   2.2410041730708100e-01   8.5293906292629507e-02   8.5293906304677897e-02   7.7557383682147396e-01  -1.1170464996938799e-12  -1.2820033428752500e-01   1.2820033427861599e-01   5.8131293005002097e-11
   1.4900000000000000e+00   2.2946078390329200e-01   9.0502186427755593e-02   9.0502186436943993e-02   7.7021346735378005e-01  -1.3276314900560100e-12  -1.3976485128895300e-01   1.3976485128044999e-01   5.8343370618339799e-11
   1.5000000000000000e+00   2.3527719915657300e-01   9.5844537253456999e-02   9.5844537259781704e-02   7.6439704281605403e-01  -1.4809858608547301e-12  -1.5099964210302300e-01   1.5099964209498301e-01   5.8498168394374106e-11
   1.5100000000000000e+00   2.4153606654252099e-01   1.0130984440738300e-01   1.0130984441084601e-01   7.5813814990184503e-01  -1.5771132600970700e-12  -1.6188485622031701e-01   1.6188485621279700e-01   5.8595667178388604e-11
   1.5200000000000000e+00   2.4822300395110500e-01   1.0688683765380200e-01   1.0688683765441200e-01   7.5145115039483001e-01  -1.6161398946289199e-12  -1.7240148147227299e-01   1.7240148146532600e-01   5.8635967723756601e-11
   1.5300000000000000e+00   2.5532287165037798e-01   1.1256411171468600e-01   1.1256411171245800e-01   7.4435114544078196e-01  -1.5983137909497899e-12  -1.8253136975954901e-01   1.8253136975322901e-01   5.8619289400655305e-11
   1.5400000000000000e+00   2.6281979816368600e-01   1.1833014542854201e-01   1.1833014542349500e-01   7.3685393803164001e-01  -1.5240039314679401e-12  -1.9225725900820101e-01   1.9225725900255899e-01   5.8545968551801103e-11
   1.5500000000000000e+00   2.7069720293337302e-01   1.2417331868869100e-01   1.2417331868085200e-01   7.2897599359992504e-01  -1.3936993142109801e-12  -2.0156279077269801e-01   2.0156279076778300e-01   5.8416456472306300e-11
   1.5600000000000001e+00   2.7893859613868599e-01   1.3008231227902300e-01   1.3008231226842201e-01   7.2073460039461401e-01  -1.2083296459464999e-12  -2.1043304525909201e-01   2.1043304525495299e-01   5.8232410632029795e-11
   1.5700000000000001e+00   2.8752584672146497e-01   1.3604525452281899e-01   1.3604525450949201e-01   7.1214734981156202e-01  -9.6797147987591892e-13  -2.1885334540785800e-01   2.1885334540454099e-01   5.7993495580795800e-11
   1.5800000000000001e+00   2.9644068544410301e-01   1.4205047078532301e-01   1.4205047076931401e-01   7.0323251108203000e-01  -6.7340629253851901e-13  -2.2681030521225901e-01   2.2681030520980899e-01   5.7700504216557699e-11
   1.5900000000000001e+00   3.0566432772667201e-01   1.4808629864258299e-01   1.4808629862393899e-01   6.9400886873394896e-01  -3.2552235919459502e-13  -2.3429154854583500e-01   2.3429154854429601e-01   5.7354337159858202e-11
   1.6000000000000001e+00   3.1517751422436602e-01   1.5414111015538301e-01   1.5414111013415599e-01   6.8449568186947896e-01   7.4687991725664902e-14  -2.4128572488205899e-01   2.4128572488146999e-01   5.6956000052168498e-11
   1.6100000000000001e+00   3.2496055177057398e-01   1.6020333365733799e-01   1.6020333363358699e-01   6.7471264284644705e-01   5.2613132160005298e-13  -2.4778252290290301e-01   2.4778252290330399e-01   5.6506600645911997e-11
   1.6200000000000001e+00   3.3499335442313299e-01   1.6626147493985699e-01   1.6626147491364399e-01   6.6467983544187403e-01   1.0276162048267300e-12  -2.5377268193135899e-01   2.5377268193278602e-01   5.6007345693019802e-11
   1.6299999999999999e+00   3.4525548428634500e-01   1.7230413768871600e-01   1.7230413766010899e-01   6.5441769257606397e-01   1.5778565112571499e-12  -2.5924800110809798e-01   2.5924800111058499e-01   5.5459537639020500e-11
   1.6399999999999999e+00   3.5572619171088399e-01   1.7832004299657700e-01   1.7832004296564699e-01   6.4394695367637000e-01   2.1754748226373199e-12  -2.6420134621779001e-01   2.6420134622136998e-01   5.4864571129894499e-11
   1.6499999999999999e+00   3.6638445439787098e-01   1.8429804774321501e-01   1.8429804771003899e-01   6.3328862176080603e-01   2.8190059532734399e-12  -2.6862665405635000e-01   2.6862665406105202e-01   5.4223929339247799e-11
   1.6599999999999999e+00   3.7720915104861602e-01   1.9022722585352600e-01   1.9022722581818499e-01   6.2246392511006099e-01   3.5049102959924101e-12  -2.7251898665270802e-01   2.7251898665855701e-01   5.3538968371432900e-11
   1.6699999999999999e+00   3.8817881414497002e-01   1.9609674978326100e-01   1.9609674974583899e-01   6.1149426201356805e-01   4.2333328433536596e-12  -2.7587441632782400e-01   2.7587441633484500e-01   5.2811554729713199e-11
   1.6799999999999999e+00   3.9927190755450598e-01   2.0189602037199800e-01   2.0189602033258300e-01   6.0040116860055304e-01   5.0025518946557600e-12  -2.7869012214527200e-01   2.7869012215348599e-01   5.2043414039863703e-11
   1.6899999999999999e+00   4.1046680382217199e-01   2.0761465336125401e-01   2.0761465331993900e-01   5.8920627230002598e-01   5.8107733658996402e-12  -2.8096435960869298e-01   2.8096435961812000e-01   5.1236344428797400e-11
   1.7000000000000000e+00   4.2174182706829000e-01   2.1324249661358899e-01   2.1324249657046801e-01   5.7793124887112202e-01   6.6561351401699298e-12  -2.8269645630974599e-01   2.8269645632040302e-01   5.0392212171815201e-11
   1.7100000000000000e+00   4.3307529555002700e-01   2.1876964664115600e-01   2.1876964659632600e-01   5.6659777965822800e-01   7.5367115218675104e-12  -2.8388680562173901e-01   2.8388680563363999e-01   4.9512947229896098e-11
   1.7200000000000000e+00   4.4444556371346300e-01   2.2418646438444001e-01   2.2418646433800299e-01   5.5522750915776198e-01   8.4505177781835901e-12  -2.8453685845059701e-01   2.8453685846375398e-01   4.8600538688739199e-11
   1.7300000000000000e+00   4.5583106353370600e-01   2.2948359017013201e-01   2.2948359012219099e-01   5.4384200298583396e-01   9.3955147490915393e-12  -2.8464911305506402e-01   2.8464911306948498e-01   4.7657030111824199e-11
   1.7400000000000000e+00   4.6721034491007501e-01   2.3465195776497400e-01   2.3465195771563499e-01   5.3246270633840898e-01   1.0369613504932000e-11  -2.8422710294908998e-01   2.8422710296478099e-01   4.6684514820357098e-11
   1.7500000000000000e+00   4.7856215179412298e-01   2.3968282405609201e-01   2.3968282400546201e-01   5.2111089945436095e-01   1.1369203645860001e-11  -2.8327538984234102e-01   2.8327538985930500e-01   4.5684611218524099e-11
   1.7600000000000000e+00   4.8986538707186500e-01   2.4456774803119899e-01   2.4456774797938799e-01   5.0980766417652701e-01   1.2393577591974000e-11  -2.8179953275301500e-01   2.8179953277125402e-01   4.4659970440066199e-11
   1.7700000000000000e+00   5.0109921275391700e-01   2.4929863064754501e-01   2.4929863059466401e-01   4.9857383849222198e-01   1.3440528975599499e-11  -2.7980608364195703e-01   2.7980608366146797e-01   4.3612802751678701e-11
   1.7800000000000000e+00   5.1224307238151301e-01   2.5386771897180899e-01   2.5386771891797000e-01   4.8742997884342798e-01   1.4507821071563800e-11  -2.7730256469649200e-01   2.7730256471727199e-01   4.2545348634657001e-11
   1.7900000000000000e+00   5.2327672937144398e-01   2.5826761721078501e-01   2.5826761715610302e-01   4.7639632173599300e-01   1.5593191726259099e-11  -2.7429744770987402e-01   2.7429744773191500e-01   4.1459873831544600e-11
   1.8000000000000000e+00   5.3418030441552999e-01   2.6249129696916901e-01   2.6249129691375900e-01   4.6549274622353698e-01   1.6694358294081201e-11  -2.7080013184691598e-01   2.7080013187021001e-01   4.0358664382184399e-11
   1.8100000000000001e+00   5.4493431180454899e-01   2.6653210670221500e-01   2.6653210664619198e-01   4.5473873734275899e-01   1.7809022565666902e-11  -2.6682091984699902e-01   2.6682091987153200e-01   3.9244021661845897e-11
   1.8200000000000001e+00   5.5551969452880801e-01   2.7038378032434401e-01   2.7038378026782400e-01   4.4415335057865202e-01   1.8934875670918501e-11  -2.6237099272041098e-01   2.6237099274617098e-01   3.8118257434614997e-11
   1.8300000000000001e+00   5.6591785798999805e-01   2.7404044492822799e-01   2.7404044487132700e-01   4.3375517743968600e-01   2.0069602938372500e-11  -2.5746238299941299e-01   2.5746238302638202e-01   3.6983688935750899e-11
   1.8400000000000001e+00   5.7611072839031296e-01   2.7749663853657602e-01   2.7749663847941097e-01   4.2356230703937198e-01   2.1210311270521101e-11  -2.5210794606869102e-01   2.5210794609685000e-01   3.5842970501563903e-11
   1.8500000000000001e+00   5.8608073096098401e-01   2.8074729391253100e-01   2.8074729385521602e-01   4.1359230446863798e-01   2.2355130767347599e-11  -2.4632133090072700e-01   2.4632133093005301e-01   3.4698121115336702e-11
   1.8600000000000001e+00   5.9581086431811203e-01   2.8378776265785699e-01   2.8378776260050798e-01   4.0386217110989198e-01   2.3501759469004399e-11  -2.4011694935481401e-01   2.4011694938528499e-01   3.3551444397747597e-11
   1.8700000000000001e+00   6.0528471825849495e-01   2.8661381516771700e-01   2.8661381511044798e-01   3.9438831715431300e-01   2.4647909868096001e-11  -2.3350994386796001e-01   2.3350994389954999e-01   3.2405229697514003e-11
   1.8799999999999999e+00   6.1448650227559798e-01   2.8922164494295999e-01   2.8922164488588298e-01   3.8518653305316403e-01   2.5791313592491699e-11  -2.2651615413737700e-01   2.2651615417005699e-01   3.1261747401381499e-11
   1.8899999999999999e+00   6.2340107265213096e-01   2.9160787213063100e-01   2.9160787207385802e-01   3.7627196234241700e-01   2.6929726000133300e-11  -2.1915208269531899e-01   2.1915208272906000e-01   3.0123244328116202e-11
   1.8999999999999999e+00   6.3201395803563798e-01   2.9376954627774299e-01   2.9376954622138401e-01   3.6765907589699798e-01   2.8060930672385799e-11  -2.1143485945473001e-01   2.1143485948949900e-01   2.8991939217860500e-11
   1.9099999999999999e+00   6.4031138339228499e-01   2.9570414827932900e-01   2.9570414822349300e-01   3.5936164767154799e-01   2.9182743791507902e-11  -2.0338220531095799e-01   2.0338220534672199e-01   2.7870018328588200e-11
   1.9199999999999999e+00   6.4828029222331796e-01   2.9740959149801199e-01   2.9740959144280599e-01   3.5139273198486298e-01   3.0293018386889301e-11  -1.9501239489190700e-01   1.9501239492863001e-01   2.6759631151739000e-11
   1.9299999999999999e+00   6.5590838712682098e-01   2.9888422960252198e-01   2.9888422954805000e-01   3.4376463708135901e-01   3.1390577709499402e-11  -1.8634421354561401e-01   1.8634421358325801e-01   2.5662175741412000e-11
   1.9399999999999999e+00   6.6318410772500402e-01   3.0012684064272099e-01   3.0012684058908501e-01   3.3648891648312501e-01   3.2472454047951699e-11  -1.7739692798317999e-01   1.7739692802170701e-01   2.4580428393729201e-11
   1.9500000000000000e+00   6.7009668247721899e-01   3.0113663900731402e-01   3.0113663895461401e-01   3.2957634172967099e-01   3.3536628104031300e-11  -1.6819023901132801e-01   1.6819023905069799e-01   2.3516405990346999e-11
   1.9600000000000000e+00   6.7663613591197702e-01   3.0191327031382198e-01   3.0191327026215398e-01   3.2303688828331301e-01   3.4581133240922803e-11  -1.5874424305223200e-01   1.5874424309240201e-01   2.2472072574086000e-11
   1.9700000000000000e+00   6.8279330359768198e-01   3.0245680918040202e-01   3.0245680912986000e-01   3.1687972053358499e-01   3.5604059170712897e-11  -1.4907939111100499e-01   1.4907939115193100e-01   2.1449335667961200e-11
   1.9800000000000000e+00   6.8855984540896198e-01   3.0276775628858899e-01   3.0276775623926500e-01   3.1111317846817699e-01   3.6603555487227700e-11  -1.3921644726762200e-01   1.3921644730926100e-01   2.0450042747717801e-11
   1.9900000000000000e+00   6.9392825703228600e-01   3.0284703473467400e-01   3.0284703468665503e-01   3.0574476603887302e-01   3.7577835034223297e-11  -1.2917644678948900e-01   1.2917644683179499e-01   1.9475977876233300e-11
   2.0000000000000000e+00   6.9889187964767596e-01   3.0269598566527101e-01   3.0269598561864097e-01   3.0078114125008298e-01   3.8525177098262901e-11  -1.1898065396824600e-01   1.1898065401117100e-01   1.8528858508381501e-11
   2.0099999999999998e+00   7.0344491494871597e-01   3.0231636550403301e-01   3.0231636545887097e-01   2.9622810594904198e-01   3.9443230372825700e-11  -1.0865051614275301e-01   1.0865051618625000e-01   1.7610910931271001e-11
   2.0200000000000000e+00   7.0758241755574702e-01   3.0171033577887402e-01   3.0171033573525702e-01   2.9209060334196901e-01   4.0331145368615598e-11  -9.8207627784570997e-02   9.8207627828591201e-02   1.6723097297230301e-11
   2.0299999999999998e+00   7.1130031105093505e-01   3.0088046054512102e-01   3.0088046050312101e-01   2.8837270984575702e-01   4.1187424725656899e-11  -8.7673682273058398e-02   8.7673682317552598e-02   1.5866915558976801e-11
   2.0400000000000000e+00   7.1459538803328104e-01   2.9982969851660002e-01   2.9982969847628699e-01   2.8507763285381699e-01   4.2010648649180901e-11  -7.7070430357602096e-02   7.7070430402520498e-02   1.5043786072313401e-11
   2.0499999999999998e+00   7.1746531152716497e-01   2.9856139559432499e-01   2.9856139555576500e-01   2.8220770930705102e-01   4.2799477221637402e-11  -6.6419637239844995e-02   6.6419637285137098e-02   1.4255049275735500e-11
   2.0600000000000001e+00   7.1990861463493605e-01   2.9707927678408902e-01   2.9707927674734103e-01   2.7976440598966501e-01   4.3552652524245598e-11  -5.5743039802885697e-02   5.5743039848500799e-02   1.3501963559056900e-11
   2.0699999999999998e+00   7.2192469841097595e-01   2.9538743751036001e-01   2.9538743747548102e-01   2.7774832154975998e-01   4.4269000562081702e-11  -4.5062304091057402e-02   4.5062304136944398e-02   1.2785703325821800e-11
   2.0800000000000001e+00   7.2351382793068497e-01   2.9349033433307398e-01   2.9349033430011701e-01   2.7615919024243102e-01   4.4947432986207502e-11  -3.4398983151031501e-02   3.4398983197139098e-02   1.2107357254407201e-11
   2.0899999999999999e+00   7.2467713217718299e-01   2.9139277652488599e-01   2.9139277649389800e-01   2.7499588599593300e-01   4.5587161586549097e-11  -2.3774470845732001e-02   2.3774470892008900e-02   1.1467179732225099e-11
   2.1000000000000001e+00   7.2541658584401703e-01   2.8909991283185099e-01   2.8909991280287700e-01   2.7425643232906199e-01   4.6187042967536001e-11  -1.3209968891625200e-02   1.3209968938020100e-02   1.0866841643465500e-11
   2.1099999999999999e+00   7.2573500944181801e-01   2.8661722296657000e-01   2.8661722293964798e-01   2.7393800873035201e-01   4.6746253963228703e-11  -2.7264390903640298e-03   2.7264391368255802e-03   1.0307166558771900e-11
   2.1200000000000001e+00   7.2563605650845697e-01   2.8395050560111001e-01   2.8395050557627399e-01   2.7403696165522301e-01   4.7264062286645999e-11   7.6554353495306296e-03  -7.6554353030535097e-03   9.7888871741221892e-12
   2.1299999999999999e+00   7.2512420164519098e-01   2.8110586652713498e-01   2.8110586650441499e-01   2.7454881647173301e-01   4.7739827310826601e-11   1.7915289637789301e-02  -1.7915289591347399e-02   9.3126445257430396e-12
   2.1400000000000001e+00   7.2420472694279303e-01   2.7808970634278002e-01   2.7808970632220198e-01   2.7546829098901499e-01   4.8173000651064399e-11   2.8033116457747299e-02  -2.8033116411390901e-02   8.8789874023391307e-12
   2.1499999999999999e+00   7.2288370680723502e-01   2.7490870768281900e-01   2.7490870766440201e-01   2.7678931053897998e-01   4.8563126545995898e-11   3.7989304149524103e-02  -3.7989304103303000e-02   8.4883719558652098e-12
   2.1600000000000001e+00   7.2116799119263097e-01   2.7156982200886598e-01   2.7156982199262703e-01   2.7850502457859200e-01   4.8909842034824002e-11   4.7764673912080099e-02  -4.7764673866043703e-02   8.1411615121645993e-12
   2.1699999999999999e+00   7.1906519155178605e-01   2.6808025670975699e-01   2.6808025669570701e-01   2.8060782421943797e-01   4.9212896142748499e-11   5.7340521189562003e-02  -5.7340521143759100e-02   7.8382239087882701e-12
   2.1800000000000002e+00   7.1658365277275404e-01   2.6444745960574101e-01   2.6444745959388799e-01   2.8308936299843601e-01   4.9472081734661001e-11   6.6698640949152094e-02  -6.6698640903630396e-02   7.5791579121360302e-12
   2.1899999999999999e+00   7.1373243907428197e-01   2.6067910584863702e-01   2.6067910583898202e-01   2.8594057669605799e-01   4.9687313750674902e-11   7.5821370004148098e-02  -7.5821369958954304e-02   7.3640481979257995e-12
   2.2000000000000002e+00   7.1052130984837303e-01   2.5678308288627699e-01   2.5678308287881801e-01   2.8915170591402600e-01   4.9858598998749899e-11   8.4691618064959603e-02  -8.4691618020139900e-02   7.1928875240478499e-12
   2.2100000000000000e+00   7.0696069608495005e-01   2.5276747546393502e-01   2.5276747545866501e-01   2.9271231963373601e-01   4.9986035425530799e-11   9.3292899727152004e-02  -9.3292899682751201e-02   7.0655774601585502e-12
   2.2200000000000002e+00   7.0306167551988397e-01   2.4864055033222399e-01   2.4864055032912999e-01   2.9661134002581002e-01   5.0069811204869097e-11   1.0160936513703400e-01  -1.0160936509309600e-01   6.9819292987281996e-12
   2.2300000000000000e+00   6.9883594654427805e-01   2.4441074068639801e-01   2.4441074068546401e-01   3.0083706845443398e-01   5.0110203644777797e-11   1.0962582924309699e-01  -1.0962582919966400e-01   6.9416651457382401e-12
   2.2400000000000002e+00   6.9429580091233101e-01   2.4008663036295999e-01   2.4008663036416600e-01   3.0537721261596901e-01   5.0107577913213800e-11   1.1732779953567100e-01  -1.1732779949278500e-01   6.9444191893039504e-12
   2.2500000000000000e+00   6.8945409837020699e-01   2.3567693793891401e-01   2.3567693794223499e-01   3.1021891515809402e-01   5.0062013576451601e-11   1.2470150819450899e-01  -1.2470150815220900e-01   6.9892245807274000e-12
   2.2599999999999998e+00   6.8432423115196295e-01   2.3119050020100401e-01   2.3119050020640999e-01   3.1534878237630698e-01   4.9974452244523398e-11   1.3173392545166801e-01  -1.3173392540999401e-01   7.0760078148191303e-12
   2.2700000000000000e+00   6.7892009869287995e-01   2.2663625607024801e-01   2.2663625607770599e-01   3.2075291483461899e-01   4.9845514885446798e-11   1.3841279222940700e-01  -1.3841279218839500e-01   7.2041493287040503e-12
   2.2799999999999998e+00   6.7325607505708396e-01   2.2202322999681801e-01   2.2202323000629201e-01   3.2641693846320902e-01   4.9675903543067999e-11   1.4472663952556100e-01  -1.4472663948524700e-01   7.3729485340465298e-12
   2.2900000000000000e+00   6.6734697691492195e-01   2.1736051534281201e-01   2.1736051535425999e-01   3.3232603656568399e-01   4.9466399283796098e-11   1.5066480864757900e-01  -1.5066480860799700e-01   7.5816258623376100e-12
   2.2999999999999998e+00   6.6120803073127199e-01   2.1265725768803301e-01   2.1265725770141100e-01   3.3846498259219499e-01   4.9217859998083802e-11   1.5621746972008599e-01  -1.5621746968126801e-01   7.8293249537936894e-12
   2.3100000000000001e+00   6.5485483922507504e-01   2.0792263809011999e-01   2.0792263810537900e-01   3.4481817360128603e-01   4.8931218059950798e-11   1.6137563839605801e-01  -1.6137563835803501e-01   8.1151149856445707e-12
   2.3199999999999998e+00   6.4830334716060400e-01   2.0316585633167400e-01   2.0316585634876200e-01   3.5136966432874800e-01   4.8607477847521098e-11   1.6613119069647900e-01  -1.6613119065928000e-01   8.4379931356713192e-12
   2.3300000000000001e+00   6.4156980834168698e-01   1.9839611379084399e-01   1.9839611380970501e-01   3.5810320314766497e-01   4.8247502981123998e-11   1.7047688224622101e-01  -1.7047688220987300e-01   8.7980388052379500e-12
   2.3399999999999999e+00   6.3467074666513001e-01   1.9362259740026999e-01   1.9362259742084700e-01   3.6500226482419801e-01   4.7852638436387203e-11   1.7440634744500599e-01  -1.7440634740953401e-01   9.1929792024802593e-12
   2.3500000000000001e+00   6.2762292353275895e-01   1.8885446248016399e-01   1.8885446250239399e-01   3.7205008795596800e-01   4.7424089955819700e-11   1.7791411885764100e-01  -1.7791411882306801e-01   9.6216084050140192e-12
   2.3599999999999999e+00   6.2044330099895795e-01   1.8410081629030500e-01   1.8410081631412401e-01   3.7922971048415099e-01   4.6963124386223500e-11   1.8099563239829600e-01  -1.8099563236464500e-01   1.0082659392836601e-11
   2.3700000000000001e+00   6.1314900550807006e-01   1.7937070158226601e-01   1.7937070160760599e-01   3.8652400594407399e-01   4.6471066651197902e-11   1.8364723330275901e-01  -1.8364723327004900e-01   1.0574807074259499e-11
   2.3799999999999999e+00   6.0575729142672297e-01   1.7467308030998099e-01   1.7467308033677201e-01   3.9391571990270702e-01   4.5949296627629501e-11   1.8586618018824499e-01  -1.8586618015649500e-01   1.1096671406737900e-11
   2.3900000000000001e+00   5.9828550444513995e-01   1.7001681753229900e-01   1.7001681756046799e-01   4.0138750649574001e-01   4.5399245931267001e-11   1.8765064716418101e-01  -1.8765064713340501e-01   1.1646820606755500e-11
   2.3999999999999999e+00   5.9075104492217601e-01   1.6541066554236500e-01   1.6541066557183701e-01   4.0892196497269601e-01   4.4822394616230298e-11   1.8899972395357900e-01  -1.8899972392379200e-01   1.2223774442969299e-11
   2.4100000000000001e+00   5.8317133174383995e-01   1.6086324752900000e-01   1.6086324755969700e-01   4.1650167815103201e-01   4.4220444888936600e-11   1.8991341967413000e-01  -1.8991341964534300e-01   1.2825821611234900e-11
   2.4199999999999999e+00   5.7556376464620296e-01   1.5638304353514501e-01   1.5638304356698901e-01   4.2410924524865501e-01   4.3594767678105800e-11   1.9039264834077901e-01  -1.9039264831300201e-01   1.3451585071425700e-11
   2.4300000000000002e+00   5.6794568887297103e-01   1.5197837432698599e-01   1.5197837435989400e-01   4.3172732102152700e-01   4.2946968574061302e-11   1.9043923233989199e-01  -1.9043923231313201e-01   1.4099459181835500e-11
   2.4399999999999999e+00   5.6033435876925097e-01   1.4765738688967700e-01   1.4765738692356800e-01   4.3933865112188702e-01   4.2278687910129302e-11   1.9005589291554700e-01  -1.9005589288981201e-01   1.4767803579504099e-11
   2.4500000000000002e+00   5.5274690200258503e-01   1.4342804000218201e-01   1.4342804003696999e-01   4.4692610787002701e-01   4.1591597169639499e-11   1.8924624121468200e-01  -1.8924624118997399e-01   1.5454946773786599e-11
   2.4600000000000000e+00   5.4520028418272204e-01   1.3929809019492800e-01   1.3929809023052900e-01   4.5447272561646002e-01   4.0887395351886700e-11   1.8801476748896701e-01  -1.8801476746528800e-01   1.6159189780360199e-11
   2.4700000000000002e+00   5.3771127395641305e-01   1.3527507812067099e-01   1.3527507815699699e-01   4.6196173561021397e-01   4.0167805303349401e-11   1.8636682845695701e-01  -1.8636682843430699e-01   1.6878809788916499e-11
   2.4800000000000000e+00   5.3029640865417205e-01   1.3136631536958199e-01   1.3136631540654600e-01   4.6937660028624001e-01   3.9434570020349497e-11   1.8430863282838100e-01  -1.8430863280675799e-01   1.7612063857772000e-11
   2.4900000000000002e+00   5.2297195999509105e-01   1.2757887093862499e-01   1.2757887097614001e-01   4.7670104894532001e-01   3.8689007120315598e-11   1.8184722913903301e-01  -1.8184722911843401e-01   1.8357067303283999e-11
   2.5000000000000000e+00   5.1575390195296900e-01   1.2391956048982500e-01   1.2391956052780100e-01   4.8391910698743601e-01   3.7933338466690700e-11   1.7899047991639200e-01  -1.7899047989681099e-01   1.9112168729209199e-11
   2.5099999999999998e+00   5.0865787770868298e-01   1.2039493335315600e-01   1.2039493339150500e-01   4.9101513123160800e-01   3.7169345588150899e-11   1.7574704870550001e-01  -1.7574704868692800e-01   1.9875586916162601e-11
   2.5200000000000000e+00   5.0169916826500605e-01   1.1701126156780600e-01   1.1701126160643800e-01   4.9797384067422801e-01   3.6398815235737801e-11   1.7212637733048999e-01  -1.7212637731291799e-01   2.0645535432189400e-11
   2.5299999999999998e+00   4.9489266176668301e-01   1.1377452914051400e-01   1.1377452917933900e-01   5.0478034716673403e-01   3.5623535666820601e-11   1.6813866335555899e-01  -1.6813866333897401e-01   2.1420226347411001e-11
   2.5400000000000000e+00   4.8825282376121798e-01   1.1069042186652600e-01   1.1069042190545500e-01   5.1142018514915999e-01   3.4845292944375197e-11   1.6379483602037001e-01  -1.6379483600475900e-01   2.2197873933234100e-11
   2.5499999999999998e+00   4.8179366846673199e-01   1.0776431773516700e-01   1.0776431777411200e-01   5.1787934037074601e-01   3.4065867258318699e-11   1.5910653069162500e-01  -1.5910653067697400e-01   2.2976698339251699e-11
   2.5600000000000001e+00   4.7552873111321298e-01   1.0500127794200100e-01   1.0500127798087400e-01   5.2414427752811199e-01   3.3287029275626002e-11   1.5408606187262799e-01  -1.5408606185891799e-01   2.3754929240935799e-11
   2.5699999999999998e+00   4.6947104021849501e-01   1.0240603779394900e-01   1.0240603783266200e-01   5.3020196842282896e-01   3.2510575023127797e-11   1.4874639715861299e-01  -1.4874639714582599e-01   2.4530810643160599e-11
   2.5800000000000001e+00   4.6363309439479400e-01   9.9983000326844207e-02   9.9983000365310604e-02   5.3603991424653497e-01   3.1738201193400799e-11   1.4310112311451001e-01  -1.4310112310262399e-01   2.5302605353656399e-11
   2.5899999999999999e+00   4.5802683636359698e-01   9.7736228054331006e-02   9.7736228092465405e-02   5.4164617227783995e-01   3.0971628175545297e-11   1.3716441820223399e-01  -1.3716441819122699e-01   2.6068593354089301e-11
   2.6000000000000001e+00   4.5266363042164098e-01   9.5669436754689696e-02   9.5669436792407900e-02   5.4700937822080697e-01   3.0212552680175998e-11   1.3095101990929400e-01  -1.3095101989914301e-01   2.6827078306704302e-11
   2.6099999999999999e+00   4.4755424074213501e-01   9.3785989617700294e-02   9.3785989654919605e-02   5.5211876790587200e-01   2.9462644331477097e-11   1.2447619181193099e-01  -1.2447619180261101e-01   2.7576390962251701e-11
   2.6200000000000001e+00   4.4270881102436099e-01   9.2088892060711594e-02   9.2088892097350800e-02   5.5696419764563099e-01   2.8723542326292299e-11   1.1775568963174300e-01  -1.1775568962322600e-01   2.8314892501050701e-11
   2.6299999999999999e+00   4.3813684553805399e-01   9.0580787224388906e-02   9.0580787260368598e-02   5.6153616320140698e-01   2.7996852166729098e-11   1.1080572635649300e-01  -1.1080572634875099e-01   2.9040977800839200e-11
   2.6400000000000001e+00   4.3384719160812601e-01   8.9263952158012097e-02   8.9263952193254795e-02   5.6582581731798098e-01   2.7284142472789401e-11   1.0364293649691900e-01  -1.0364293648992200e-01   2.9753078625063101e-11
   2.6499999999999999e+00   4.2984802212922402e-01   8.8140294133890698e-02   8.8140294168320601e-02   5.6982498679688398e-01   2.6587446791429199e-11   9.6284340249147504e-02  -9.6284340242864100e-02   3.0449889080647599e-11
   2.6600000000000001e+00   4.2614682371415702e-01   8.7211349281073797e-02   8.7211349314617700e-02   5.7352618521196397e-01   2.5907725816402901e-11   8.8747304913123104e-02  -8.8747304907520502e-02   3.1129703482136001e-11
   2.6699999999999999e+00   4.2275038134251303e-01   8.6478279940875799e-02   8.6478279973462802e-02   5.7692262758392199e-01   2.5246418405910400e-11   8.1049508207235305e-02  -8.1049508202280005e-02   3.1791082823115697e-11
   2.6800000000000002e+00   4.1966476732341601e-01   8.5941873810456607e-02   8.5941873842018707e-02   5.8000824160594300e-01   2.4604914732684499e-11   7.3208899621994297e-02  -7.3208899617651604e-02   3.2432636825477901e-11
   2.6899999999999999e+00   4.1689533120598898e-01   8.5602543538519899e-02   8.5602543568991302e-02   5.8277767773942202e-01   2.3984553566852300e-11   6.5243661636237904e-02  -6.5243661632471806e-02   3.3053026656450302e-11
   2.7000000000000002e+00   4.1444669125925998e-01   8.5460327009015596e-02   8.5460327038333603e-02   5.8522631774950196e-01   2.3386619670301101e-11   5.7172170568907901e-02  -5.7172170565681600e-02   3.3650967534613600e-11
   2.7100000000000000e+00   4.1232272754185001e-01   8.5514888311089401e-02   8.5514888339194101e-02   5.8735028166669201e-01   2.2812341308138401e-11   4.9012957153459102e-02  -4.9012957150734698e-02   3.4225231219692399e-11
   2.7200000000000002e+00   4.1052657658011099e-01   8.5765519392648898e-02   8.5765519419483294e-02   5.8914643316410198e-01   2.2262887882843601e-11   4.0784666923291503e-02  -4.0784666921030298e-02   3.4774648380999598e-11
   2.7300000000000000e+00   4.0906062624102602e-01   8.6211142017551201e-02   8.6211142043061600e-02   5.9061238350318701e-01   2.1739285071979400e-11   3.2506019756186097e-02  -3.2506019754348803e-02   3.5298193991373800e-11
   2.7400000000000002e+00   4.0792651634553501e-01   8.6850311476511205e-02   8.6850311500647107e-02   5.9174649339870100e-01   2.1242682779789099e-11   2.4195771497974201e-02  -2.4195771496520500e-02   3.5794746809865699e-11
   2.7500000000000000e+00   4.0712513583717402e-01   8.7681219628732002e-02   8.7681219651446193e-02   5.9254787390760699e-01   2.0774060340200000e-11   1.5872673094890499e-02  -1.5872673093779498e-02   3.6263327663454402e-11
   2.7599999999999998e+00   4.0665662437633798e-01   8.8701699332882994e-02   8.8701699354131400e-02   5.9301638537351398e-01   2.0334329932653899e-11   7.5554312701662501e-03  -7.5554312693564898e-03   3.6703024498809801e-11
   2.7700000000000000e+00   4.0652037490439902e-01   8.9909229350251696e-02   8.9909229369994001e-02   5.9315263487320702e-01   1.9924334875240399e-11  -7.3733088438266401e-04   7.3733088493308202e-04   3.7112994089174702e-11
   2.7799999999999998e+00   4.0671503778746698e-01   9.1300939870105804e-02   9.1300939888305094e-02   5.9295797209936596e-01   1.9544848062625400e-11  -8.9871130094724208e-03   8.9871130098058694e-03   3.7492463597435803e-11
   2.7900000000000000e+00   4.0723852653207798e-01   9.2873618644812000e-02   9.2873618661435106e-02   5.9243448369823204e-01   1.9196570552800599e-11  -1.7175576181337100e-02   1.7175576181496201e-02   3.7840731991995003e-11
   2.7999999999999998e+00   4.0808802506291603e-01   9.4623717721379494e-02   9.4623717736396898e-02   5.9158498608574395e-01   1.8880130306609901e-11  -2.5284581124469699e-02   2.5284581124497600e-02   3.8157171312274003e-11
   2.8100000000000001e+00   4.0925999533170498e-01   9.6547360590388695e-02   9.6547360603774404e-02   5.9041301581695504e-01   1.8595943513192901e-11  -3.3296227977537701e-02   3.3296227977477298e-02   3.8441352198967999e-11
   2.8199999999999998e+00   4.1075019002202101e-01   9.8640350389497006e-02   9.8640350401228996e-02   5.8892282112667704e-01   1.8344628284974000e-11  -4.1192889276277497e-02   4.1192889276171998e-02   3.8692683695429199e-11
   2.8300000000000001e+00   4.1255366230859197e-01   1.0089817804344900e-01   1.0089817805350899e-01   5.8711934884104300e-01   1.8126587682850899e-11  -4.8957249734672602e-02   4.8957249734565299e-02   3.8910762506816203e-11
   2.8399999999999999e+00   4.1466477957863401e-01   1.0331603128181700e-01   1.0331603129019100e-01   5.8500823157967596e-01   1.7942148151500401e-11  -5.6572341071148502e-02   5.6572341071082603e-02   3.9095261916567201e-11
   2.8500000000000001e+00   4.1707723801774499e-01   1.0588880408901399e-01   1.0588880409569100e-01   5.8259577318780997e-01   1.7791559032209802e-11  -6.4021576905998107e-02   6.4021576906016606e-02   3.9245932274504097e-11
   2.8599999999999999e+00   4.1978407858066302e-01   1.0861110664432100e-01   1.0861110664929501e-01   5.7988893280989695e-01   1.7674992238501698e-11  -7.1288786738136004e-02   7.1288786738281804e-02   3.9362601323904602e-11
   2.8700000000000001e+00   4.2277770431312300e-01   1.1147727573159801e-01   1.1147727573486500e-01   5.7689530765628805e-01   1.7592542096467601e-11  -7.8358248915117501e-02   7.8358248915432901e-02   3.9445174366633301e-11
   2.8799999999999999e+00   4.2604989898859902e-01   1.1448138559749001e-01   1.1448138559905199e-01   5.7362311452075199e-01   1.7544225351563600e-11  -8.5214722508877197e-02   8.5214722509404497e-02   3.9493634265803202e-11
   2.8900000000000001e+00   4.2959184702102299e-01   1.1761725923622300e-01   1.1761725923608500e-01   5.7008117011235404e-01   1.7529981343386000e-11  -9.1843478009147606e-02   9.1843478009928398e-02   3.9508041285840398e-11
   2.8999999999999999e+00   4.3339415268108900e-01   1.2087848028939700e-01   1.2087848028756699e-01   5.6627886445229003e-01   1.7549677888931999e-11  -9.8230335438845101e-02   9.8230335439920505e-02   3.9488282495287602e-11
   2.9100000000000001e+00   4.3744686668152000e-01   1.2425840475477300e-01   1.2425840475126300e-01   5.6222615045194102e-01   1.7603097875945698e-11  -1.0436167470129100e-01   1.0436167470270100e-01   3.9434798592363098e-11
   2.9199999999999999e+00   4.4173950589602101e-01   1.2775017371399600e-01   1.2775017370882299e-01   5.5793351123940904e-01   1.7689950977221701e-11  -1.1022447765216099e-01   1.1022447765394600e-01   3.9347880009404103e-11
   2.9300000000000002e+00   4.4626107886684002e-01   1.3134672606450301e-01   1.3134672605768699e-01   5.5341193828657897e-01   1.7809871669330400e-11  -1.1580635000768499e-01   1.1580635000988400e-01   3.9227892387108902e-11
   2.9399999999999999e+00   4.5100011126181300e-01   1.3504081163698201e-01   1.3504081162854700e-01   5.4867290598840401e-01   1.7962420202835200e-11  -1.2109554599623100e-01   1.2109554599888200e-01   3.9075275604226398e-11
   2.9500000000000002e+00   4.5594467229519497e-01   1.3882500460693301e-01   1.3882500459690600e-01   5.4372834532957204e-01   1.8147083733486901e-11  -1.2608099154263799e-01   1.2608099154577801e-01   3.8890542649381400e-11
   2.9600000000000000e+00   4.6108240205620799e-01   1.4269171717469900e-01   1.4269171716311099e-01   5.3859061672668695e-01   1.8363277613956201e-11  -1.3075230590181400e-01   1.3075230590547901e-01   3.8674278337283400e-11
   2.9700000000000002e+00   4.6640053968646500e-01   1.4663321348754099e-01   1.4663321347442801e-01   5.3327248214170697e-01   1.8610346845411900e-11  -1.3509982165577900e-01   1.3509982166000400e-01   3.8427137872101598e-11
   2.9800000000000000e+00   4.7188595234439201e-01   1.5064162377664000e-01   1.5064162376203799e-01   5.2778707656844204e-01   1.8887567687862698e-11  -1.3911460298853701e-01   1.3911460299335701e-01   3.8149845261350299e-11
   2.9900000000000002e+00   4.7752516489162000e-01   1.5470895868132900e-01   1.5470895866527901e-01   5.2214787899867199e-01   1.9194149427692199e-11  -1.4278846215555399e-01   1.4278846216100000e-01   3.7843191584214398e-11
   3.0000000000000000e+00   4.8330438702537498e-01   1.5882712561445600e-01   1.5882712559700499e-01   5.1636865686491695e-01   1.9529531406255599e-11  -1.4611401263422699e-01   1.4611401264033200e-01   3.7508082163580601e-11
   3.0099999999999998e+00   4.8920955267664501e-01   1.6298793962836700e-01   1.6298793960956101e-01   5.1046349121357804e-01   1.9892477084805801e-11  -1.4908459759101400e-01   1.4908459759780801e-01   3.7145390225231500e-11
   3.0200000000000000e+00   4.9522634367869500e-01   1.6718314123478401e-01   1.6718314121467401e-01   5.0444670020980797e-01   2.0282006839993299e-11  -1.5169437278484901e-01   1.5169437279236000e-01   3.6756096124052903e-11
   3.0299999999999998e+00   5.0134022412716694e-01   1.7140441057570199e-01   1.7140441055434100e-01   4.9833281974513099e-01   2.0697082332635499e-11  -1.5393829732384601e-01   1.5393829733210199e-01   3.6341238918145701e-11
   3.0400000000000000e+00   5.0753647269780100e-01   1.7564338247604200e-01   1.7564338245348601e-01   4.9213657108449799e-01   2.1136608926018399e-11  -1.5581214283782999e-01   1.5581214284685599e-01   3.5901913950076800e-11
   3.0499999999999998e+00   5.1380021529033504e-01   1.7989166156468600e-01   1.7989166154099401e-01   4.8587282813246202e-01   2.1599438224849501e-11  -1.5731250101901900e-01   1.5731250102883901e-01   3.5439270304397303e-11
   3.0600000000000001e+00   5.2011645792768002e-01   1.8414083744384799e-01   1.8414083741908099e-01   4.7955658434729398e-01   2.2084370727861100e-11  -1.5843678956228199e-01   1.5843678957291801e-01   3.4954508146042502e-11
   3.0699999999999998e+00   5.2647011983915304e-01   1.8838249988802799e-01   1.8838249986225000e-01   4.7320291931878500e-01   2.2590158586330499e-11  -1.5918325655258200e-01   1.5918325656405599e-01   3.4448875944189502e-11
   3.0800000000000001e+00   5.3284606665661804e-01   1.9260825405520099e-01   1.9260825402847800e-01   4.6682696501115101e-01   2.3115508460096499e-11  -1.5955098336369899e-01   1.5955098337602899e-01   3.3923667586029399e-11
   3.0899999999999999e+00   5.3922914575046699e-01   1.9680973459063300e-01   1.9680973456303200e-01   4.6044388591730001e-01   2.3658856144363701e-11  -1.5953986900950801e-01   1.5953986902271100e-01   3.3380380326773499e-11
   3.1000000000000001e+00   5.4560421460920905e-01   2.0097862289010801e-01   2.0097862286169799e-01   4.5406881705850000e-01   2.4219069666742299e-11  -1.5915066463677000e-01   1.5915066465086200e-01   3.2820229814525000e-11
   3.1099999999999999e+00   5.5195617831308597e-01   2.0510666044027701e-01   2.0510666041113099e-01   4.4771685335322398e-01   2.4794737627427600e-11  -1.5838494212359000e-01   1.5838494213858501e-01   3.2244627845514501e-11
   3.1200000000000001e+00   5.5827002131692705e-01   2.0918566419325499e-01   2.0918566416344600e-01   4.4140301033639701e-01   2.5384415636997899e-11  -1.5724509761281200e-01   1.5724509762872199e-01   3.1655019183982602e-11
   3.1299999999999999e+00   5.6453084029212197e-01   2.1320754137086101e-01   2.1320754134046199e-01   4.3514219129008902e-01   2.5986629631438099e-11  -1.5573434535541300e-01   1.5573434537224701e-01   3.1052878243870001e-11
   3.1400000000000001e+00   5.7072387667333702e-01   2.1716430412875301e-01   2.1716430409783999e-01   4.2894915462879402e-01   2.6599879250967401e-11  -1.5385670992876099e-01   1.5385670994652800e-01   3.0439705704473000e-11
   3.1499999999999999e+00   5.7683454883441998e-01   2.2104808405852799e-01   2.2104808402717799e-01   4.2283848158612197e-01   2.7222641273212499e-11  -1.5161701688062501e-01   1.5161701689932999e-01   2.9817025067909902e-11
   3.1600000000000001e+00   5.8284848381736098e-01   2.2485114650619900e-01   2.2485114647449000e-01   4.1682454424326298e-01   2.7853373090688300e-11  -1.4902088186078999e-01   1.4902088188043899e-01   2.9186379166419700e-11
   3.1699999999999999e+00   5.8875155066756102e-01   2.2856590476089000e-01   2.2856590472890001e-01   4.1092147739306101e-01   2.8490259055305701e-11  -1.4607469165844200e-01   1.4607469167903600e-01   2.8549681658629400e-11
   3.1800000000000002e+00   5.9452988683824803e-01   2.3218493375549701e-01   2.3218493372330401e-01   4.0514314122223299e-01   2.9131999962142998e-11  -1.4278560290580700e-01   1.4278560292734499e-01   2.7908152570011401e-11
   3.1899999999999999e+00   6.0016993193153600e-01   2.3570098387772401e-01   2.3570098384540700e-01   3.9950309612558799e-01   2.9777016595827200e-11  -1.3916151590806899e-01   1.3916151593055101e-01   2.7263370771822401e-11
   3.2000000000000002e+00   6.0565845619267100e-01   2.3910699428909901e-01   2.3910699425673801e-01   3.9401457183423799e-01   3.0423724843081403e-11  -1.3521106006974801e-01   1.3521106009316999e-01   2.6616920170559799e-11
   3.2100000000000000e+00   6.1098258926854598e-01   2.4239610600535200e-01   2.4239610597302599e-01   3.8869043859801700e-01   3.1070539291131500e-11  -1.3094357504653600e-01   1.3094357507089199e-01   2.5970386060570800e-11
   3.2200000000000002e+00   6.1612984814000604e-01   2.4556167466255699e-01   2.4556167463034401e-01   3.8354317911402602e-01   3.1715876833186001e-11  -1.2636909054571099e-01   1.2636909057099399e-01   2.5325351480246500e-11
   3.2300000000000000e+00   6.2108816414939705e-01   2.4859728294636699e-01   2.4859728291434699e-01   3.7858486123276103e-01   3.2358160265124197e-11  -1.2149830487432101e-01   1.2149830490051999e-01   2.4683393580019000e-11
   3.2400000000000002e+00   6.2584590904577297e-01   2.5149675266194399e-01   2.5149675263019500e-01   3.7382711146658198e-01   3.2995821858310599e-11  -1.1634256234369500e-01   1.1634256237080000e-01   2.4046080010883399e-11
   3.2500000000000000e+00   6.3039191997259503e-01   2.5425415642264998e-01   2.5425415639124899e-01   3.6928108931921899e-01   3.3627306894116301e-11  -1.1091382964541800e-01   1.1091382967341500e-01   2.3414965342378999e-11
   3.2599999999999998e+00   6.3471552332624404e-01   2.5686382893623300e-01   2.5686382890525600e-01   3.6495746244931998e-01   3.4251077146353899e-11  -1.0522467131836800e-01   1.0522467134724200e-01   2.2791587518954099e-11
   3.2700000000000000e+00   6.3880658201892804e-01   2.5932038103233301e-01   2.5932038100185600e-01   3.6086640375663698e-01   3.4865824569205803e-11  -9.9288166486997995e-02   9.9288166516732904e-02   2.2176924828728199e-11
   3.2799999999999998e+00   6.4265546105295202e-01   2.6161870277084598e-01   2.6161870274094301e-01   3.5701752472265702e-01   3.5469836856337802e-11  -9.3118009155406800e-02   9.3118009185982994e-02   2.1572995339715300e-11
   3.2900000000000000e+00   6.4625309616300097e-01   2.6375397980718601e-01   2.6375397977792903e-01   3.5341988961373100e-01   3.6061647287339200e-11  -8.6728373563406402e-02   8.6728373594803204e-02   2.0981265203570200e-11
   3.2999999999999998e+00   6.4959099975558698e-01   2.6572170113544202e-01   2.6572170110690102e-01   3.5008198603177398e-01   3.6639819715219999e-11  -8.0133913751666605e-02   8.0133913783861505e-02   2.0403169868820299e-11
   3.3100000000000001e+00   6.5266127948730501e-01   2.6751766820645501e-01   2.6751766817869999e-01   3.4701170635939399e-01   3.7202951883121198e-11  -7.3349732182505803e-02   7.3349732215474694e-02   1.9840110754325699e-11
   3.3199999999999998e+00   6.5545665558451305e-01   2.6913800354880901e-01   2.6913800352190798e-01   3.4421633050045097e-01   3.7749678668416400e-11  -6.6391347371997797e-02   6.6391347405715007e-02   1.9293451996923600e-11
   3.3300000000000001e+00   6.5797047687848997e-01   2.7057915887615502e-01   2.7057915885017297e-01   3.4170250997108997e-01   3.8278675249057497e-11  -5.9274660561331301e-02   5.9274660595769399e-02   1.8764517280043500e-11
   3.3399999999999999e+00   6.6019673553546399e-01   2.7183792266473700e-01   2.7183792263973700e-01   3.3947625340084803e-01   3.8788660187891903e-11  -5.2015921445629998e-02   5.2015921480760001e-02   1.8254586749774898e-11
   3.3500000000000001e+00   6.6213007831837500e-01   2.7291142707518901e-01   2.7291142705123200e-01   3.3754291061793601e-01   3.9278290591799397e-11  -4.4631699028175001e-02   4.4631699063966399e-02   1.7764748214338701e-11
   3.3599999999999999e+00   6.6376582278937202e-01   2.7379715466830101e-01   2.7379715464544502e-01   3.3590716614696298e-01   3.9746467618471597e-11  -3.7138834471170300e-02   3.7138834507591097e-02   1.7296359309278000e-11
   3.3700000000000001e+00   6.6509996424349604e-01   2.7449294407652602e-01   2.7449294405482599e-01   3.3457302469344602e-01   4.0192056937218100e-11  -2.9554414224929802e-02   2.9554414261946899e-02   1.6850555252159799e-11
   3.3799999999999999e+00   6.6612918568074697e-01   2.7499699536555500e-01   2.7499699534506400e-01   3.3354380326187799e-01   4.0613978846064498e-11  -2.1895730899936499e-02   2.1895730937515300e-02   1.6428416675890301e-11
   3.3900000000000001e+00   6.6685086531524596e-01   2.7530787472505602e-01   2.7530787470582402e-01   3.3282212365877600e-01   4.1011210785629802e-11  -1.4180246188821900e-02   1.4180246226926700e-02   1.6030967114464301e-11
   3.3999999999999999e+00   6.6726308259705103e-01   2.7542451853992700e-01   2.7542451852200001e-01   3.3240990650166502e-01   4.1382789724387399e-11  -6.4255533734651499e-03   6.4255534120589101e-03   1.5659170618288501e-11
   3.4100000000000001e+00   6.6736462273453101e-01   2.7534623682866799e-01   2.7534623681208997e-01   3.3230836675990999e-01   4.1727814410274597e-11   1.3506605186243499e-03  -1.3506604795795599e-03   1.5313929504895901e-11
   3.4199999999999999e+00   6.6715497970858695e-01   2.7507271603590600e-01   2.7507271602071698e-01   3.3251801085372701e-01   4.2045447484028899e-11   9.1306528460235303e-03  -9.1306528065667001e-03   1.4996082250678800e-11
   3.4300000000000002e+00   6.6663435721572795e-01   2.7460402136635198e-01   2.7460402135258799e-01   3.3303863334658501e-01   4.2335077730196898e-11   1.6896661894384699e-02  -1.6896661854555600e-02   1.4706559377919000e-11
   3.4399999999999999e+00   6.6580366974695204e-01   2.7394059788923802e-01   2.7394059787693298e-01   3.3386932081538401e-01   4.2595867730471197e-11   2.4630948790933700e-02  -2.4630948750772999e-02   1.4445891178140900e-11
   3.4500000000000002e+00   6.6466454005942099e-01   2.7308327164907098e-01   2.7308327163825502e-01   3.3500845050346700e-01   4.2827182872746701e-11   3.2315833039227797e-02  -3.2315832998777001e-02   1.4214711991336800e-11
   3.4600000000000000e+00   6.6321929630857102e-01   2.7203324972023901e-01   2.7203324971093701e-01   3.3645369425946697e-01   4.3028459307971499e-11   3.9933731616892502e-02  -3.9933731576193801e-02   1.4013585387197099e-11
   3.4700000000000002e+00   6.6147096738595101e-01   2.7079211965388800e-01   2.7079211964612399e-01   3.3820202321036202e-01   4.3199205289967101e-11   4.7467197161332901e-02  -4.7467197120428899e-02   1.3843002824651500e-11
   3.4800000000000000e+00   6.5942327673506895e-01   2.6936184822913800e-01   2.6936184822293002e-01   3.4024971397286202e-01   4.3339002350650503e-11   5.4898955951478597e-02  -5.4898955910412599e-02   1.3703382476902299e-11
   3.4900000000000002e+00   6.5708063465608801e-01   2.6774477950164799e-01   2.6774477949701297e-01   3.4259235640391600e-01   4.3447506307773101e-11   6.2211945608171199e-02  -6.2211945566986802e-02   1.3595068225513200e-11
   3.5000000000000000e+00   6.5444812911360795e-01   2.6594363214327299e-01   2.6594363214022099e-01   3.4522486289065502e-01   4.3524448102643903e-11   6.9389352435632295e-02  -6.9389352394373494e-02   1.3518328826931300e-11
   3.5099999999999998e+00   6.5153151506514195e-01   2.6396149606732000e-01   2.6396149606586000e-01   3.4814147917939098e-01   4.3569634465668699e-11   7.6414648326330298e-02  -7.6414648285041104e-02   1.3473357254610801e-11
   3.5200000000000000e+00   6.4833720185706101e-01   2.6180182914088701e-01   2.6180182914102201e-01   3.5133579238747198e-01   4.3582853006644398e-11   8.3271627118710001e-02  -8.3271627077434796e-02   1.3459835485996800e-11
   3.5299999999999998e+00   6.4487224060927195e-01   2.5946845071602198e-01   2.5946845071775299e-01   3.5480075363529401e-01   4.3564148815421600e-11   8.9944440614990795e-02  -8.9944440573773807e-02   1.3478236228505700e-11
   3.5400000000000000e+00   6.4114430840780701e-01   2.5696553753702400e-01   2.5696553754034601e-01   3.5852868583757103e-01   4.3513558783944702e-11   9.6417633497299801e-02  -9.6417633456185398e-02   1.3528523429885400e-11
   3.5499999999999998e+00   6.3716169211786100e-01   2.5429761717312499e-01   2.5429761717803101e-01   3.6251130213502603e-01   4.3431196532239799e-11   1.0267617783246399e-01  -1.0267617779149600e-01   1.3610584293549701e-11
   3.5600000000000001e+00   6.3293327061567195e-01   2.5146956113617402e-01   2.5146956114265301e-01   3.6673972367813301e-01   4.3317252194597802e-11   1.0870550667640901e-01  -1.0870550663563100e-01   1.3724229490691099e-11
   3.5699999999999998e+00   6.2846849569703100e-01   2.4848657729658100e-01   2.4848657730461701e-01   3.7120449875711198e-01   4.3171992028660397e-11   1.1449154678503000e-01  -1.1449154674448600e-01   1.3869193550873501e-11
   3.5800000000000001e+00   6.2377737170197800e-01   2.4535420160079999e-01   2.4535420161037499e-01   3.7589562325416997e-01   4.2995757847662600e-11   1.2002075035034000e-01  -1.2002075031007300e-01   1.4045135431758999e-11
   3.5899999999999999e+00   6.1887043389896701e-01   2.4207828909469800e-01   2.4207828910578899e-01   3.8080256239355398e-01   4.2788966276411597e-11   1.2528012567951399e-01  -1.2528012563956600e-01   1.4251639268481001e-11
   3.6000000000000001e+00   6.1375872567547196e-01   2.3866500425840001e-01   2.3866500427098100e-01   3.8591427376404702e-01   4.2552107831937501e-11   1.3025726673376201e-01  -1.3025726669417600e-01   1.4488215302977099e-11
   3.6099999999999999e+00   6.0845377356205799e-01   2.3512081194194800e-01   2.3512081195598900e-01   3.9121922587746200e-01   4.2285634516937202e-11   1.3494038589768401e-01  -1.3494038585849999e-01   1.4754766674711498e-11
   3.6200000000000001e+00   6.0296756407355001e-01   2.3145246363169900e-01   2.3145246364716601e-01   3.9670543536606101e-01   4.1990287512744601e-11   1.3931833220739201e-01  -1.3931833216865100e-01   1.5050169319884601e-11
   3.6299999999999999e+00   5.9731251601454205e-01   2.2766698814480901e-01   2.2766698816166400e-01   4.0236048342727398e-01   4.1666771498935099e-11   1.4338062458080200e-01  -1.4338062454254399e-01   1.5373718445677200e-11
   3.6400000000000001e+00   5.9150145366357798e-01   2.2377167875231499e-01   2.2377167877052001e-01   4.0817154579831399e-01   4.1315859691666501e-11   1.4711747454606200e-01  -1.4711747450832399e-01   1.5724640708977700e-11
   3.6499999999999999e+00   5.8554757860642104e-01   2.1977408033948601e-01   2.1977408035899501e-01   4.1412542096311600e-01   4.0938392098183798e-11   1.5051980952935001e-01  -1.5051980949217100e-01   1.6102095981787699e-11
   3.6600000000000001e+00   5.7946444067909997e-01   2.1568197596213201e-01   2.1568197598290001e-01   4.2020855930547701e-01   4.0535273612326802e-11   1.5357929464126099e-01  -1.5357929460467601e-01   1.6505179275834001e-11
   3.6699999999999999e+00   5.7326590808958200e-01   2.1150337281274001e-01   2.1150337283471601e-01   4.2640709317372699e-01   4.0107471954026502e-11   1.5628835287441301e-01  -1.5628835283845799e-01   1.6932922825717001e-11
   3.6800000000000002e+00   5.6696613679138497e-01   2.0724648761179901e-01   2.0724648763493200e-01   4.3270686782225398e-01   3.9656015456085801e-11   1.5864018362241500e-01  -1.5864018358712301e-01   1.7384298329817401e-11
   3.6899999999999999e+00   5.6057953918652803e-01   2.0291973144177200e-01   2.0291973146600401e-01   4.3909347319342001e-01   3.9181990701926403e-11   1.6062877942985301e-01  -1.6062877939525699e-01   1.7858219347894400e-11
   3.7000000000000002e+00   5.5412075223895496e-01   1.9853169404353099e-01   1.9853169406880500e-01   4.4555227650036899e-01   3.8686540018431003e-11   1.6224894088437200e-01  -1.6224894085050201e-01   1.8353543853863100e-11
   3.7100000000000000e+00   5.4760460508288300e-01   1.9409112759788200e-01   1.9409112762413600e-01   4.5206845556698599e-01   3.8170858828509097e-11   1.6349628956503501e-01  -1.6349628953192100e-01   1.8869076941661500e-11
   3.7200000000000002e+00   5.4104607311538599e-01   1.8960694055696301e-01   1.8960694058413399e-01   4.5862698753448300e-01   3.7636691115451997e-11   1.6436733676786699e-01  -1.6436733673553600e-01   1.9403346806644699e-11
   3.7300000000000000e+00   5.3446027213256697e-01   1.8508815518909399e-01   1.8508815521711700e-01   4.6521278851722803e-01   3.7084839701146700e-11   1.6485936324819200e-01  -1.6485936321667000e-01   1.9955293641721900e-11
   3.7400000000000002e+00   5.2786240249511995e-01   1.8054391214792401e-01   1.8054391217672999e-01   4.7181065815283002e-01   3.6516640545063601e-11   1.6497053556881200e-01  -1.6497053553812299e-01   2.0523578896692300e-11
   3.7500000000000000e+00   5.2126772067591098e-01   1.7598344619303699e-01   1.7598344622255699e-01   4.7840533995463802e-01   3.5933470838634400e-11   1.6469988243037700e-01  -1.6469988240054501e-01   2.1106822412734600e-11
   3.7599999999999998e+00   5.1469150465874003e-01   1.7141606807116000e-01   1.7141606810132201e-01   4.8498155587511999e-01   3.5336745777117399e-11   1.6404729976069199e-01  -1.6404729973173601e-01   2.1703605592801200e-11
   3.7700000000000000e+00   5.0814901915722299e-01   1.6685114609185700e-01   1.6685114612258700e-01   4.9152404099017499e-01   3.4727915232887898e-11   1.6301355400437700e-01  -1.6301355397631700e-01   2.2312474660822899e-11
   3.7799999999999998e+00   5.0165548071587596e-01   1.6229808743751301e-01   1.6229808746873700e-01   4.9801757819688602e-01   3.4108460337937701e-11   1.6160028363627801e-01  -1.6160028360913001e-01   2.2931943998551299e-11
   3.7900000000000000e+00   4.9522602275111099e-01   1.5776631925009299e-01   1.5776631928173501e-01   5.0444703280687198e-01   3.3479889983804500e-11   1.5980999893930301e-01  -1.5980999891308401e-01   2.3560499547476401e-11
   3.7999999999999998e+00   4.8887566058459397e-01   1.5326526953953901e-01   1.5326526957152101e-01   5.1079738690711896e-01   3.2843737247547000e-11   1.5764608010580100e-01  -1.5764608008052200e-01   2.4196602261841300e-11
   3.8100000000000001e+00   4.8261926046514497e-01   1.4880434480499000e-01   1.4880434483723301e-01   5.1705378702656701e-01   3.2201436498865601e-11   1.5511275885487399e-01  -1.5511275883054701e-01   2.4839162111195899e-11
   3.8199999999999998e+00   4.7647149752514800e-01   1.4439291734627699e-01   1.4439291737870300e-01   5.2320154996650903e-01   3.1554694754555601e-11   1.5221514235022399e-01  -1.5221514232685801e-01   2.5486161414847699e-11
   3.8300000000000001e+00   4.7044682737888399e-01   1.4004030005077200e-01   1.4004030008330101e-01   5.2922622011140097e-01   3.0905100075170602e-11   1.4895918129129301e-01  -1.4895918126889501e-01   2.6136012056079199e-11
   3.8399999999999999e+00   4.6455945077375499e-01   1.3575572833772601e-01   1.3575572837027700e-01   5.3511359670369896e-01   3.0254250300534998e-11   1.4535166648614301e-01  -1.4535166646471800e-01   2.6787116242847999e-11
   3.8500000000000001e+00   4.5882328021595198e-01   1.3154834047496000e-01   1.3154834050745301e-01   5.4084976719079303e-01   2.9603749254279798e-11   1.4140021699707001e-01  -1.4140021697662000e-01   2.7437870305344400e-11
   3.8599999999999999e+00   4.5325190710556501e-01   1.2742715792169801e-01   1.2742715795405299e-01   5.4642114002098796e-01   2.8955202924759599e-11   1.3711326645969699e-01  -1.3711326644022201e-01   2.8086668514125701e-11
   3.8700000000000001e+00   4.4785856945231101e-01   1.2340106574501300e-01   1.2340106577715000e-01   5.5181447678706796e-01   2.8310215632189600e-11   1.3250004762085901e-01  -1.3250004760235901e-01   2.8731906907288501e-11
   3.8799999999999999e+00   4.4265612024072498e-01   1.1947879315933900e-01   1.1947879319117800e-01   5.5701692361011801e-01   2.7670386192211400e-11   1.2757057515257200e-01  -1.2757057513504200e-01   2.9371987114310998e-11
   3.8900000000000001e+00   4.3765699678483899e-01   1.1566889276793800e-01   1.1566889279940000e-01   5.6201604706600194e-01   2.7037218370156000e-11   1.2233562200954100e-01  -1.2233562199297400e-01   3.0005140761534500e-11
   3.8999999999999999e+00   4.3287319028346899e-01   1.1197972432281600e-01   1.1197972435382300e-01   5.6679985356731899e-01   2.6412374077166199e-11   1.1680670761422600e-01  -1.1680670759861600e-01   3.0629966967506402e-11
   3.9100000000000001e+00   4.2831621682021798e-01   1.0841943338081800e-01   1.0841943341129300e-01   5.7135682702926305e-01   2.5797412338465601e-11   1.1099606808599900e-01  -1.1099606807133400e-01   3.1244907254706600e-11
   3.9199999999999999e+00   4.2399708906622602e-01   1.0499593325771300e-01   1.0499593328757800e-01   5.7567595477105404e-01   2.5193871333744899e-11   1.0491663377387600e-01  -1.0491663376014400e-01   3.1848423980483598e-11
   3.9300000000000002e+00   4.1992628902905998e-01   1.0171688663160400e-01   1.0171688666078600e-01   5.7974675474105997e-01   2.4603264639232900e-11   9.8582003232781795e-02  -9.8582003219968697e-02   3.2439004087836300e-11
   3.9399999999999999e+00   4.1611374187864397e-01   9.8589687508407006e-02   9.8589687536830797e-02   5.8355930162567304e-01   2.4027077516585300e-11   9.2006415630287997e-02  -9.2006415618376802e-02   3.3015162807650101e-11
   3.9500000000000002e+00   4.1256879091472098e-01   9.5621443600056699e-02   9.5621443627651195e-02   5.8710425174910996e-01   2.3466763259042200e-11   8.5204721661153004e-02  -8.5204721650125298e-02   3.3575447300372400e-11
   3.9600000000000000e+00   4.0930017373783401e-01   9.2818959167752693e-02   9.2818959194448006e-02   5.9037286666646704e-01   2.2923739605627000e-11   7.8192353058722505e-02  -7.8192353048557595e-02   3.4118440224360998e-11
   3.9700000000000002e+00   4.0631599915841699e-01   9.0188716584344603e-02   9.0188716610073494e-02   5.9335704124588395e-01   2.2398993730446601e-11   7.0985285786145103e-02  -7.0985285776820700e-02   3.4642637184638002e-11
   3.9800000000000000e+00   4.0362372712173999e-01   8.7736863694496403e-02   8.7736863719193495e-02   5.9604931328251298e-01   2.1894234305955900e-11   6.3600016036595500e-02  -6.3600016028086903e-02   3.5146833926172603e-11
   3.9900000000000002e+00   4.0123014778423499e-01   8.5469195265649597e-02   8.5469195289251398e-02   5.9844289261883699e-01   2.1410750703388401e-11   5.6053517975081603e-02  -5.6053517967362597e-02   3.5629742149782302e-11
   4.0000000000000000e+00   3.9914136333813499e-01   8.3391138707390899e-02   8.3391138729836806e-02   6.0053167705387900e-01   2.0949783161903599e-11   4.8363209603206503e-02  -4.8363209596248798e-02   3.6090122691843299e-11
   4.0099999999999998e+00   3.9736277100535200e-01   8.1507739632156503e-02   8.1507739653388395e-02   6.0231026932569798e-01   2.0512519636342499e-11   4.0546915451054800e-02  -4.0546915444828600e-02   3.6526788658937003e-11
   4.0199999999999996e+00   3.9589904755300798e-01   7.9823648104676501e-02   7.9823648124639199e-02   6.0377399253635500e-01   2.0100092759083100e-11   3.2622828192703797e-02  -3.2622828187177301e-02   3.6938608446393299e-11
   4.0300000000000002e+00   3.9475413537706000e-01   7.8343105627282500e-02   7.8343105645923894e-02   6.0491890394684100e-01   1.9713576925560701e-11   2.4609469291998799e-02  -2.4609469287138700e-02   3.7324508629895902e-11
   4.0400000000000000e+00   3.9393123019733900e-01   7.7069932909257496e-02   7.7069932926528403e-02   6.0574180706549496e-01   1.9353985513264200e-11   1.6525648797106201e-02  -1.6525648792877601e-02   3.7683476718671799e-11
   4.0499999999999998e+00   3.9343276947432199e-01   7.6007516538979206e-02   7.6007516554833496e-02   6.0624026778851103e-01   1.9022132541251500e-11   8.3904189364335507e-03  -8.3904189328003892e-03   3.8014804607115202e-11
   4.0599999999999996e+00   3.9326042537662698e-01   7.5158802134085004e-02   7.5158802148480294e-02   6.0641261188616802e-01   1.8719038987968402e-11   2.2304241650792701e-04  -2.2304241343236799e-04   3.8317332287057297e-11
   4.0700000000000003e+00   3.9341509579237799e-01   7.4526281421796597e-02   7.4526281434694003e-02   6.0625794146946599e-01   1.8445518806208200e-11  -7.9570584854858992e-03   7.9570584880429597e-03   3.8590245754954502e-11
   4.0800000000000001e+00   3.9389689920836501e-01   7.4111984133568704e-02   7.4111984144932794e-02   6.0577613804457497e-01   1.8202314995530001e-11  -1.6130343200688398e-02   1.6130343202767301e-02   3.8832802152616702e-11
   4.0899999999999999e+00   3.9470517086082602e-01   7.3917469963481502e-02   7.3917469973280900e-02   6.0496786634295696e-01   1.7990097557697301e-11  -2.4277196850469401e-02   2.4277196852111702e-02   3.9044331803258298e-11
   4.0999999999999996e+00   3.9583846066050499e-01   7.3943821483210201e-02   7.3943821491416706e-02   6.0383457634813797e-01   1.7809461622005199e-11  -3.2377974627981400e-02   3.2377974629229603e-02   3.9224240073617497e-11
   4.1100000000000003e+00   3.9729453291036998e-01   7.4191638048924494e-02   7.4191638055514500e-02   6.0237850347936195e-01   1.7660925747503701e-11  -4.0413046453903902e-02   4.0413046454801503e-02   3.9372009054001703e-11
   4.1200000000000001e+00   3.9907036783045202e-01   7.4661030735502801e-02   7.4661030740456005e-02   6.0060266689042097e-01   1.7544930409171799e-11  -4.8362841770111097e-02   4.8362841770702603e-02   3.9487199047759602e-11
   4.1299999999999999e+00   4.0116216409027999e-01   7.5351616667539104e-02   7.5351616670837201e-02   5.9851087063059305e-01   1.7462441674511400e-11  -5.6207899858871299e-02   5.6207899859202097e-02   3.9569545890044201e-11
   4.1399999999999997e+00   4.0356534568662600e-01   7.6262519288265496e-02   7.6262519289896399e-02   5.9610768903421696e-01   1.7413178370533100e-11  -6.3928904529802696e-02   6.3928904529918701e-02   3.9618674807981697e-11
   4.1500000000000004e+00   4.0627456738988299e-01   7.7392363690946694e-02   7.7392363690902494e-02   5.9339846733021595e-01   1.7397340980525599e-11  -7.1506737510257601e-02   7.1506737510205198e-02   3.9634385830941998e-11
   4.1600000000000001e+00   4.0928372390540502e-01   7.8739276443678397e-02   7.8739276441955205e-02   5.9038931080773305e-01   1.7415047527644499e-11  -7.8922521280619204e-02   7.8922521280445496e-02   3.9616561439634501e-11
   4.1699999999999999e+00   4.1258596040264500e-01   8.0300885769042304e-02   8.0300885765640304e-02   5.8708707427207896e-01   1.7466332980844599e-11  -8.6157663871798296e-02   8.6157663871550300e-02   3.9565167159441002e-11
   4.1799999999999997e+00   4.1617368483190798e-01   8.2074322842748196e-02   8.2074322837672201e-02   5.8349934969038897e-01   1.7551148862031199e-11  -9.3193903275706300e-02   9.3193903275431700e-02   3.9480251951259603e-11
   4.1900000000000004e+00   4.2003858201284100e-01   8.4056224227980605e-02   8.4056224221239206e-02   5.7963445202619202e-01   1.7669363057863099e-11  -1.0001335133687200e-01   1.0001335133661800e-01   3.9361948395468098e-11
   4.2000000000000002e+00   4.2417162947396903e-01   8.6242735460863307e-02   8.6242735452469202e-02   5.7550140326238997e-01   1.7820759839478101e-11  -1.0659853698462100e-01   1.0659853698443600e-01   3.9210472664524599e-11
   4.2100000000000000e+00   4.2856311469670699e-01   8.8629514602899903e-02   8.8629514592870995e-02   5.7110991803965105e-01   1.8005596357456801e-11  -1.1293245409478600e-01   1.1293245409471800e-01   3.9026076550993998e-11
   4.2199999999999998e+00   4.3320265518551199e-01   9.1211740488058204e-02   9.1211740476415601e-02   5.6647037755081997e-01   1.8222929459035800e-11  -1.1899859312947200e-01   1.1899859312956799e-01   3.8809202283209902e-11
   4.2300000000000004e+00   4.3807921866467198e-01   9.3984117727496902e-02   9.3984117714265999e-02   5.6159381407104603e-01   1.8472294082764999e-11  -1.2478099045925201e-01   1.2478099045955900e-01   3.8560315350732401e-11
   4.2400000000000002e+00   4.4318114585956903e-01   9.6940885363054494e-02   9.6940885348264602e-02   5.5649188687040296e-01   1.8753143647376400e-11  -1.3026426641486499e-01   1.3026426641543001e-01   3.8279962746622701e-11
   4.2500000000000000e+00   4.4849617464140301e-01   1.0007582610918100e-01   1.0007582609286600e-01   5.5117685805690297e-01   1.9064851082450700e-11  -1.3543366448114899e-01   1.3543366448201799e-01   3.7968771936457201e-11
   4.2599999999999998e+00   4.5401146571431000e-01   1.0338227673041500e-01   1.0338227671261099e-01   5.4566156685851697e-01   1.9406710062105901e-11  -1.4027508930293500e-01   1.4027508930415400e-01   3.7627449623323099e-11
   4.2699999999999996e+00   4.5971362979340702e-01   1.0685313954775701e-01   1.0685313952850600e-01   5.3995940238213702e-01   1.9777936440680900e-11  -1.4477514337763001e-01   1.4477514337924199e-01   3.7256780309045403e-11
   4.2800000000000002e+00   4.6558875621676998e-01   1.1048089506480500e-01   1.1048089504415100e-01   5.3408427488929899e-01   2.0177669889054799e-11  -1.4892116230281299e-01   1.4892116230486299e-01   3.6857624652013499e-11
   4.2900000000000000e+00   4.7162244329761299e-01   1.1425761502548000e-01   1.1425761500347500e-01   5.2805058780845704e-01   2.0603668782041799e-11  -1.5270125389907899e-01   1.5270125390160899e-01   3.6430943270174002e-11
   4.2999999999999998e+00   4.7779982915560798e-01   1.1817497861151501e-01   1.1817497858820900e-01   5.2187320195044196e-01   2.1056189633575300e-11  -1.5610432021764600e-01   1.5610432022069801e-01   3.5977730975740502e-11
   4.3099999999999996e+00   4.8410562466770002e-01   1.2222428710487000e-01   1.2222428708032000e-01   5.1556740643780896e-01   2.1534154460155501e-11  -1.5912009668446100e-01   1.5912009668807400e-01   3.5499064694587899e-11
   4.3200000000000003e+00   4.9052414723891502e-01   1.2639648108938900e-01   1.2639648106365400e-01   5.0914888386153001e-01   2.2036417428641098e-11  -1.6173917909125199e-01   1.6173917909546601e-01   3.4996089155779402e-11
   4.3300000000000001e+00   4.9703935576673902e-01   1.3068215832419600e-01   1.3068215829733801e-01   5.0263367530582903e-01   2.2561767415482501e-11  -1.6395305104364299e-01   1.6395305104849600e-01   3.4470014339800600e-11
   4.3399999999999999e+00   5.0363488665787604e-01   1.3507159259583201e-01   1.3507159256791501e-01   4.9603814430436100e-01   2.3108930739136501e-11  -1.6575410951794101e-01   1.6575410952347000e-01   3.3922112752917199e-11
   4.3499999999999996e+00   5.1029409081382604e-01   1.3955475351686600e-01   1.3955475348796001e-01   4.8937893979954500e-01   2.3676574060163401e-11  -1.6713568842211299e-01   1.6713568842835200e-01   3.3353716532403498e-11
   4.3600000000000003e+00   5.1700007149592697e-01   1.4412132723534801e-01   1.4412132720552201e-01   4.8267295817954903e-01   2.4263307443099401e-11  -1.6809208005234400e-01   1.6809208005932699e-01   3.2766214387625901e-11
   4.3700000000000001e+00   5.2373572417534597e-01   1.4876073791350300e-01   1.4876073788282801e-01   4.7593730550014102e-01   2.4862383552885800e-11  -1.6861855984610599e-01   1.6861855985385801e-01   3.2160729048745698e-11
   4.3799999999999999e+00   5.3048377388152801e-01   1.5346217046157601e-01   1.5346217043012900e-01   4.6918925579395099e-01   2.5477614919603400e-11  -1.6871139317959899e-01   1.6871139318815001e-01   3.1539025035570202e-11
   4.3899999999999997e+00   5.3722681694132701e-01   1.5821459344648200e-01   1.5821459341433899e-01   4.6244621273367298e-01   2.6107462204771400e-11  -1.6836785905018101e-01   1.6836785905956000e-01   3.0902640846219599e-11
   4.4000000000000004e+00   5.4394736128626497e-01   1.6300678314937800e-01   1.6300678311662001e-01   4.5572566838417700e-01   2.6750343073039501e-11  -1.6758626083716499e-01   1.6758626084739600e-01   3.0253157951337100e-11
   4.4100000000000001e+00   5.5062786764088001e-01   1.6782734822113901e-01   1.6782734818784900e-01   4.4904516200443600e-01   2.7404635933966599e-11  -1.6636593704860800e-01   1.6636593705971500e-01   2.9592197055250902e-11
   4.4199999999999999e+00   5.5725079107898101e-01   1.7266475498155501e-01   1.7266475494781500e-01   4.4242223846693002e-01   2.8068683795711601e-11  -1.6470726968720101e-01   1.6470726969920599e-01   2.8921414244272000e-11
   4.4299999999999997e+00   5.6379862284068005e-01   1.7750735330556899e-01   1.7750735327146500e-01   4.3587440639107800e-01   2.8740798221388701e-11  -1.6261169016648999e-01   1.6261169017941299e-01   2.8242497030741700e-11
   4.4400000000000004e+00   5.7025393229762800e-01   1.8234340303611901e-01   1.8234340300173599e-01   4.2941909609007300e-01   2.9419263378468199e-11  -1.6008168270683801e-01   1.6008168272069601e-01   2.7557160301657601e-11
   4.4500000000000002e+00   5.7659941103932200e-01   1.8716110138813899e-01   1.8716110135356601e-01   4.2307361734837801e-01   3.0108183821593102e-11  -1.5712079043744501e-01   1.5712079045225799e-01   2.6867536731569700e-11
   4.4600000000000000e+00   5.8281791114108406e-01   1.9194860938037200e-01   1.9194860934569699e-01   4.1685511724660002e-01   3.0800023884451503e-11  -1.5373360374818401e-01   1.5373360376396500e-01   2.6174992437199199e-11
   4.4699999999999998e+00   5.8889249017608103e-01   1.9669408020227300e-01   1.9669408016758400e-01   4.1078053821117999e-01   3.1493011212058102e-11  -1.4992576460912199e-01   1.4992576462588200e-01   2.5481299923711600e-11
   4.4800000000000004e+00   5.9480645227777496e-01   2.0138568705359300e-01   2.0138568701897899e-01   4.0486657610554200e-01   3.2185362981272100e-11  -1.4570395801746100e-01   1.4570395803520700e-01   2.4788242147208699e-11
   4.4900000000000002e+00   6.0054338967923704e-01   2.0601165137853999e-01   2.0601165134409199e-01   3.9912963868237400e-01   3.2875290250788601e-11  -1.4107590314858101e-01   1.4107590316731899e-01   2.4097608161450199e-11
   4.5000000000000000e+00   6.0608722382749802e-01   2.1056027125696500e-01   2.1056027122277099e-01   3.9358580444824398e-01   3.3561002340938802e-11  -1.3605034195306001e-01   1.3605034197279400e-01   2.3411188734207299e-11
   4.5099999999999998e+00   6.1142224595595995e-01   2.1501994987740999e-01   2.1501994984356099e-01   3.8825078204837499e-01   3.4240711231945502e-11  -1.3063702518034301e-01   1.3063702520107301e-01   2.2730771944101201e-11
   4.5199999999999996e+00   6.1653315699342903e-01   2.1937922401344900e-01   2.1937922398003201e-01   3.8313987028156299e-01   3.4912635969021500e-11  -1.2484669581034299e-01   1.2484669583206900e-01   2.2058138768907099e-11
   4.5300000000000002e+00   6.2140510950209205e-01   2.2362679354873699e-01   2.2362679351584100e-01   3.7826791777289898e-01   3.5576339666817700e-11  -1.1869107432799600e-01   1.1869107435071299e-01   2.1394642734554101e-11
   4.5400000000000000e+00   6.2602374087149404e-01   2.2775154775398601e-01   2.2775154772169701e-01   3.7364928640348299e-01   3.6228748516313500e-11  -1.1218282862997800e-01   1.1218282865368100e-01   2.0742442084102301e-11
   4.5499999999999998e+00   6.3037521504743699e-01   2.3174259506197001e-01   2.3174259503037600e-01   3.6929781222720498e-01   3.6868127287562602e-11  -1.0533555713009600e-01   1.0533555715477699e-01   2.0103272070487400e-11
   4.5599999999999996e+00   6.3444625804690802e-01   2.3558929056616301e-01   2.3558929053534799e-01   3.6522676922460801e-01   3.7492765371455999e-11  -9.8163760649630893e-02   9.8163760675277198e-02   1.9478843342785999e-11
   4.5700000000000003e+00   6.3822419347574100e-01   2.3928126360403201e-01   2.3928126357407900e-01   3.6144883377857101e-01   3.8100981067226003e-11  -9.0682813836846995e-02   9.0682813863445705e-02   1.8870837655568899e-11
   4.5800000000000001e+00   6.4169697683359295e-01   2.4280844492069401e-01   2.4280844489168499e-01   3.5797605035263902e-01   3.8691125810441502e-11  -8.2908934243194995e-02   8.2908934270730095e-02   1.8280903637190501e-11
   4.5899999999999999e+00   6.4485322849702198e-01   2.4616109333039701e-01   2.4616109330241101e-01   3.5481979847395900e-01   3.9261588329911702e-11  -7.4859149094745905e-02   7.4859149123199395e-02   1.7710652628210398e-11
   4.5999999999999996e+00   6.4768226526884398e-01   2.4932982179098800e-01   2.4932982176410201e-01   3.5199076112350902e-01   3.9810798721822797e-11  -6.6551259800357906e-02   6.6551259829709206e-02   1.7161654601130698e-11
   4.6100000000000003e+00   6.5017413351127795e-01   2.5230562433459403e-01   2.5230562430888398e-01   3.4949889288107400e-01   4.0336864912170699e-11  -5.8003807179541400e-02   5.8003807209767499e-02   1.6635625946659900e-11
   4.6200000000000001e+00   6.5231963183927899e-01   2.5507989797082897e-01   2.5507989794636798e-01   3.4735339455306302e-01   4.0838681001631400e-11  -4.9236026041349197e-02   4.9236026072425200e-02   1.6133836430693100e-11
   4.6299999999999999e+00   6.5411034283385605e-01   2.5764446897155002e-01   2.5764446894840698e-01   3.4556268355823899e-01   4.1314826792859801e-11  -4.0267808227477102e-02   4.0267808259376203e-02   1.5657706862740000e-11
   4.6399999999999997e+00   6.5553865713796899e-01   2.5999161545647698e-01   2.5999161543471899e-01   3.4413436925181501e-01   4.1763938720359599e-11  -3.1119657824597202e-02   3.1119657857290099e-02   1.5208601424603901e-11
   4.6500000000000004e+00   6.5659779703125498e-01   2.6211408966782301e-01   2.6211408964751398e-01   3.4307522934580997e-01   4.2184713373009998e-11  -2.1812645838015100e-02   2.1812645871471002e-02   1.4787824145001300e-11
   4.6600000000000001e+00   6.5728183813481600e-01   2.6400513925072100e-01   2.6400513923191998e-01   3.4239118819194098e-01   4.2575910876516903e-11  -1.2368363128141800e-02   1.2368363162327700e-02   1.4396615513873300e-11
   4.6699999999999999e+00   6.5758572916271196e-01   2.6565852746417201e-01   2.6565852744693702e-01   3.4208729700504398e-01   4.2936358126048199e-11  -2.8088717048328198e-03   2.8088717397140701e-03   1.4036149245843100e-11
   4.6799999999999997e+00   6.5750530963665599e-01   2.6706855224675802e-01   2.6706855223114201e-01   3.4216771610383301e-01   4.3264951859399798e-11   6.8433455208661903e-03  -6.8433454853261003e-03   1.3707529202108300e-11
   4.6900000000000004e+00   6.5703732849370999e-01   2.6823006572337599e-01   2.6823006570942998e-01   3.4263569724677900e-01   4.3560752056973697e-11   1.6565435283722500e-02  -1.6565435247561700e-02   1.3411844317827300e-11
   4.7000000000000002e+00   6.5617945197631300e-01   2.6913848772594101e-01   2.6913848771371002e-01   3.4349357376416700e-01   4.3822710022734100e-11   2.6334229227040200e-02  -2.6334229190298299e-02   1.3149997865635701e-11
   4.7100000000000000e+00   6.5493027975848805e-01   2.6978982373028099e-01   2.6978982371980598e-01   3.4474274598181398e-01   4.4049948233026099e-11   3.6126296099417698e-02  -3.6126296062136097e-02   1.2922867106421700e-11
   4.7199999999999998e+00   6.5328935308966296e-01   2.7018067826146103e-01   2.7018067825278103e-01   3.4638367264897801e-01   4.4241669731212599e-11   4.5917997448355299e-02  -4.5917997410576603e-02   1.2731248749175800e-11
   4.7300000000000004e+00   6.5125716195132299e-01   2.7030826757997500e-01   2.7030826757312298e-01   3.4841586377819900e-01   4.4397160322586298e-11   5.5685543699058301e-02  -5.5685543660826300e-02   1.2575856756184700e-11
   4.7400000000000002e+00   6.4883514993517100e-01   2.7017043091037102e-01   2.7017043090537701e-01   3.5083787575832798e-01   4.4515790569995101e-11   6.5405051024351596e-02  -6.5405050985711297e-02   1.2457320347112900e-11
   4.7500000000000000e+00   6.4602571680030896e-01   2.6976564015943999e-01   2.6976564015632898e-01   3.5364730877948197e-01   4.4597017583883397e-11   7.5052598866359302e-02  -7.5052598827356903e-02   1.2376182208051400e-11
   4.7599999999999998e+00   6.4283221866914297e-01   2.6909300807272102e-01   2.6909300807151298e-01   3.5684080660546702e-01   4.4640386600698900e-11   8.4604287965945102e-02  -8.4604287926627705e-02   1.2332896911316699e-11
   4.7699999999999996e+00   6.3925896842646202e-01   2.6815229634081600e-01   2.6815229634152699e-01   3.6041405684814798e-01   4.4645657201417603e-11   9.4036299355679795e-02  -9.4036299316095195e-02   1.2327832803130800e-11
   4.7800000000000002e+00   6.3531122626012204e-01   2.6694391759359998e-01   2.6694391759624098e-01   3.6436179901448201e-01   4.4612407501025903e-11   1.0332495198055000e-01  -1.0332495194074701e-01   1.2361275691681299e-11
   4.7900000000000000e+00   6.3099519694774597e-01   2.6546894121780401e-01   2.6546894122238202e-01   3.6867782832673501e-01   4.4540453435650301e-11   1.1244676224017000e-01  -1.1244676220019700e-01   1.2433409393795900e-11
   4.7999999999999998e+00   6.2631801968379197e-01   2.6372909445101600e-01   2.6372909445753401e-01   3.7335500558954898e-01   4.4429703382983601e-11   1.2137850250829300e-01  -1.2137850246820100e-01   1.2544325312542301e-11
   4.8099999999999996e+00   6.2128775665991798e-01   2.6172676245487803e-01   2.6172676246333398e-01   3.7838526860716798e-01   4.4280158666630299e-11   1.3009725963617400e-01  -1.3009725959601401e-01   1.2694021933837701e-11
   4.8200000000000003e+00   6.1591337929768097e-01   2.5946498668366602e-01   2.5946498669405099e-01   3.8375964594474399e-01   4.4091913834424601e-11   1.3858049308547599e-01  -1.3858049304529699e-01   1.2882404548790501e-11
   4.8300000000000001e+00   6.1020475214143000e-01   2.5694746153050202e-01   2.5694746154280601e-01   3.8946827302328602e-01   4.3865156708838798e-11   1.4680609252821700e-01  -1.4680609248807000e-01   1.3109285203501900e-11
   4.8399999999999999e+00   6.0417261442333003e-01   2.5417852923691497e-01   2.5417852925112100e-01   3.9550041053317597e-01   4.3600168207933002e-11   1.5475243474778000e-01  -1.5475243470771499e-01   1.3374382877690700e-11
   4.8499999999999996e+00   5.9782856125496298e-01   2.5116317429391699e-01   2.5116317431000301e-01   4.0184446370154298e-01   4.3297847056072699e-11   1.6239844186705199e-01  -1.6239844182711899e-01   1.3677183196163500e-11
   4.8600000000000003e+00   5.9118501692031400e-01   2.4790701250029401e-01   2.4790701251823399e-01   4.0848800803618901e-01   4.2958166280654298e-11   1.6972363239695601e-01  -1.6972363235720700e-01   1.4017343622346401e-11
   4.8700000000000001e+00   5.8425521290253501e-01   2.4441628274645100e-01   2.4441628276621599e-01   4.1541781205390099e-01   4.2581683397908098e-11   1.7670817860874899e-01  -1.7670817856923299e-01   1.4394306814733700e-11
   4.8799999999999999e+00   5.7705315985114802e-01   2.4069783459178201e-01   2.4069783461333599e-01   4.2261986510467298e-01   4.2169045973910000e-11   1.8333295853677600e-01  -1.8333295849754300e-01   1.4807425371794600e-11
   4.8899999999999997e+00   5.6959361831243305e-01   2.3675911470989200e-01   2.3675911473319700e-01   4.3007940664001498e-01   4.1720990339581399e-11   1.8957960745144001e-01  -1.8957960741253699e-01   1.5255963116812301e-11
   4.9000000000000004e+00   5.6189206742471098e-01   2.3260815167428900e-01   2.3260815169930199e-01   4.3778095751446000e-01   4.1238340089418201e-11   1.9543056776756201e-01  -1.9543056772903999e-01   1.5739096598883901e-11
   4.9100000000000001e+00   5.5396467163939200e-01   2.2825353910939100e-01   2.2825353913606300e-01   4.4570835325800501e-01   4.0722004366730198e-11   2.0086913722984401e-01  -2.0086913719174901e-01   1.6255916807218601e-11
   4.9199999999999999e+00   5.4582824553385800e-01   2.2370441723640000e-01   2.2370441726468099e-01   4.5384477925179501e-01   4.0172975938538103e-11   2.0587951521590500e-01  -2.0587951517828401e-01   1.6805431095494600e-11
   4.9299999999999997e+00   5.3750021678761595e-01   2.1897045284853600e-01   2.1897045287836900e-01   4.6217280773361002e-01   3.9592329063649703e-11   2.1044684699704100e-01  -2.1044684695993801e-01   1.7386565312640501e-11
   4.9400000000000004e+00   5.2899858931900401e-01   2.1406181908069499e-01   2.1406181911202199e-01   4.7067443520222202e-01   3.8980110434975403e-11   2.1455727330966701e-01  -2.1455727327312901e-01   1.7998626606067200e-11
   4.9500000000000002e+00   5.2034189865944203e-01   2.0898916948633800e-01   2.0898916951909499e-01   4.7933112586178500e-01   3.8338659524702500e-11   2.1819795506388001e-01  -2.1819795502795000e-01   1.8639929203294299e-11
   4.9600000000000000e+00   5.1154917358184504e-01   2.0376361610260901e-01   2.0376361613673100e-01   4.8812385093939697e-01   3.7669280851454100e-11   2.2135712360425000e-01  -2.2135712356897000e-01   1.9309168387399400e-11
   4.9699999999999998e+00   5.0263989167156597e-01   1.9839670297536000e-01   1.9839670301077400e-01   4.9703313284981998e-01   3.6973350041727001e-11   2.2402411273004100e-01  -2.2402411269545100e-01   2.0004968333795001e-11
   4.9800000000000004e+00   4.9363393456556598e-01   1.9290037909871299e-01   1.9290037913534600e-01   5.0603908995659996e-01   3.6252310780382301e-11   2.2618939159095899e-01  -2.2618939155709800e-01   2.0725885160505999e-11
   4.9900000000000002e+00   4.8455154193491001e-01   1.8728697012104900e-01   1.8728697015882401e-01   5.1512148259032597e-01   3.5507671595078497e-11   2.2784459490423301e-01  -2.2784459487113801e-01   2.1470410144482299e-11
   5.0000000000000000e+00   4.7541326432420100e-01   1.8156914888976700e-01   1.8156914892860401e-01   5.2425976021068899e-01   3.4741002482121197e-11   2.2898255037704299e-01  -2.2898255034475001e-01   2.2236973096488899e-11
   5.0099999999999998e+00   4.6623991496717898e-01   1.7575990491233501e-01   1.7575990495215099e-01   5.3343310959352197e-01   3.3953931381560203e-11   2.2959730322078101e-01  -2.2959730318932400e-01   2.3023945886757199e-11
   5.0199999999999996e+00   4.5705252070303498e-01   1.6987251281615900e-01   1.6987251285686900e-01   5.4262050391871497e-01   3.3148140509729601e-11   2.2968413764700299e-01  -2.2968413761641401e-01   2.3829646113227199e-11
   5.0300000000000002e+00   4.4787227022114101e-01   1.6392049873629000e-01   1.6392049877780601e-01   5.5180075440061005e-01   3.2326607340833599e-11   2.2923960339569699e-01  -2.2923960336600299e-01   2.4650963663241800e-11
   5.0400000000000000e+00   4.3872046706834600e-01   1.5791760913411301e-01   1.5791760917634501e-01   5.6095255755340900e-01   3.1489823631622198e-11   2.2826151436156500e-01  -2.2826151433279601e-01   2.5487531068731400e-11
   5.0499999999999998e+00   4.2961847565638400e-01   1.5187777499992000e-01   1.5187777504277600e-01   5.7005454896546504e-01   3.0639609075927397e-11   2.2674897486109599e-01  -2.2674897483327699e-01   2.6337529022061800e-11
   5.0599999999999996e+00   4.2058767033516697e-01   1.4581507745195399e-01   1.4581507749534001e-01   5.7908535428755004e-01   2.9777821915452599e-11   2.2470238516370100e-01  -2.2470238513685500e-01   2.7199099659879899e-11
   5.0700000000000003e+00   4.1164938343320401e-01   1.3974371232451299e-01   1.3974371236833399e-01   5.8802364119427197e-01   2.8906354701967701e-11   2.2212344763479000e-01  -2.2212344760894001e-01   2.8070350800184799e-11
   5.0800000000000001e+00   4.0282485313589000e-01   1.3367795427514001e-01   1.3367795431929799e-01   5.9684817151034897e-01   2.8027129974668999e-11   2.1901516960721301e-01  -2.1901516958237799e-01   2.8949360264429999e-11
   5.0899999999999999e+00   3.9413517134617898e-01   1.2763212051641301e-01   1.2763212056081100e-01   6.0553785335918198e-01   2.7142095863583400e-11   2.1538186294780601e-01  -2.1538186292400299e-01   2.9834180273888701e-11
   5.0999999999999996e+00   3.8560123167650501e-01   1.2162053428195700e-01   1.2162053432649600e-01   6.1407179318726701e-01   2.6253221630251900e-11   2.1122914029374801e-01  -2.1122914027099199e-01   3.0722841909186300e-11
   5.1100000000000003e+00   3.7724367772456302e-01   1.1565748813988500e-01   1.1565748818446600e-01   6.2242934751467405e-01   2.5362493157253301e-11   2.0656390794185001e-01  -2.0656390792015400e-01   3.1613359621602702e-11
   5.1200000000000001e+00   3.6908284633587601e-01   1.0975720366638100e-01   1.0975720371090200e-01   6.3059017890336200e-01   2.4470509024857201e-11   2.0139435813298501e-01  -2.0139435811236100e-01   3.2505607431729598e-11
   5.1299999999999999e+00   3.6113872775105499e-01   1.0393380196206300e-01   1.0393380200642301e-01   6.3853429748818602e-01   2.3580760110239701e-11   1.9572994937712901e-01  -1.9572994935758400e-01   3.3395621004618603e-11
   5.1399999999999997e+00   3.5343090621727002e-01   9.8201260969676393e-02   9.8201261013775104e-02   6.4624211902206197e-01   2.2695257579124300e-11   1.8958139445437400e-01  -1.8958139443591501e-01   3.4281388512067700e-11
   5.1500000000000004e+00   3.4597851274900399e-01   9.2573380532149099e-02   9.2573380575886099e-02   6.5369451249116495e-01   2.1816010527443700e-11   1.8296063875000901e-01  -1.8296063873263799e-01   3.5160900194380601e-11
   5.1600000000000001e+00   3.3880017629309300e-01   8.7063746134981398e-02   8.7063746178256698e-02   6.6087284895168596e-01   2.0945021345622301e-11   1.7588083679387201e-01  -1.7588083677758901e-01   3.6032152997480498e-11
   5.1699999999999999e+00   3.3191397591188299e-01   8.1685693075803506e-02   8.1685693118518005e-02   6.6775904935112096e-01   2.0084281093893200e-11   1.6835632562971400e-01  -1.6835632561451799e-01   3.6893155199133503e-11
   5.1799999999999997e+00   3.2533739412159302e-01   7.6452271170235106e-02   7.6452271212290507e-02   6.7433563119899198e-01   1.9235764900458999e-11   1.6040259508405499e-01  -1.6040259506994101e-01   3.7741931012580900e-11
   5.1900000000000004e+00   3.1908727152290800e-01   7.1376210103712506e-02   7.1376210145011595e-02   6.8058575395237897e-01   1.8401427394527899e-11   1.5203625501758899e-01  -1.5203625500455101e-01   3.8576525155683897e-11
   5.2000000000000002e+00   3.1317976286009402e-01   6.6469885538905593e-02   6.6469885579352697e-02   6.8649326298288904e-01   1.7583198186429301e-11   1.4327499965555901e-01  -1.4327499964358700e-01   3.9395007373540102e-11
   5.2100000000000000e+00   3.0763028998743602e-01   6.1745282883961999e-02   6.1745282923463603e-02   6.9204273585554799e-01   1.6783616658636300e-11   1.3413756266851001e-01  -1.3413756265759100e-01   4.0194405066007303e-11
   5.2199999999999998e+00   3.0245351076789900e-01   5.7213971843161203e-02   5.7213971881625102e-02   6.9721951507508595e-01   1.6003880684767001e-11   1.2464368859474900e-01  -1.2464368858487000e-01   4.0973955817107799e-11
   5.2300000000000004e+00   2.9766327179113300e-01   5.2887069628889997e-02   5.2887069666226000e-02   7.0200975405186705e-01   1.5245813813983200e-11   1.1481407811795701e-01  -1.1481407810910201e-01   4.1731836231488602e-11
   5.2400000000000002e+00   2.9327257321985201e-01   4.8775212381302502e-02   4.8775212417422602e-02   7.0640045262328699e-01   1.4511197138736499e-11   1.0467034386772200e-01  -1.0467034385987201e-01   4.2466265376228198e-11
   5.2500000000000000e+00   2.8929353329615498e-01   4.4888526206184699e-02   4.4888526241003403e-02   7.1037949254774801e-01   1.3801765123477400e-11   9.4234960865990799e-02  -9.4234960859125402e-02   4.3175508952008298e-11
   5.2599999999999998e+00   2.8573735487982499e-01   4.1236599486630797e-02   4.1236599520065302e-02   7.1393567096710198e-01   1.3119201534712799e-11   8.3531214598973794e-02  -8.3531214593070294e-02   4.3857883362940102e-11
   5.2699999999999996e+00   2.8261429411194000e-01   3.7828456550328897e-02   3.7828456582298900e-02   7.1705873174454204e-01   1.2465135482389100e-11   7.2583146867014198e-02  -7.2583146862047698e-02   4.4511759675082600e-11
   5.2800000000000002e+00   2.7993363129110299e-01   3.4672532770013198e-02   3.4672532800441899e-02   7.1973939459106595e-01   1.1841137582480100e-11   6.1415499578764500e-02  -6.1415499574708099e-02   4.5135567453801403e-11
   5.2900000000000000e+00   2.7770364387455898e-01   3.1776651006440199e-02   3.1776651035253602e-02   7.2196938200760996e-01   1.1247228275272201e-11   5.0053651617439902e-02  -5.0053651614266600e-02   4.5729287564105501e-11
   5.2999999999999998e+00   2.7593158252986200e-01   2.9148000240675102e-02   2.9148000267802801e-02   7.2374144335230295e-01   1.0686320754338900e-11   3.8523568355355697e-02  -3.8523568353034700e-02   4.6289992895725798e-11
   5.3099999999999996e+00   2.7462364865034700e-01   2.6793114989322301e-02   2.6793115014697302e-02   7.2504937723176399e-01   1.0159790821568401e-11   2.6851731940176600e-02  -2.6851731938675200e-02   4.6816307477434297e-11
   5.3200000000000003e+00   2.7378497502078097e-01   2.4717856971955200e-02   2.4717856995514102e-02   7.2588805086082597e-01   9.6689416393861292e-12   1.5065079826924800e-02  -1.5065079826208500e-02   4.7306927982554703e-11
   5.3300000000000001e+00   2.7341960889349298e-01   2.2927398405484901e-02   2.2927398427168399e-02   7.2625341698534895e-01   9.2150005988079901e-12   3.1909398104411398e-03  -3.1909398104737600e-03   4.7760626860916900e-11
   5.3399999999999999e+00   2.7353049767791598e-01   2.1426207104572999e-02   2.1426207124325601e-02   7.2614252818999203e-01   8.7991163540841801e-12  -8.7430361448378995e-03   8.7430361440941594e-03   4.8176255304130302e-11
   5.3499999999999996e+00   2.7411947728067398e-01   2.0218033428353301e-02   2.0218033446123600e-02   7.2555354855269105e-01   8.4223560307565201e-12  -2.0708939085622002e-02   2.0708939084206499e-02   4.8552746037286502e-11
   5.3600000000000003e+00   2.7518726312357700e-01   1.9305899106400300e-02   1.9305899122141500e-02   7.2448576261698105e-01   8.0857026135511899e-12  -3.2678671059815902e-02   3.2678671057769400e-02   4.8889115930585302e-11
   5.3700000000000001e+00   2.7673344530001998e-01   1.8692088930073000e-02   1.8692088943738399e-02   7.2293958044053797e-01   7.7915512879287500e-12  -4.4624018168424699e-02   4.4624018165791098e-02   4.9183479329991702e-11
   5.3799999999999999e+00   2.7875648251439300e-01   1.8378141769582398e-02   1.8378141781133700e-02   7.2091654322616106e-01   7.5392967242517207e-12  -5.6516711236621303e-02   5.6516711233443997e-02   4.9435943555163997e-11
   5.3899999999999997e+00   2.8125370346789302e-01   1.8364846659260602e-02   1.8364846668664201e-02   7.1841932227256700e-01   7.3296568180429299e-12  -6.8328502509194103e-02   6.8328502505518002e-02   4.9645790654401502e-11
   5.4000000000000004e+00   2.8422130850423299e-01   1.8652239223385599e-02   1.8652239230612599e-02   7.1545171723534395e-01   7.1632566978658300e-12  -8.0031233705449900e-02   8.0031233701320495e-02   4.9812395450187801e-11
   5.4100000000000001e+00   2.8765437457737603e-01   1.9239600465594701e-02   1.9239600470621000e-02   7.1201865115734597e-01   7.0406270853473897e-12  -9.1596905968672898e-02   9.1596905964136999e-02   4.9935227178519401e-11
   5.4199999999999999e+00   2.9154686299775801e-01   2.0125457574619400e-02   2.0125457577425600e-02   7.0812616271777495e-01   6.9622028636051101e-12  -1.0299774960742100e-01   1.0299774960252600e-01   5.0013850919670000e-11
   5.4299999999999997e+00   2.9589162993331702e-01   2.1307586738394502e-02   2.1307586738966201e-02   7.0378139572160503e-01   6.9283218570429101e-12  -1.1420629343347199e-01   1.1420629342826601e-01   5.0047928817313301e-11
   5.4400000000000004e+00   3.0068043963079599e-01   2.2783017950211600e-02   2.2783017948539201e-02   6.9899258586134305e-01   6.9392238248813797e-12  -1.2519543349925999e-01   1.2519543349379300e-01   5.0037221083498501e-11
   5.4500000000000002e+00   3.0590398254402501e-01   2.4548043342974300e-02   2.4548043339046501e-02   6.9376904294811603e-01   6.9968297844606396e-12  -1.3593850348592801e-01   1.3593850348024999e-01   4.9981975843953600e-11
   5.4600000000000000e+00   3.1155188983684601e-01   2.6598223094346798e-02   2.6598223088164102e-02   6.8812113565529198e-01   7.0994172885134498e-12  -1.4640933699435801e-01   1.4640933698851899e-01   4.9881705922086600e-11
   5.4699999999999998e+00   3.1761275811468997e-01   2.8928398586325298e-02   2.8928398577893501e-02   6.8206026737735304e-01   7.2469266033492403e-12  -1.5658233751872400e-01   1.5658233751277501e-01   4.9736471469654501e-11
   5.4800000000000004e+00   3.2407417257816601e-01   3.1532704579816599e-02   3.1532704569146003e-02   6.7559885291298505e-01   7.4391981065348106e-12  -1.6643254216962799e-01   1.6643254216361900e-01   4.9546432555359300e-11
   5.4900000000000002e+00   3.3092273363032598e-01   3.4404583919103497e-02   3.4404583906209797e-02   6.6875029185591395e-01   7.6759723933131198e-12  -1.7593568503956800e-01   1.7593568503354901e-01   4.9311849058824901e-11
   5.5000000000000000e+00   3.3814408597210299e-01   3.7536804095305402e-02   3.7536804080208999e-02   6.6152893949471703e-01   7.9568906044894799e-12  -1.8506825895542001e-01   1.8506825894944101e-01   4.9033080342843602e-11
   5.5099999999999998e+00   3.4572295010750198e-01   4.0921475615751102e-02   4.0921475598477502e-02   6.5395007529796600e-01   8.2814949746823293e-12  -1.9380757545433100e-01   1.9380757544844299e-01   4.8710584704870999e-11
   5.5199999999999996e+00   3.5364315617092601e-01   4.4550072118905500e-02   4.4550072099485000e-02   6.4602986906973903e-01   8.6492295991857603e-12  -2.0213182282466699e-01   2.0213182281892100e-01   4.8344918609372997e-11
   5.5300000000000002e+00   3.6188768200223198e-01   4.8413453649387601e-02   4.8413453627864901e-02   6.3778534323843294e-01   9.0589671676471605e-12  -2.1002012205361800e-01   2.1002012204806300e-01   4.7935467353857001e-11
   5.5400000000000000e+00   3.7043868759561899e-01   5.2501887322792498e-02   5.2501887299207399e-02   6.2923433764504300e-01   9.5103543167475097e-12  -2.1745258043011900e-01   2.1745258042480500e-01   4.7484365389588801e-11
   5.5499999999999998e+00   3.7927755867557800e-01   5.6805074735510198e-02   5.6805074709907401e-02   6.2039546656502098e-01   1.0002545212426999e-11  -2.2441034299015000e-01   2.2441034298512300e-01   4.6992458192481401e-11
   5.5599999999999996e+00   3.8838494833778198e-01   6.1312178006967803e-02   6.1312177979396400e-02   6.1128807690222997e-01   1.0534601330755100e-11  -2.3087564125720800e-01   2.3087564125251800e-01   4.6460683928662200e-11
   5.5700000000000003e+00   3.9774082143523398e-01   6.6011847889068595e-02   6.6011847859582307e-02   6.0193220380154899e-01   1.1105493311654300e-11  -2.3683183938610600e-01   2.3683183938180000e-01   4.5890071601892200e-11
   5.5800000000000001e+00   4.0732450074734000e-01   7.0892253237435102e-02   7.0892253206092104e-02   5.9234852447667496e-01   1.1714103016979200e-11  -2.4226347754271699e-01   2.4226347753884001e-01   4.5281738996489600e-11
   5.5899999999999999e+00   4.1711471481349399e-01   7.5941111757753504e-02   7.5941111724616095e-02   5.8255831037017303e-01   1.2359225788203600e-11  -2.4715631241374600e-01   2.4715631241034400e-01   4.4636890420422199e-11
   5.5999999999999996e+00   4.2708964730722798e-01   8.1145721936046994e-02   8.1145721901181397e-02   5.7258337776802504e-01   1.3039572898409199e-11  -2.5149735475120999e-01   2.5149735474832602e-01   4.3956814253772303e-11
   5.6100000000000003e+00   4.3722698887508799e-01   8.6492996907516703e-02   8.6492996870993794e-02   5.6244603620016498e-01   1.3753737981098600e-11  -2.5527490200385899e-01   2.5527490200153602e-01   4.3242494874441903e-11
   5.6200000000000001e+00   4.4750398718572099e-01   9.1969496839576198e-02   9.1969496801470194e-02   5.5216903788953198e-01   1.4500311577656600e-11  -2.5847857305060101e-01   2.5847857304888100e-01   4.2495767506450999e-11
   5.6299999999999999e+00   4.5789750196547402e-01   9.7561465305264702e-02   9.7561465265653693e-02   5.4177552310976196e-01   1.5277769766441201e-11  -2.6109933331763602e-01   2.6109933331655799e-01   4.1718156442830903e-11
   5.6399999999999997e+00   4.6838405891842599e-01   1.0325486473320999e-01   1.0325486469217600e-01   5.3128896615665400e-01   1.6084516173650799e-11  -2.6312952006530599e-01   2.6312952006490897e-01   4.0911258424416401e-11
   5.6500000000000004e+00   4.7893990503405498e-01   1.0903541296157400e-01   1.0903541291920200e-01   5.2073312004016403e-01   1.6918885323841899e-11  -2.6456286351075398e-01   2.6456286351107500e-01   4.0076739288303602e-11
   5.6600000000000001e+00   4.8954106467138198e-01   1.1488862041159500e-01   1.1488862036797200e-01   5.1013196039943098e-01   1.7779146150281899e-11  -2.6539450449305202e-01   2.6539450449412599e-01   3.9216330456479798e-11
   5.6699999999999999e+00   5.0016339628099604e-01   1.2079982777724900e-01   1.2079982773246700e-01   4.9950962877905097e-01   1.8663505657509500e-11  -2.6562100864664900e-01   2.6562100864850902e-01   3.8331825272238599e-11
   5.6799999999999997e+00   5.1078264962536302e-01   1.2675424412667999e-01   1.2675424408083399e-01   4.8889037540575297e-01   1.9570112728098302e-11  -2.6524037706176401e-01   2.6524037706444298e-01   3.7425075192361098e-11
   5.6900000000000004e+00   5.2137452323304501e-01   1.3273698533292000e-01   1.3273698528610500e-01   4.7829850179807099e-01   2.0498270265776501e-11  -2.6425205091761800e-01   2.6425205092114601e-01   3.6497274417509100e-11
   5.7000000000000002e+00   5.3191472232235604e-01   1.3873311256081799e-01   1.3873311251313400e-01   4.6775830270876001e-01   2.1444811939735599e-11  -2.6265691972165400e-01   2.6265691972605998e-01   3.5551083424796297e-11
   5.7100000000000000e+00   5.4237901655297305e-01   1.4472767108154000e-01   1.4472767103308801e-01   4.5729400847816598e-01   2.2407733143766601e-11  -2.6045731721958498e-01   2.6045731722489401e-01   3.4588506619453903e-11
   5.7199999999999998e+00   5.5274329778324505e-01   1.5070572890193201e-01   1.5070572885281600e-01   4.4692972724810198e-01   2.3384987674115400e-11  -2.5765701857420398e-01   2.5765701858043999e-01   3.3611590012825598e-11
   5.7300000000000004e+00   5.6298363759417502e-01   1.5665241531580401e-01   1.5665241526612800e-01   4.3668938743831798e-01   2.4374492141914700e-11  -2.5426123289074298e-01   2.5426123289792901e-01   3.2622416809847203e-11
   5.7400000000000002e+00   5.7307634445015199e-01   1.6255295922987800e-01   1.6255295917974899e-01   4.2659668058687300e-01   2.5374130477351599e-11  -2.5027659217041898e-01   2.5027659217857201e-01   3.1623102904823000e-11
   5.7500000000000000e+00   5.8299802035956305e-01   1.6839272716312800e-01   1.6839272711265299e-01   4.1667500469178698e-01   2.6381758516004101e-11  -2.4571113673138001e-01   2.4571113674051800e-01   3.0615792295097298e-11
   5.7599999999999998e+00   5.9272561690158598e-01   1.7415726082069000e-01   1.7415726076997901e-01   4.0694740818826097e-01   2.7395208657646401e-11  -2.4057429714800499e-01   2.4057429715814399e-01   2.9602652422356798e-11
   5.7699999999999996e+00   6.0223648945640496e-01   1.7983231347883299e-01   1.7983231342799399e-01   3.9743653563344200e-01   2.8410992684475300e-11  -2.3487687081144901e-01   2.3487687082260000e-01   2.8587057156205300e-11
   5.7800000000000002e+00   6.1150845339966498e-01   1.8540388758514600e-01   1.8540388753428899e-01   3.8816457169018398e-01   2.9428215564233602e-11  -2.2863100077670601e-01   2.2863100078887899e-01   2.7570020815690699e-11
   5.7900000000000000e+00   6.2051983579665204e-01   1.9085826942994399e-01   1.9085826937917999e-01   3.7915318929323799e-01   3.0444671833640397e-11  -2.2185014433099301e-01   2.2185014434419600e-01   2.6553748758172201e-11
   5.7999999999999998e+00   6.2924952778603604e-01   1.9618206417770001e-01   1.9618206412714001e-01   3.7042349730424501e-01   3.1458151823290297e-11  -2.1454904220371099e-01   2.1454904221795101e-01   2.5540450550823400e-11
   5.8099999999999996e+00   6.3767703523834895e-01   2.0136222971936299e-01   2.0136222966911699e-01   3.6199598985407999e-01   3.2466446508631797e-11  -2.0674368374103899e-01   2.0674368375631799e-01   2.4532335119750901e-11
   5.8200000000000003e+00   6.4578252796960101e-01   2.0638610951143899e-01   2.0638610946161601e-01   3.5389049713132698e-01   3.3467352370227099e-11  -1.9845126898923399e-01   1.9845126900555299e-01   2.3531605889885301e-11
   5.8300000000000001e+00   6.5354688739584899e-01   2.1124146432040600e-01   2.1124146427111601e-01   3.4612613773195100e-01   3.4458676253053201e-11  -1.8969016778895800e-01   1.8969016780631501e-01   2.2540455925936699e-11
   5.8399999999999999e+00   6.6095175252073501e-01   2.1591650279604199e-01   2.1591650274739399e-01   3.3872127267929503e-01   3.5438240214720999e-11  -1.8047987599094301e-01   1.8047987600933599e-01   2.1561063084603801e-11
   5.8499999999999996e+00   6.6797956273108505e-01   2.2039990977430399e-01   2.2039990972640400e-01   3.3169346246894499e-01   3.6403817863424699e-11  -1.7084096831722800e-01   1.7084096833665000e-01   2.0595558894913198e-11
   5.8600000000000003e+00   6.7461360274825199e-01   2.2468087616633700e-01   2.2468087611929199e-01   3.2505942245177899e-01   3.7353353689594203e-11  -1.6079505036774100e-01   1.6079505038818301e-01   1.9646099026892600e-11
   5.8700000000000001e+00   6.8083804066328002e-01   2.2874912390984400e-01   2.2874912386375701e-01   3.1883498453678699e-01   3.8284743385052201e-11  -1.5036470585918599e-01   1.5036470588063899e-01   1.8714787633953199e-11
   5.8799999999999999e+00   6.8663796658747100e-01   2.3259493139481799e-01   2.3259493134979201e-01   3.1303505861293202e-01   3.9195916829914198e-11  -1.3957344277457301e-01   1.3957344279702300e-01   1.7803694677226900e-11
   5.8899999999999997e+00   6.9199942850857499e-01   2.3620915692301300e-01   2.3620915687914901e-01   3.0767359669368999e-01   4.0084842718067000e-11  -1.2844563697450401e-01   1.2844563699793499e-01   1.6914851300369600e-11
   5.9000000000000004e+00   6.9690946585794000e-01   2.3958326056720300e-01   2.3958326052459999e-01   3.0276355935169602e-01   4.0949533107402100e-11  -1.1700647370120400e-01   1.1700647372559900e-01   1.6050245279680400e-11
   5.9100000000000001e+00   7.0135614071385899e-01   2.4270932438184201e-01   2.4270932434059400e-01   2.9831688451909200e-01   4.1788047885168199e-11  -1.0528188712071999e-01   1.0528188714606000e-01   1.5211816559219101e-11
   5.9199999999999999e+00   7.0532856657398502e-01   2.4558007092293799e-01   2.4558007088313799e-01   2.9434445872167497e-01   4.2598499139121601e-11  -9.3298498051430298e-02   9.3298498077692693e-02   1.4401452880297001e-11
   5.9299999999999997e+00   7.0881693340335195e-01   2.4818887905655401e-01   2.4818887901829401e-01   2.9085609189230799e-01   4.3379706302293699e-11  -8.1083551104464802e-02   8.1083551131626602e-02   1.3620103959048000e-11
   5.9400000000000004e+00   7.1181253368770303e-01   2.5052980083205401e-01   2.5052980079542098e-01   2.8786049160795701e-01   4.4129239036278397e-11  -6.8664847347855995e-02   6.8664847375891402e-02   1.2870433278966201e-11
   5.9500000000000002e+00   7.1430778147955398e-01   2.5259757306474401e-01   2.5259757302982100e-01   2.8536524381611400e-01   4.4845390065005598e-11  -5.6070679234505899e-02   5.6070679263386901e-02   1.2154148067262700e-11
   5.9600000000000000e+00   7.1629623122256203e-01   2.5438762902092299e-01   2.5438762898778999e-01   2.8337679407318300e-01   4.5526520636667499e-11  -4.3329762442489497e-02   4.3329762472186097e-02   1.1472887022666600e-11
   5.9699999999999998e+00   7.1777259331238896e-01   2.5589610780789901e-01   2.5589610777663302e-01   2.8190043198378001e-01   4.6171064267929902e-11  -3.0471167167318298e-02   3.0471167197798799e-02   1.0828216571622900e-11
   5.9800000000000004e+00   7.1873274689742594e-01   2.5711986187796299e-01   2.5711986184863600e-01   2.8094027840042102e-01   4.6777530337129803e-11  -1.7524248616735499e-02   1.7524248647966301e-02   1.0221627275502500e-11
   5.9900000000000002e+00   7.1917374989412997e-01   2.5805646263753901e-01   2.5805646261022103e-01   2.8049927540903202e-01   4.7344507518733801e-11  -4.5185768710119803e-03   4.5185769029579201e-03   9.6545303965587799e-12
   6.0000000000000000e+00   7.1909384619911898e-01   2.5870420415862400e-01   2.5870420413337702e-01   2.8057917911834601e-01   4.7870667051786297e-11   8.5161337310637204e-03  -8.5161336984395496e-03   9.1282546299111408e-12
   6.0099999999999998e+00   7.1849246949118095e-01   2.5906210439985500e-01   2.5906210437674099e-01   2.8118055582628398e-01   4.8353716391138601e-11   2.1550093047417999e-02  -2.1550093014155398e-02   8.6450409142526295e-12
   6.0199999999999996e+00   7.1737024600860699e-01   2.5912990630199900e-01   2.5912990628107402e-01   2.8230277930885700e-01   4.8793548902296199e-11   3.4553510728612201e-02  -3.4553510694750898e-02   8.2050504020339797e-12
   6.0300000000000002e+00   7.1572899223162001e-01   2.5890807478702899e-01   2.5890807476834299e-01   2.8394403308581101e-01   4.9189100442496298e-11   4.7496663213545398e-02  -4.7496663179126701e-02   7.8093470963677607e-12
   6.0400000000000000e+00   7.1357171105200901e-01   2.5839779314377198e-01   2.5839779312737099e-01   2.8610131426512198e-01   4.9539400651861000e-11   6.0349965179588100e-02  -6.0349965144654599e-02   7.4589012132237600e-12
   6.0499999999999998e+00   7.1090258484138302e-01   2.5760095727718202e-01   2.5760095726310700e-01   2.8877044047409300e-01   4.9843575274632799e-11   7.3084039527089001e-02  -7.3084039491684294e-02   7.1545868604859003e-12
   6.0599999999999996e+00   7.0772696573058502e-01   2.5652016812584799e-01   2.5652016811413703e-01   2.9194605957833097e-01   5.0100848273500502e-11   8.5669786755117702e-02  -8.5669786719286503e-02   6.8971799238316799e-12
   6.0700000000000003e+00   7.0405136312687100e-01   2.5515872227781600e-01   2.5515872226849901e-01   2.9562166216128000e-01   5.0310543732289001e-11   9.8078453574799995e-02  -9.8078453538588004e-02   6.6873561641167004e-12
   6.0800000000000001e+00   6.9988342850125096e-01   2.5352060081914801e-01   2.5352060081225097e-01   2.9978959673098998e-01   5.0472087542814598e-11   1.1028170061395100e-01  -1.1028170057740500e-01   6.5256895304106098e-12
   6.0899999999999999e+00   6.9523193769424696e-01   2.5161045641233398e-01   2.5161045640787699e-01   3.0444108753799298e-01   5.0585082678516599e-11   1.2225166583612500e-01  -1.2225166579929200e-01   6.4127321191474798e-12
   6.0999999999999996e+00   6.9010677010771104e-01   2.4943359890257499e-01   2.4943359890057301e-01   3.0956625512452501e-01   5.0649125546345498e-11   1.3396103596868100e-01  -1.3396103593160899e-01   6.3487306674565104e-12
   6.1100000000000003e+00   6.8451888579437103e-01   2.4699597896104200e-01   2.4699597896150499e-01   3.1515413943779103e-01   5.0663957432927300e-11   1.4538310524602499e-01  -1.4538310520876099e-01   6.3339435723295201e-12
   6.1200000000000001e+00   6.7848029982156099e-01   2.4430417037574001e-01   2.4430417037867400e-01   3.2119272540990301e-01   5.0629425819870703e-11   1.5649183883910600e-01  -1.5649183880170001e-01   6.3685230327867497e-12
   6.1299999999999999e+00   6.7200405421693998e-01   2.4136535076149099e-01   2.4136535076689500e-01   3.2766897101068099e-01   5.0545484924590797e-11   1.6726193318371699e-01  -1.6726193314622001e-01   6.4525145091365202e-12
   6.1399999999999997e+00   6.6510418753174105e-01   2.3818728080546500e-01   2.3818728081333301e-01   3.3456883768065498e-01   5.0412196007089201e-11   1.7766887443514201e-01  -1.7766887439760101e-01   6.5858564161452900e-12
   6.1500000000000004e+00   6.5779570209425198e-01   2.3477828210955901e-01   2.3477828211988000e-01   3.4187732306993701e-01   5.0229727441722501e-11   1.8768899492930899e-01  -1.8768899489177401e-01   6.7683800509916497e-12
   6.1600000000000001e+00   6.5009452902958698e-01   2.3114721369310501e-01   2.3114721370586200e-01   3.4957849600481800e-01   4.9998354553521098e-11   1.9729952754096899e-01  -1.9729952750349100e-01   6.9998097563267799e-12
   6.1699999999999999e+00   6.4201749205917302e-01   2.2730344771096000e-01   2.2730344772613001e-01   3.5765553297523200e-01   4.9719395376563502e-11   2.0647865448635699e-01  -2.0647865444898200e-01   7.2787864840788108e-12
   6.1799999999999997e+00   6.3358226671218798e-01   2.2325684267555401e-01   2.2325684269311100e-01   3.6609075832221299e-01   4.9392436199992602e-11   2.1520556339567401e-01  -2.1520556335845201e-01   7.6057602678141199e-12
   6.1900000000000004e+00   6.2480734058341902e-01   2.1901771707563600e-01   2.1901771709554799e-01   3.7486568445086899e-01   4.9018069132906798e-11   2.2346048914270700e-01  -2.2346048910568700e-01   7.9801391232331502e-12
   6.2000000000000002e+00   6.1571197015324797e-01   2.1459682116993700e-01   2.1459682119216600e-01   3.8396105487998000e-01   4.8596990171585002e-11   2.3122475963365199e-01  -2.3122475959688199e-01   8.4012271794242205e-12
   6.2100000000000000e+00   6.0631613621738401e-01   2.1000530799592501e-01   2.1000530802042799e-01   3.9335688880999298e-01   4.8129997865546998e-11   2.3848083745512999e-01  -2.3848083741865800e-01   8.8682260120272701e-12
   6.2199999999999998e+00   5.9664049769602001e-01   2.0525470351020000e-01   2.0525470353693101e-01   4.0303252730817601e-01   4.7617991755342202e-11   2.4521235872740299e-01  -2.4521235869127500e-01   9.3802362044839198e-12
   6.2300000000000004e+00   5.8670634392807497e-01   2.0035687594020199e-01   2.0035687596910701e-01   4.1296668100275502e-01   4.7061970585107502e-11   2.5140416909523600e-01  -2.5140416905949797e-01   9.9362591341944096e-12
   6.2400000000000002e+00   5.7653554555665398e-01   1.9532400442659201e-01   1.9532400445761500e-01   4.2313747917673500e-01   4.6463030293398997e-11   2.5704235680040699e-01  -2.5704235676510501e-01   1.0535198979902100e-11
   6.2500000000000000e+00   5.6615050557836200e-01   1.9016854793122401e-01   1.9016854796430599e-01   4.3352251915502599e-01   4.5822448205927002e-11   2.6211427975537399e-01  -2.6211427972055201e-01   1.1175722387976900e-11
   6.2599999999999998e+00   5.5557410515753902e-01   1.8490321113956701e-01   1.8490321117464001e-01   4.4409891957584302e-01   4.5141366262943300e-11   2.6660859831697098e-01  -2.6660859828267303e-01   1.1856753701150500e-11
   6.2699999999999996e+00   5.4482965327984501e-01   1.7954091287145901e-01   1.7954091290845400e-01   4.5484337145338799e-01   4.4421156907328800e-11   2.7051529421890302e-01  -2.7051529418516901e-01   1.2576920710251100e-11
   6.2800000000000002e+00   5.3394083285890104e-01   1.7409475255236301e-01   1.7409475259120499e-01   4.6573219187294301e-01   4.3663279702049602e-11   2.7382569233182602e-01  -2.7382569229869802e-01   1.3334764064889499e-11
   6.2900000000000000e+00   5.2293164664687397e-01   1.6857797677322400e-01   1.6857797681383199e-01   4.7674137807732597e-01   4.2869278287256601e-11   2.7653247789417201e-01  -2.7653247786168900e-01   1.4128740315690801e-11
   6.2999999999999998e+00   5.1182636250769198e-01   1.6300394568588100e-01   1.6300394572817400e-01   4.8784666218625100e-01   4.2040777147404199e-11   2.7862971050314900e-01  -2.7862971047134899e-01   1.4957225146307400e-11
   6.3099999999999996e+00   5.0064945817329898e-01   1.5738609931652500e-01   1.5738609936041500e-01   4.9902356642495899e-01   4.1179478195091099e-11   2.8011283485999700e-01  -2.8011283482891702e-01   1.5818516788326501e-11
   6.3200000000000003e+00   4.8942556560088701e-01   1.5173792387705301e-01   1.5173792392244900e-01   5.1024745874006305e-01   4.0287157178666700e-11   2.8097868827471900e-01  -2.8097868824439198e-01   1.6710839611798600e-11
   6.3300000000000001e+00   4.7817941685794801e-01   1.4607291930988600e-01   1.4607291935669700e-01   5.2149360748300300e-01   3.9365073269881803e-11   2.8122550242584299e-01  -2.8122550239630401e-01   1.7632263056362600e-11
   6.3399999999999999e+00   4.6693578479339498e-01   1.4040456376436000e-01   1.4040456381248800e-01   5.3273723954755003e-01   3.8415680282778603e-11   2.8085290918030598e-01  -2.8085290915158501e-01   1.8581008101195101e-11
   6.3499999999999996e+00   4.5571942983156399e-01   1.3474628223418300e-01   1.3474628228352700e-01   5.4395359450919900e-01   3.7440952847751698e-11   2.7986193419957400e-01  -2.7986193417170102e-01   1.9555099909088999e-11
   6.3600000000000003e+00   4.4455504355864600e-01   1.2911141341616700e-01   1.2911141346662400e-01   5.5511798078041696e-01   3.6442923699130501e-11   2.7825499235607598e-01  -2.7825499232907702e-01   2.0552505547722801e-11
   6.3700000000000001e+00   4.3346719331181000e-01   1.2351317746621000e-01   1.2351317751767500e-01   5.6620583101790301e-01   3.5423679331085699e-11   2.7603587883994102e-01  -2.7603587881384201e-01   2.1571138333344601e-11
   6.3799999999999999e+00   4.2248026717296100e-01   1.1796464427128600e-01   1.1796464432365100e-01   5.7719275711978402e-01   3.4385355528411897e-11   2.7320975710092099e-01  -2.7320975707574602e-01   2.2608862299184099e-11
   6.3899999999999997e+00   4.1161841948219902e-01   1.1247870230764399e-01   1.1247870236079900e-01   5.8805460469376403e-01   3.3330132781641497e-11   2.6978314368009199e-01  -2.6978314365586198e-01   2.3663496778917801e-11
   6.4000000000000004e+00   4.0090551698093702e-01   1.0706802815097100e-01   1.0706802820480400e-01   5.9876750688133396e-01   3.2260231596116902e-11   2.6576388999531603e-01  -2.6576388997205003e-01   2.4732821095283599e-11
   6.4100000000000001e+00   3.9036508772007900e-01   1.0174505800470000e-01   1.0174505805909299e-01   6.0930793614219103e-01   3.1178182743035303e-11   2.6116115917021399e-01  -2.6116115914792698e-01   2.5814619487029201e-11
   6.4199999999999999e+00   3.8002026511089898e-01   9.6521956342609502e-02   9.6521956397448996e-02   6.1965275875136205e-01   3.0086062405473898e-11   2.5598540571848799e-01  -2.5598540569719602e-01   2.6906490392094199e-11
   6.4299999999999997e+00   3.6989373990429503e-01   9.1410589868088102e-02   9.1410589923257402e-02   6.2977928395774396e-01   2.8986180937927999e-11   2.5024834523909201e-01  -2.5024834521880701e-01   2.8006123457789901e-11
   6.4400000000000004e+00   3.6000770947911898e-01   8.6422499964039098e-02   8.6422500019421505e-02   6.3966531438085905e-01   2.7880868914372501e-11   2.4396292534001199e-01  -2.4396292532074201e-01   2.9111188110392000e-11
   6.4500000000000002e+00   3.5038382919564498e-01   8.1568876674600693e-02   8.1568876730078593e-02   6.4928919465301704e-01   2.6772472080953698e-11   2.3714329297033199e-01  -2.3714329295208600e-01   3.0219338603645003e-11
   6.4600000000000000e+00   3.4104316509243598e-01   7.6860533744466594e-02   7.6860533799921901e-02   6.5862985871155899e-01   2.5663346269186299e-11   2.2980475913772400e-01  -2.2980475912050699e-01   3.1328219106429300e-11
   6.4699999999999998e+00   3.3200614801777600e-01   7.2307884761910898e-02   7.2307884817225596e-02   6.6766687564534799e-01   2.4555852280507900e-11   2.2196376111578700e-01  -2.2196376109960100e-01   3.2435468818456999e-11
   6.4800000000000004e+00   3.2329252927963398e-01   6.7920920446079600e-02   6.7920920501135795e-02   6.7638049400570399e-01   2.3452350752991200e-11   2.1363782225236500e-01  -2.1363782223721201e-01   3.3538727102849101e-11
   6.4900000000000002e+00   3.1492134010573603e-01   6.3709188505925898e-02   6.3709188560608795e-02   6.8475168317960300e-01   2.2354375375469501e-11   2.0484550794884401e-01  -2.0484550793472200e-01   3.4636746964631701e-11
   6.5000000000000000e+00   3.0691084652930301e-01   5.9681770783047400e-02   5.9681770837240002e-02   6.9276217675602303e-01   2.1265040812192201e-11   1.9560638399982000e-01  -1.9560638398672500e-01   3.5726127598557503e-11
   6.5099999999999998e+00   2.9927851369123798e-01   5.5847266465252100e-02   5.5847266518838201e-02   7.0039450959380600e-01   2.0186678198009899e-11   1.8594096723382500e-01  -1.8594096722174999e-01   3.6804537800280899e-11
   6.5199999999999996e+00   2.9204096783132300e-01   5.2213773975244203e-02   5.2213774028108999e-02   7.0763205545109498e-01   1.9121598118072500e-11   1.7587067738201800e-01  -1.7587067737095499e-01   3.7869666906026197e-11
   6.5300000000000002e+00   2.8521396116740899e-01   4.8788874789540498e-02   4.8788874841570302e-02   7.1445906210062804e-01   1.8072085557387300e-11   1.6541778640768301e-01  -1.6541778639762000e-01   3.8919229841630399e-11
   6.5400000000000000e+00   2.7881233881784900e-01   4.5579618638533402e-02   4.5579618689616401e-02   7.2086068439356898e-01   1.7040394901790399e-11   1.5460536612929701e-01  -1.5460536612022099e-01   3.9950972119846697e-11
   6.5499999999999998e+00   2.7285000781998398e-01   4.2592510102929498e-02   4.2592510152955697e-02   7.2682301521330706e-01   1.6028745001032901e-11   1.4345723427390300e-01  -1.4345723426579801e-01   4.0962674774884799e-11
   6.5599999999999996e+00   2.6733990828890097e-01   3.9833496615884700e-02   3.9833496664746199e-02   7.3233311426788095e-01   1.5039314304396399e-11   1.3199789910114701e-01  -1.3199789909399501e-01   4.1952159223369300e-11
   6.5700000000000003e+00   2.6229398675228399e-01   3.7307957874444103e-02   3.7307957922035603e-02   7.3737903467682697e-01   1.4074236078939900e-11   1.2025250274129100e-01  -1.2025250273507200e-01   4.2917292041144603e-11
   6.5800000000000001e+00   2.5772317709804698e-01   3.5020699924163699e-02   3.5020699970381403e-02   7.4194984433106403e-01   1.3135455108388000e-11   1.0824676055772300e-01  -1.0824676055241400e-01   4.3855900954795100e-11
   6.5899999999999999e+00   2.5363736757837202e-01   3.2975940870223097e-02   3.2975940914967000e-02   7.4603565385072101e-01   1.2225155358672600e-11   9.6006908319174994e-02  -9.6006908314752795e-02   4.4766028974382500e-11
   6.5999999999999996e+00   2.5004539019155397e-01   3.1177310160879299e-02   3.1177310204052198e-02   7.4962763123708398e-01   1.1345307581898801e-11   8.3559637308877902e-02  -8.3559637305315806e-02   4.5645705446722303e-11
   6.6100000000000003e+00   2.4695500114863100e-01   2.9627842487207300e-02   2.9627842528715601e-02   7.5271802027580004e-01   1.0497819372502599e-11   7.0932035160653106e-02  -7.0932035157922596e-02   4.6493022919833403e-11
   6.6200000000000001e+00   2.4437286622439500e-01   2.8329974633394098e-02   2.8329974673147500e-02   7.5530015517713600e-01   9.6845309728303294e-12   5.8151524646155098e-02  -5.8151524644226203e-02   4.7306141334288699e-11
   6.6299999999999999e+00   2.4230454854109701e-01   2.7285543772257798e-02   2.7285543810169701e-02   7.5736847277079600e-01   8.9072112241680193e-12   4.5245802002850798e-02  -4.5245802001691503e-02   4.8083292068567700e-11
   6.6399999999999997e+00   2.4075449878302199e-01   2.6495787184511801e-02   2.6495787220499601e-02   7.5891852224849798e-01   8.1675536715326107e-12   3.2242774951666497e-02  -3.2242774951243100e-02   4.8822781829580401e-11
   6.6500000000000004e+00   2.3972604783045701e-01   2.5961343374590599e-02   2.5961343408575401e-02   7.5994697245533704e-01   7.4671728299881398e-12   1.9170500553578999e-02  -1.9170500553856100e-02   4.9522996379980799e-11
   6.6600000000000001e+00   2.3922140179262999e-01   2.5682254550593201e-02   2.5682254582500699e-02   7.6045161673839401e-01   6.8076006196909704e-12   6.0571230539901901e-03  -6.0571230549307702e-03   5.0182404094361501e-11
   6.6699999999999999e+00   2.3924164697076400e-01   2.5657974771811601e-02   2.5657974801571601e-02   7.6043137156025997e-01   6.1912791939428902e-12  -7.0691914752399800e-03   7.0691914736752404e-03   5.0798842276579598e-11
   6.6799999999999997e+00   2.3978673445018600e-01   2.5887366324433499e-02   2.5887366351980402e-02   7.5988628408075898e-01   5.6185732232503298e-12  -2.0180309775519600e-02   2.0180309773370399e-02   5.1371663574213598e-11
   6.6900000000000004e+00   2.4085549528968200e-01   2.6368713629158599e-02   2.6368713654431799e-02   7.5881752323941398e-01   5.0907468576105101e-12  -3.3248198947576302e-02   3.3248198944883997e-02   5.1899604471988399e-11
   6.7000000000000002e+00   2.4244564220176301e-01   2.7099729264222400e-02   2.7099729287165801e-02   7.5722737631089598e-01   4.6089689236724503e-12  -4.6244985755235703e-02   4.6244985752042403e-02   5.2381496565322601e-11
   6.7100000000000000e+00   2.4455377708979600e-01   2.8077563242124300e-02   2.8077563262686900e-02   7.5511924133673503e-01   4.1743104884811098e-12  -5.9143016996376800e-02   5.9143016992726102e-02   5.2816269072459403e-11
   6.7199999999999998e+00   2.4717540090722201e-01   2.9298813482843699e-02   2.9298813500979601e-02   7.5249761719431296e-01   3.7877425792786802e-12  -7.1914919073259906e-02   7.1914919069196004e-02   5.3202951158035498e-11
   6.7300000000000004e+00   2.5030492576231800e-01   3.0759537420713801e-02   3.0759537436382000e-02   7.4936809135778204e-01   3.4501340837747900e-12  -8.4533656620624203e-02   8.4533656616192498e-02   5.3540674054039197e-11
   6.7400000000000002e+00   2.5393568918370002e-01   3.2455264678068502e-02   3.2455264691233499e-02   7.4573732541236304e-01   3.1622498464557000e-12  -9.6972590053869406e-02   9.6972590049116097e-02   5.3828672968414799e-11
   6.7500000000000000e+00   2.5805997045573498e-01   3.4381010736051702e-02   3.4381010746683198e-02   7.4161303838921200e-01   2.9247489708419398e-12  -1.0920553190479000e-01   1.0920553189976100e-01   5.4066288774464602e-11
   6.7599999999999998e+00   2.6266900892868800e-01   3.6531291531270597e-02   3.6531291539343598e-02   7.3700398799282596e-01   2.7381833339120801e-12  -1.2120680181837000e-01   1.2120680181311400e-01   5.4252969476227099e-11
   6.7699999999999996e+00   2.6775302420530300e-01   3.8900138906081801e-02   3.8900138911577002e-02   7.3191994979700403e-01   2.6029963164402498e-12  -1.3295128009084101e-01   1.3295128008540499e-01   5.4388271446491198e-11
   6.7800000000000002e+00   2.7330123810361101e-01   4.1481116840086103e-02   4.1481116842989399e-02   7.2637169448875805e-01   2.5195217512902599e-12  -1.4441445963632599e-01   1.4441445963075900e-01   5.4471860435250297e-11
   6.7900000000000000e+00   2.7930189829463498e-01   4.4267338390784602e-02   4.4267338391087603e-02   7.2037096324240002e-01   2.4879830904839699e-12  -1.5557249627693501e-01   1.5557249627128500e-01   5.4503512347327398e-11
   6.7999999999999998e+00   2.8574252715665999e-01   4.7251608049772797e-02   4.7251608047472297e-02   7.1393033438037601e-01   2.5080738509669201e-12  -1.6640235202208400e-01   1.6640235201640000e-01   5.4483349722347202e-11
   6.8099999999999996e+00   2.9260941136045898e-01   5.0426139632711697e-02   5.0426139627810403e-02   7.0706345017659000e-01   2.5802359286083201e-12  -1.7688160250309801e-01   1.7688160249742699e-01   5.4411122545050603e-11
   6.8200000000000003e+00   2.9988809286405399e-01   5.3782833964102203e-02   5.3782833956608198e-02   6.9978476867334105e-01   2.7043621254644902e-12  -1.8698869435091600e-01   1.8698869434530799e-01   5.4286938136332100e-11
   6.8300000000000001e+00   3.0756326836957898e-01   5.7313225138512502e-02   5.7313225128439400e-02   6.9210959317106702e-01   2.8802345611803201e-12  -1.9670292500106601e-01   1.9670292499556699e-01   5.4111014446487801e-11
   6.8399999999999999e+00   3.1561882420654203e-01   6.1008502342625899e-02   6.1008502329992900e-02   6.8405403735212900e-01   3.1075251516894500e-12  -2.0600448418963499e-01   2.0600448418429501e-01   5.3883679576045700e-11
   6.8499999999999996e+00   3.2403787285482399e-01   6.4859532279677806e-02   6.4859532264509495e-02   6.7563498877574002e-01   3.3857963321829100e-12  -2.1487449333354500e-01   2.1487449332841099e-01   5.3605371053181399e-11
   6.8600000000000003e+00   3.3280279103813998e-01   6.8856882147773593e-02   6.8856882130099994e-02   6.6687007082157601e-01   3.7145020234115801e-12  -2.2329504272873399e-01   2.2329504272385300e-01   5.3276634869115798e-11
   6.8700000000000001e+00   3.4189525932128001e-01   7.2990843126192695e-02   7.2990843106049003e-02   6.5777760315957001e-01   4.0929888401060802e-12  -2.3124922650630500e-01   2.3124922650172300e-01   5.2898124273316801e-11
   6.8799999999999999e+00   3.5129630314742999e-01   7.7251454326613497e-02   7.7251454304040304e-02   6.4837656082298500e-01   4.5204975400409302e-12  -2.3872117529292800e-01   2.3872117528869100e-01   5.2470598330729902e-11
   6.8899999999999997e+00   3.6098632865624403e-01   8.1628523392129199e-02   8.1628523367172606e-02   6.3868653531417097e-01   4.9961388580772800e-12  -2.4569608412646199e-01   2.4569608412261501e-01   5.1994802511398901e-11
   6.9000000000000004e+00   3.7094517941294802e-01   8.6111658718621406e-02   8.6111658691332096e-02   6.2872768455747396e-01   5.5189548332021097e-12  -2.5216024545740001e-01   2.5216024545398602e-01   5.1471836601552403e-11
   6.9100000000000001e+00   3.8115216996340601e-01   9.0690287997373900e-02   9.0690287967807606e-02   6.1852069400717202e-01   6.0878809784499004e-12  -2.5810107015586597e-01   2.5810107015292899e-01   5.0902765058747298e-11
   6.9199999999999999e+00   3.9158613406819498e-01   9.5353684821661996e-02   9.5353684789879198e-02   6.0808672990385004e-01   6.7017550896216099e-12  -2.6350711156265999e-01   2.6350711156023998e-01   5.0288750036011700e-11
   6.9299999999999997e+00   4.0222547082243598e-01   1.0009099370240100e-01   1.0009099366846699e-01   5.9744739315769102e-01   7.3593198012843506e-12  -2.6836808575750198e-01   2.6836808575563997e-01   4.9631048827102597e-11
   6.9400000000000004e+00   4.1304819154586803e-01   1.0489125515422000e-01   1.0489125511820400e-01   5.8662467246628802e-01   8.0592253511352500e-12  -2.7267488925902900e-01   2.7267488925776401e-01   4.8931011103761499e-11
   6.9500000000000002e+00   4.2403196734786902e-01   1.0974343079999101e-01   1.0974343076196801e-01   5.7564089676570995e-01   8.8000325467342205e-12  -2.7641961413515698e-01   2.7641961413452598e-01   4.8190075951151000e-11
   6.9600000000000000e+00   4.3515417727353800e-01   1.1463642844389400e-01   1.1463642840394100e-01   5.6451868711314201e-01   9.5802159282856198e-12  -2.7959556050790602e-01   2.7959556050794498e-01   4.7409768708031103e-11
   6.9699999999999998e+00   4.4639195693848499e-01   1.1955912706519400e-01   1.1955912702339500e-01   5.5328090809875496e-01   1.0398167120841999e-11  -2.8219724644209798e-01   2.8219724644284200e-01   4.6591697618594402e-11
   6.9800000000000004e+00   4.5772224435322101e-01   1.2450039978862699e-01   1.2450039974506900e-01   5.4195062068401800e-01   1.1251863388261400e-11  -2.8422041487732402e-01   2.8422041487880501e-01   4.5738295899844403e-11
   6.9900000000000002e+00   4.6912183565823001e-01   1.2944914238536301e-01   1.2944914234013499e-01   5.3055102937901200e-01   1.2139851511958500e-11  -2.8566203909671600e-01   2.8566203909896498e-01   4.4850606215323198e-11
   7.0000000000000000e+00   4.8056742907648597e-01   1.3439429442655099e-01   1.3439429437974701e-01   5.1910543596082603e-01   1.3060297047741101e-11  -2.8652032401257499e-01   2.8652032401562100e-01   4.3930462756119102e-11
   7.0099999999999998e+00   4.9203567566038497e-01   1.3932486415702000e-01   1.3932486410873701e-01   5.0763718937758495e-01   1.4011297803950299e-11  -2.8679470581206101e-01   2.8679470581593097e-01   4.2979767456878397e-11
   7.0199999999999996e+00   5.0350322849153095e-01   1.4422995213055601e-01   1.4422995208089201e-01   4.9616963655005603e-01   1.4990887995711899e-11  -2.8648584878764499e-01   2.8648584879236499e-01   4.2000485842537698e-11
   7.0300000000000002e+00   5.1494679170767199e-01   1.4909877444147601e-01   1.4909877439053601e-01   4.8472607334820200e-01   1.5997042534178500e-11  -2.8559563959877998e-01   2.8559563960437201e-01   4.0994642740169099e-11
   7.0400000000000000e+00   5.2634316925837299e-01   1.5392068550911200e-01   1.5392068545699999e-01   4.7332969584259299e-01   1.7027681441219099e-11  -2.8412717898949202e-01   2.8412717899597900e-01   3.9964317865563901e-11
   7.0499999999999998e+00   5.3766931329305501e-01   1.5868520037395800e-01   1.5868520032078301e-01   4.6200355192893200e-01   1.8080674379825901e-11  -2.8208477099095602e-01   2.8208477099835499e-01   3.8911641294386699e-11
   7.0599999999999996e+00   5.4890237208720105e-01   1.6338201646640799e-01   1.6338201641227901e-01   4.5077049342211700e-01   1.9153845290336301e-11  -2.7947390964227697e-01   2.7947390965060698e-01   3.7838788827927802e-11
   7.0700000000000003e+00   5.6001973583588605e-01   1.6800103383549600e-01   1.6800103378052300e-01   4.3965312967343201e-01   2.0245396430469101e-11  -2.7630126406103700e-01   2.7630126407031302e-01   3.6747252484218301e-11
   7.0800000000000001e+00   5.7099908657843501e-01   1.7253237774399299e-01   1.7253237768829199e-01   4.2867377893088299e-01   2.1352660133999401e-11  -2.7257465880191201e-01   2.7257465881214599e-01   3.5640000036644501e-11
   7.0899999999999999e+00   5.8181844139416605e-01   1.7696641689453199e-01   1.7696641683821601e-01   4.1785442411516399e-01   2.2473350472484499e-11  -2.6830305468743898e-01   2.6830305469864302e-01   3.4519317341698398e-11
   7.0999999999999996e+00   5.9245619814003603e-01   1.8129378309398300e-01   1.8129378303716900e-01   4.0721666736940398e-01   2.3605155107125500e-11  -2.6349652580416399e-01   2.6349652581634497e-01   3.3387516670370402e-11
   7.1100000000000003e+00   6.0289117949113402e-01   1.8550538972732400e-01   1.8550538967013000e-01   3.9678168601891600e-01   2.4745740285283001e-11  -2.5816623461040700e-01   2.5816623462357202e-01   3.2246931711956897e-11
   7.1200000000000001e+00   6.1310267594276602e-01   1.8959244947804499e-01   1.8959244942058701e-01   3.8657018956968597e-01   2.5892755876189899e-11  -2.5232440488473801e-01   2.5232440489889002e-01   3.1099912538700697e-11
   7.1299999999999999e+00   6.2307048768954698e-01   1.9354649126624501e-01   1.9354649120864301e-01   3.7660237783046802e-01   2.7043840434652100e-11  -2.4598429257902299e-01   2.4598429259416399e-01   2.9948820542485597e-11
   7.1399999999999997e+00   6.3277496529960697e-01   1.9735937637759299e-01   1.9735937631996500e-01   3.6689790024065899e-01   2.8196626281520599e-11  -2.3916015464291099e-01   2.3916015465904000e-01   2.8796023354814599e-11
   7.1500000000000004e+00   6.4219704910487296e-01   2.0102331375825799e-01   2.0102331370072199e-01   3.5747581648336302e-01   2.9348744589736698e-11  -2.3186721588944001e-01   2.3186721590655501e-01   2.7643889761291800e-11
   7.1600000000000001e+00   6.5131830704998905e-01   2.0453087428432301e-01   2.0453087422699601e-01   3.4835455853824798e-01   3.0497216456806403e-11  -2.2412163532398199e-01   2.2412163534207599e-01   2.6495758398221400e-11
   7.1699999999999999e+00   6.6012097170815098e-01   2.0787500470757300e-01   2.0787500465057199e-01   3.3955189388008400e-01   3.1640356717674500e-11  -2.1594046660720700e-01   2.1594046662627300e-01   2.5352961837946399e-11
   7.1799999999999997e+00   6.6858797500181599e-01   2.1104903997498400e-01   2.1104903991842600e-01   3.3108489058639001e-01   3.2775825398833898e-11  -2.0734162185252900e-01   2.0734162187255900e-01   2.4217839764867001e-11
   7.1900000000000004e+00   6.7670298182878796e-01   2.1404671506979001e-01   2.1404671501379000e-01   3.2296988375914298e-01   3.3901301307497603e-11  -1.9834383095123001e-01   1.9834383097221001e-01   2.3092713065800001e-11
   7.2000000000000002e+00   6.8445042194416605e-01   2.1686217582178299e-01   2.1686217576645600e-01   3.1522244364226398e-01   3.5014486968319399e-11  -1.8896659999598001e-01   1.8896660001789800e-01   2.1979878894628699e-11
   7.2100000000000000e+00   6.9181552014641901e-01   2.1948998877305800e-01   2.1948998871851599e-01   3.0785734543410698e-01   3.6113113499258099e-11  -1.7923016826962199e-01   1.7923016829246199e-01   2.0881605797826001e-11
   7.2199999999999998e+00   6.9878432470936902e-01   2.2192515008692101e-01   2.2192515003327501e-01   3.0088854085259897e-01   3.7194945415801697e-11  -1.6915546389105199e-01   1.6915546391479500e-01   1.9800128911588899e-11
   7.2300000000000004e+00   7.0534373400498696e-01   2.2416309348926200e-01   2.2416309343662100e-01   2.9432913150739498e-01   3.8257785352937902e-11  -1.5876405821168599e-01   1.5876405823631301e-01   1.8737645241145501e-11
   7.2400000000000002e+00   7.1148152126506803e-01   2.2619969723330699e-01   2.2619969718177699e-01   2.8819134413010700e-01   3.9299478694437103e-11  -1.4807811905757001e-01   1.4807811908305801e-01   1.7696309032609301e-11
   7.2500000000000000e+00   7.1718635857798796e-01   2.2803129067942501e-01   2.2803129062911101e-01   2.8248650681718801e-01   4.0318160120171100e-11  -1.3712036403450800e-01   1.3712036406083400e-01   1.6677508707189399e-11
   7.2599999999999998e+00   7.2244783552754199e-01   2.2965465812010799e-01   2.2965465807111199e-01   2.7722502986763198e-01   4.1311499425563600e-11  -1.2591400943238201e-01   1.2591400945952000e-01   1.5684056929968101e-11
   7.2699999999999996e+00   7.2725648005933996e-01   2.3106704378797899e-01   2.3106704374039699e-01   2.7241638533577900e-01   4.2277497130624702e-11  -1.1448272262172000e-01   1.1448272264964200e-01   1.4717953404203499e-11
   7.2800000000000002e+00   7.3160377498575002e-01   2.3226615467780401e-01   2.3226615463173400e-01   2.6806909040886701e-01   4.3214214058448299e-11  -1.0285057122255099e-01   1.0285057125122800e-01   1.3781137513584600e-11
   7.2900000000000000e+00   7.3548217297423701e-01   2.3325016265303300e-01   2.3325016260856599e-01   2.6419069241763199e-01   4.4119775357405502e-11  -9.1041972194395096e-02   9.1041972223797299e-02   1.2875484299930300e-11
   7.2999999999999998e+00   7.3888510948060804e-01   2.3401770557943799e-01   2.3401770553666201e-01   2.6078775590048098e-01   4.4992374374787999e-11  -7.9081640402407699e-02   7.9081640432502001e-02   1.2002800589395499e-11
   7.3099999999999996e+00   7.4180701360290902e-01   2.3456788748933799e-01   2.3456788744833801e-01   2.5786585174438198e-01   4.5830276373412602e-11  -6.6994536766154605e-02   6.6994536796907006e-02   1.1164821275605300e-11
   7.3200000000000003e+00   7.4424331683487499e-01   2.3490027778100300e-01   2.3490027774186101e-01   2.5542954842233201e-01   4.6631822082986497e-11  -5.4805816098116897e-02   5.4805816129492098e-02   1.0363205767842500e-11
   7.3300000000000001e+00   7.4619045970109898e-01   2.3501490945895501e-01   2.3501490942174799e-01   2.5348240534371602e-01   4.7395431078343399e-11  -4.2540774739496301e-02   4.2540774771457700e-02   9.5995346120882905e-12
   7.3399999999999999e+00   7.4764589857788299e-01   2.3491227769954301e-01   2.3491227766434400e-01   2.5202696646693201e-01   4.8119455724136003e-11  -3.0224798013902099e-02   3.0224798046411702e-02   8.8756031521412403e-12
   7.3499999999999996e+00   7.4860810337108197e-01   2.3459333363003901e-01   2.3459333359691600e-01   2.5106476167373099e-01   4.8802640944276702e-11  -1.7883307830463099e-02   1.7883307863481902e-02   8.1925174425807704e-12
   7.3600000000000003e+00   7.4907656180456805e-01   2.3405948197115101e-01   2.3405948194016901e-01   2.5059630324017601e-01   4.9443661979814402e-11  -5.5417103350325599e-03   5.5417103685203402e-03   7.5516026094207407e-12
   7.3700000000000001e+00   7.4905177666021105e-01   2.3331257508425299e-01   2.3331257505547101e-01   2.5062108838390001e-01   5.0041284423717298e-11   6.7746562469196501e-03  -6.7746562130039101e-03   6.9540933968552502e-12
   7.3799999999999999e+00   7.4853526201519405e-01   2.3235490673514000e-01   2.3235490670861300e-01   2.5113760302546700e-01   5.0594366657524799e-11   1.9040573425529700e-02  -1.9040573391227899e-02   6.4011317300549500e-12
   7.3899999999999997e+00   7.4752953740287098e-01   2.3118920500057299e-01   2.3118920497635101e-01   2.5214332762428598e-01   5.1101862083648600e-11   3.1230993830740902e-02  -3.1230993796095799e-02   5.8937644825118601e-12
   7.4000000000000004e+00   7.4603811990839197e-01   2.2981862433391601e-01   2.2981862431204400e-01   2.5363474507652800e-01   5.1562821148122800e-11   4.3321092057498997e-02  -4.3321092022553999e-02   5.4329414530397297e-12
   7.4100000000000001e+00   7.4406551421302403e-01   2.2824673680671001e-01   2.2824673678722801e-01   2.5560735065960000e-01   5.1976393148892998e-11   5.5286314863778101e-02  -5.5286314828577099e-02   5.0195135572262098e-12
   7.4199999999999999e+00   7.4161720060409397e-01   2.2647752254372200e-01   2.2647752252666500e-01   2.5805566400444802e-01   5.2341827825076800e-11   6.7102430613461703e-02  -6.7102430578049294e-02   4.6542312377783002e-12
   7.4299999999999997e+00   7.3869962448548998e-01   2.2451536134552899e-01   2.2451536133092700e-01   2.6097324012305201e-01   5.2658427582262203e-11   7.8745580479956098e-02  -7.8745580444377100e-02   4.3374290389463898e-12
   7.4400000000000004e+00   7.3532017316591203e-01   2.2236501752973301e-01   2.2236501751761101e-01   2.6435269144262802e-01   5.2925661192146303e-11   9.0192320943987506e-02  -9.0192320908286994e-02   4.0699853803087699e-12
   7.4500000000000002e+00   7.3148716419341797e-01   2.2003163157648700e-01   2.2003163156686401e-01   2.6818570041505602e-01   5.3143088178791699e-11   1.0141967474708399e-01  -1.0141967471130800e-01   3.8523413211087300e-12
   7.4600000000000000e+00   7.2720982413687596e-01   2.1752070679844701e-01   2.1752070679133700e-01   2.7246304047098302e-01   5.3310372957584902e-11   1.1240517545611700e-01  -1.1240517542031001e-01   3.6848330466121100e-12
   7.4699999999999998e+00   7.2249826724822697e-01   2.1483809629771000e-01   2.1483809629312201e-01   2.7717459735626698e-01   5.3427285316078501e-11   1.2312691197087500e-01  -1.2312691193508300e-01   3.5676913868685099e-12
   7.4800000000000004e+00   7.1736347235448905e-01   2.1198998929331500e-01   2.1198998929125301e-01   2.8230939223676899e-01   5.3493700666095303e-11   1.3356357174168099e-01  -1.3356357170594799e-01   3.5010415639507600e-12
   7.4900000000000002e+00   7.1181725802242002e-01   2.0898289684442800e-01   2.0898289684489099e-01   2.8785560652726599e-01   5.3509600065864799e-11   1.4369448259840301e-01  -1.4369448256277501e-01   3.4849031688174401e-12
   7.5000000000000000e+00   7.0587225604039505e-01   2.0582363699418901e-01   2.0582363699716899e-01   2.9380060839830002e-01   5.3475070011189902e-11   1.5349965309127800e-01  -1.5349965305579999e-01   3.5191903687014901e-12
   7.5099999999999998e+00   6.9954188326423306e-01   2.0251931935926001e-01   2.0251931936474399e-01   3.0013098091242701e-01   5.3390301994936998e-11   1.6295981124362999e-01  -1.6295981120834599e-01   3.6037123456238001e-12
   7.5199999999999996e+00   6.9284031629742504e-01   1.9907733173601699e-01   1.9907733174398901e-01   3.0683254787923497e-01   5.3255366590625697e-11   1.7205644831206601e-01  -1.7205644827701999e-01   3.7382820255024000e-12
   7.5300000000000002e+00   6.8578245102926805e-01   1.9550531840646099e-01   1.9550531841689800e-01   3.1389041314739102e-01   5.3070918492102998e-11   1.8077184081396799e-01  -1.8077184077920300e-01   3.9223920880588197e-12
   7.5400000000000000e+00   6.7838387792059796e-01   1.9181116781108701e-01   1.9181116782396099e-01   3.2128898625604302e-01   5.2837458348533703e-11   1.8908909543267799e-01  -1.8908909539823701e-01   4.1555417709177499e-12
   7.5499999999999998e+00   6.7066084607925802e-01   1.8800299420188701e-01   1.8800299421716599e-01   3.2901201809719399e-01   5.2555587910968499e-11   1.9699217827371099e-01  -1.9699217823963500e-01   4.4371291667609200e-12
   7.5599999999999996e+00   6.6263022826339502e-01   1.8408912017785301e-01   1.8408912019549900e-01   3.3704263591201500e-01   5.2226008536639102e-11   2.0446594527850101e-01  -2.0446594524483000e-01   4.7664527195196297e-12
   7.5700000000000003e+00   6.5430948469818295e-01   1.8007805889541900e-01   1.8007805891539000e-01   3.4536337947308998e-01   5.1849519485028501e-11   2.1149617072415100e-01  -2.1149617069092599e-01   5.1427129288328400e-12
   7.5800000000000001e+00   6.4571662577804301e-01   1.7597849598667600e-01   1.7597849600892401e-01   3.5395623838010398e-01   5.1427016008819503e-11   2.1806957373963701e-01  -2.1806957370689600e-01   5.5650142596343099e-12
   7.5899999999999999e+00   6.3687017372756705e-01   1.7179927121785599e-01   1.7179927124232999e-01   3.6280269039518798e-01   5.0959487242958299e-11   2.2417384276774799e-01  -2.2417384273553001e-01   6.0323672535936398e-12
   7.5999999999999996e+00   6.2778912329572900e-01   1.6754935992033701e-01   1.6754935994698000e-01   3.7188374074262998e-01   5.0448013895223302e-11   2.2979765790124199e-01  -2.2979765786958201e-01   6.5436908389732402e-12
   7.6100000000000003e+00   6.1849290381965105e-01   1.6323785562416801e-01   1.6323785565292001e-01   3.8117996021870798e-01   4.9893832186395403e-11   2.3493071823565001e-01  -2.3493071820458400e-01   7.0976416603456301e-12
   7.6200000000000001e+00   6.0900133341171803e-01   1.5887394820845499e-01   1.5887394823925099e-01   3.9067153062664300e-01   4.9298102895307903e-11   2.3956374547129500e-01  -2.3956374544085501e-01   7.6931302604000002e-12
   7.6299999999999999e+00   5.9933458146523200e-01   1.5446690742161900e-01   1.5446690745439001e-01   4.0033828257314402e-01   4.8662166539054903e-11   2.4368851194591301e-01  -2.4368851191613400e-01   8.3288162298907404e-12
   7.6399999999999997e+00   5.8951312529411204e-01   1.5002606316340600e-01   1.5002606319807901e-01   4.1015973874441097e-01   4.7987444299010203e-11   2.4729785147142300e-01  -2.4729785144233299e-01   9.0032785118209897e-12
   7.6500000000000004e+00   5.7955770742910795e-01   1.4556078644197701e-01   1.4556078647847401e-01   4.2011515661022703e-01   4.7275434854995599e-11   2.5038567124335498e-01  -2.5038567121498601e-01   9.7150185669671302e-12
   7.6600000000000001e+00   5.6948929248306202e-01   1.4108047033743201e-01   1.4108047037567401e-01   4.3018357155949100e-01   4.6527711064897499e-11   2.5294696153072599e-01  -2.5294696150310397e-01   1.0462463693952399e-11
   7.6699999999999999e+00   5.5932902367532200e-01   1.3659451100817699e-01   1.3659451104807999e-01   4.4034384037743002e-01   4.5745916496783303e-11   2.5497780312064000e-01  -2.5497780309379098e-01   1.1243970496840300e-11
   7.6799999999999997e+00   5.4909817910664405e-01   1.3211228877647799e-01   1.3211228881795500e-01   4.5057468497359099e-01   4.4931761820757699e-11   2.5647537249303498e-01  -2.5647537246698399e-01   1.2057828493033399e-11
   7.6900000000000004e+00   5.3881812787712202e-01   1.2764314932954601e-01   1.2764314937250501e-01   4.6085473626862700e-01   4.4087021067992701e-11   2.5743794470227399e-01  -2.5743794467704201e-01   1.2902263854080001e-11
   7.7000000000000002e+00   5.2851028572354997e-01   1.2319638501693100e-01   1.2319638506128100e-01   4.7116257842219900e-01   4.3213626521680199e-11   2.5786489892346998e-01  -2.5786489889907999e-01   1.3775514582581499e-11
   7.7100000000000000e+00   5.1819607173638804e-01   1.1878121641189800e-01   1.1878121645754300e-01   4.8147679240936297e-01   4.2313371224547297e-11   2.5775670673206902e-01  -2.5775670670853801e-01   1.4675631883190801e-11
   7.7199999999999998e+00   5.0789686404118095e-01   1.1440677406918300e-01   1.1440677411602600e-01   4.9177600010460598e-01   4.1388194772919403e-11   2.5711493672135599e-01  -2.5711493669870100e-01   1.5600676327164901e-11
   7.7300000000000004e+00   4.9763395622069501e-01   1.1008208050116400e-01   1.1008208054910300e-01   5.0203890792541095e-01   4.0440084026526100e-11   2.5594224636409602e-01  -2.5594224634233298e-01   1.6548661207539001e-11
   7.7400000000000002e+00   4.8742851391813302e-01   1.0581603245394000e-01   1.0581603250287200e-01   5.1224435022972803e-01   3.9471068851009498e-11   2.5424237398319199e-01  -2.5424237396233301e-01   1.7517556796559200e-11
   7.7500000000000000e+00   4.7730153181275897e-01   1.0161738350131901e-01   1.0161738355114100e-01   5.2237133234202904e-01   3.8483217782633597e-11   2.5202012854385603e-01  -2.5202012852391198e-01   1.8505294681042501e-11
   7.7599999999999998e+00   4.6727379106020001e-01   9.7494726990705896e-02   9.7494727041311693e-02   5.3239907311643597e-01   3.7478633624536997e-11   2.4928137728450900e-01  -2.4928137726548899e-01   1.9509772166359401e-11
   7.7699999999999996e+00   4.5736581729027898e-01   9.3456479374880594e-02   9.3456479426162795e-02   5.4230704694495602e-01   3.6459448984031803e-11   2.4603303120589301e-01  -2.4603303118780501e-01   2.0528856739588400e-11
   7.7800000000000002e+00   4.4759783925569502e-01   8.9510863963574300e-02   8.9510864015424296e-02   5.5207502511857998e-01   3.5427821760593798e-11   2.4228302844032101e-01  -2.4228302842316901e-01   2.1560390582252100e-11
   7.7900000000000000e+00   4.3798974590500100e-01   8.5665894089193395e-02   8.5665894141500595e-02   5.6168311846927399e-01   3.4386417240034601e-11   2.3804031918606000e-01  -2.3804031916984700e-01   2.2602154756490001e-11
   7.7999999999999998e+00   4.2856105111711201e-01   8.1929359819005398e-02   8.1929359871659793e-02   5.7111181325716398e-01   3.3336957343968601e-11   2.3331483745956499e-01  -2.3331483744429199e-01   2.3651961173283900e-11
   7.8099999999999996e+00   4.1933085094030498e-01   7.8308811408080603e-02   7.8308811460971600e-02   5.8034201343402403e-01   3.2281647293846301e-11   2.2811748480265401e-01  -2.2811748478832000e-01   2.4707603829830299e-11
   7.8200000000000003e+00   4.1031778645284300e-01   7.4811545369057500e-02   7.4811545422074494e-02   5.8935507792196795e-01   3.1222699262563997e-11   2.2246010412454401e-01  -2.2246010411114600e-01   2.5766869798505102e-11
   7.8300000000000001e+00   4.0154000663802603e-01   7.1444590633505597e-02   7.1444590686537801e-02   5.9813285773941705e-01   3.0162327751067803e-11   2.1635545343895801e-01  -2.1635545342649001e-01   2.6827543851225899e-11
   7.8399999999999999e+00   3.9301513236155300e-01   6.8214695284503302e-02   6.8214695337440304e-02   6.0665773202622597e-01   2.9102744972264000e-11   2.0981717779870401e-01  -2.0981717778716000e-01   2.7887413076537700e-11
   7.8499999999999996e+00   3.8476022153295197e-01   6.5128313888309600e-02   6.5128313941041294e-02   6.1491264288724001e-01   2.8046156252412500e-11   2.0285977948129899e-01  -2.0285977947066999e-01   2.8944271479312600e-11
   7.8600000000000003e+00   3.7679173553299999e-01   6.2191595453072700e-02   6.2191595505489701e-02   6.2288112897362502e-01   2.6994755460283599e-11   1.9549858648150800e-01  -1.9549858647178200e-01   2.9995924552851700e-11
   7.8700000000000001e+00   3.6912550698879598e-01   5.9410372042405901e-02   5.9410372094399901e-02   6.3054735772172099e-01   2.5950720474444798e-11   1.8774971936913601e-01  -1.8774971936029999e-01   3.1040193813110799e-11
   7.8799999999999999e+00   3.6177670897741199e-01   5.6790148071352103e-02   5.6790148122815798e-02   6.3789615617009598e-01   2.4916208699097700e-11   1.7963005657317299e-01  -1.7963005656521400e-01   3.2074921284722200e-11
   7.8899999999999997e+00   3.5475981651957200e-01   5.4336085989259000e-02   5.4336086040086801e-02   6.4491304862793597e-01   2.3893068608678800e-11   1.7115720436442400e-01  -1.7115720435732301e-01   3.3098102314193302e-11
   7.9000000000000004e+00   3.4808859833858202e-01   5.2053006162785798e-02   5.2053006212873197e-02   6.5158426680893100e-01   2.2883711817097801e-11   1.6234944544423199e-01  -1.6234944543797200e-01   3.4107507254603001e-11
   7.9100000000000001e+00   3.4177607415057598e-01   4.9945370542813797e-02   4.9945370592058197e-02   6.5789679099703202e-01   2.1890207076222000e-11   1.5322571185594500e-01  -1.5322571185050601e-01   3.5101067085736898e-11
   7.9199999999999999e+00   3.3583449414255201e-01   4.8017276737190098e-02   4.8017276785490899e-02   6.6383837100594101e-01   2.0914585624972602e-11   1.4380554165514700e-01  -1.4380554165050599e-01   3.6076750324374403e-11
   7.9299999999999997e+00   3.3027531557467299e-01   4.6272450690125602e-02   4.6272450737384299e-02   6.6939754957861997e-01   1.9958837058415801e-11   1.3410903779060299e-01  -1.3410903778673700e-01   3.7032567155480903e-11
   7.9400000000000004e+00   3.2510918108395698e-01   4.4714240113366999e-02   4.4714240159487703e-02   6.7456368408808298e-01   1.9024905285150700e-11   1.2415682591432800e-01  -1.2415682591121099e-01   3.7966573474521398e-11
   7.9500000000000002e+00   3.2034589875371799e-01   4.3345608690330800e-02   4.3345608735219997e-02   6.7932696647681101e-01   1.8114684583733900e-11   1.1397001120136099e-01  -1.1397001119896601e-01   3.8876874830340802e-11
   7.9600000000000000e+00   3.1599442401416500e-01   4.2169131075144202e-02   4.2169131118711303e-02   6.8367844137149003e-01   1.7230015769122900e-11   1.0357013426137500e-01  -1.0357013425967400e-01   3.9761630257830702e-11
   7.9699999999999998e+00   3.1206284343945700e-01   4.1186988708753300e-02   4.1186988750910598e-02   6.8761002231007795e-01   1.6372682480268099e-11   9.2979126226205300e-02  -9.2979126225168199e-02   4.0619055989479602e-11
   7.9800000000000004e+00   3.0855836050515001e-01   4.0400966473912697e-02   4.0400966514575698e-02   6.9111450601974700e-01   1.5544407600004601e-11   8.2219263099740800e-02  -8.2219263099336401e-02   4.1447429034884900e-11
   7.9900000000000002e+00   3.0548726303298601e-01   3.9812440536394399e-02   3.9812440575482298e-02   6.9418560349191005e-01   1.4746930369028099e-11   7.1313126248386205e-02  -7.1313126248581798e-02   4.2245001946504601e-11
   8.0000000000000000e+00   3.0285495648980598e-01   3.9422397439317101e-02   3.9422397476752302e-02   6.9681791003509397e-01   1.3981718196807301e-11   6.0283539906425397e-02  -6.0283539907187302e-02   4.3010307489198199e-11
   8.0099999999999998e+00   3.0066591879206001e-01   3.9231415664442597e-02   3.9231415700150998e-02   6.9900694773294203e-01   1.3250281027246401e-11   4.9153537579750203e-02  -4.9153537581043197e-02   4.3741835042320501e-11
   8.0199999999999996e+00   2.9892370320991601e-01   3.9239670013801797e-02   3.9239670047712998e-02   7.0074916331603399e-01   1.2554055443348001e-11   3.7946310661861798e-02  -3.7946310663650000e-02   4.4438147392096800e-11
   8.0299999999999994e+00   2.9763093303579702e-01   3.9446931927240698e-02   3.9446931959288403e-02   7.0204193349538602e-01   1.1894402084173701e-11   2.6685160779820999e-02  -2.6685160782067299e-02   4.5097883330167497e-11
   8.0399999999999991e+00   2.9678929821020100e-01   3.9852570596216698e-02   3.9852570626338603e-02   7.0288356834173604e-01   1.1272603215200900e-11   1.5393451995334800e-02  -1.5393451998001200e-02   4.5719760097906198e-11
   8.0500000000000007e+00   2.9639955394355000e-01   4.0455554886953300e-02   4.0455554915091098e-02   7.0327331267412896e-01   1.0689860452901700e-11   4.0945629530466203e-03  -4.0945629560941704e-03   4.6302575675398900e-11
   8.0600000000000005e+00   2.9646152137796600e-01   4.1254456089003001e-02   4.1254456115102797e-02   7.0321134541668395e-01   1.0147292645110100e-11  -7.1881609317890798e-03   7.1881609284000104e-03   4.6845210913281299e-11
   8.0700000000000003e+00   2.9697409033702499e-01   4.2247451507701102e-02   4.2247451531713297e-02   7.0269877687883298e-01   9.6459339096196506e-12  -1.8431455153496101e-02   1.8431455149805799e-02   4.7346631504822199e-11
   8.0800000000000001e+00   2.9793522421429802e-01   4.3432328920762799e-02   4.3432328942642401e-02   7.0173764391190596e-01   9.1867318344157701e-12  -2.9612183570245001e-02   2.9612183566294598e-02   4.7805889794740101e-11
   8.0899999999999999e+00   2.9934193863518299e-01   4.4806478245317000e-02   4.4806478265022799e-02   7.0033092949102005e-01   8.7709040380083296e-12  -4.0707380298571703e-02   4.0707380294402899e-02   4.8221582072261198e-11
   8.0999999999999996e+00   3.0119037094562101e-01   4.6366926787795602e-02   4.6366926805291898e-02   6.9848249718058397e-01   8.3989146346081302e-12  -5.1694309027027402e-02   5.1694309022682197e-02   4.8593445610368498e-11
   8.1099999999999994e+00   3.0347574002134398e-01   4.8110321438927697e-02   4.8110321454183300e-02   6.9619712810488599e-01   8.0714311799714903e-12  -6.2550497969178498e-02   6.2550497964699206e-02   4.8920812959832899e-11
   8.1199999999999992e+00   3.0619237198687799e-01   5.0032942494037197e-02   5.0032942507025703e-02   6.9348049613958795e-01   7.7890265927865699e-12  -7.3253788676085202e-02   7.3253788671514400e-02   4.9203111289645998e-11
   8.1300000000000008e+00   3.0933371365885098e-01   5.2130711367273597e-02   5.2130711377973399e-02   6.9033915446892402e-01   7.5521781961111505e-12  -8.3782380790793698e-02   8.3782380786174102e-02   4.9439863346564602e-11
   8.1400000000000006e+00   3.1289234778277197e-01   5.4399198992768301e-02   5.4399199001162600e-02   6.8678052035022596e-01   7.3612669644296008e-12  -9.4114876006096096e-02   9.4114876001470602e-02   4.9630688209245498e-11
   8.1500000000000004e+00   3.1686001004394099e-01   5.6833634903463597e-02   5.6833634909540499e-02   6.8281285810570802e-01   7.2165769785517199e-12  -1.0423032113790399e-01   1.0423032113331600e-01   4.9775301834774198e-11
   8.1600000000000001e+00   3.2122760783409099e-01   5.9428916979327902e-02   5.9428916983080199e-02   6.7844526036069097e-01   7.1182950904904797e-12  -1.1410825022779900e-01   1.1410825022329001e-01   4.9873517395481700e-11
   8.1699999999999999e+00   3.2598524075616298e-01   6.2179621857637001e-02   6.2179621859062700e-02   6.7368762754683598e-01   7.0665108003765998e-12  -1.2372872558947400e-01   1.2372872558508601e-01   4.9925245404035502e-11
   8.1799999999999997e+00   3.3112222285053400e-01   6.5080015998939006e-02   6.5080015998040794e-02   6.6855064568818301e-01   7.0612163473907100e-12  -1.3307237771487901e-01   1.3307237771065600e-01   4.9930493624870002e-11
   8.1899999999999995e+00   3.3662709516597999e-01   6.8124061789659296e-02   6.8124061786446102e-02   6.6304577337273696e-01   7.1022282938592797e-12  -1.4212044367361601e-01   1.4212044366959900e-01   4.9889544349387000e-11
   8.1999999999999993e+00   3.4248767532245700e-01   7.1305441757885293e-02   7.1305441752369303e-02   6.5718519321626001e-01   7.1894057645890896e-12  -1.5085480568192799e-01   1.5085480567815901e-01   4.9802434080430902e-11
   8.2100000000000009e+00   3.4869106407905898e-01   7.4617561306699304e-02   7.4617561298897794e-02   6.5098180445965803e-01   7.3224533416909898e-12  -1.5925802591659899e-01   1.5925802591311700e-01   4.9669458106896698e-11
   8.2200000000000006e+00   3.5522367887066802e-01   7.8053564634990594e-02   7.8053564624925395e-02   6.4444918966804199e-01   7.5009803286152894e-12  -1.6731338157865899e-01   1.6731338157550599e-01   4.9491006988155499e-11
   8.2300000000000004e+00   3.6207128308032999e-01   8.1606348362991105e-02   8.1606348350688807e-02   6.3760158545833900e-01   7.7245017709116908e-12  -1.7500489802163799e-01   1.7500489801885299e-01   4.9267565533514400e-11
   8.2400000000000002e+00   3.6921901661135698e-01   8.5268575629006194e-02   8.5268575614497799e-02   6.3045385192714698e-01   7.9924396723957592e-12  -1.8231738031372899e-01   1.8231738031135100e-01   4.8999711586284803e-11
   8.2500000000000000e+00   3.7665142769948101e-01   8.9032690633542896e-02   8.9032690616864196e-02   6.2302144083849997e-01   8.3041244042839095e-12  -1.8923644317086200e-01   1.8923644316892799e-01   4.8688114614894801e-11
   8.2599999999999998e+00   3.8435250590413600e-01   9.2890933606867093e-02   9.2890933588058403e-02   6.1532036263242895e-01   8.6587963045809704e-12  -1.9574853920043700e-01   1.9574853919898499e-01   4.8333534113759798e-11
   8.2699999999999996e+00   3.9230571621678800e-01   9.6835356175865500e-02   9.6835356154971200e-02   6.0736715231639704e-01   9.0556074647334306e-12  -2.0184098539826201e-01   2.0184098539732601e-01   4.7936817816897002e-11
   8.2799999999999994e+00   4.0049403253509203e-01   1.0085783621062600e-01   1.0085783618769199e-01   5.9917883599809296e-01   9.4935309628250497e-12  -2.0750198825647101e-01   2.0750198825608701e-01   4.7498801990864098e-11
   8.2899999999999991e+00   4.0889997719265397e-01   1.0495009571725999e-01   1.0495009569233900e-01   5.9077289134053101e-01   9.9717346186527097e-12  -2.1272066587545799e-01   2.1272066587565999e-01   4.7020522240657698e-11
   8.3000000000000007e+00   4.1750565506249698e-01   1.0910371567097600e-01   1.0910371564412499e-01   5.8216721347068801e-01   1.0489118231886400e-11  -2.1748706953705699e-01   2.1748706953787600e-01   4.6503078834862801e-11
   8.3100000000000005e+00   4.2629279205111698e-01   1.1331015303902200e-01   1.1331015301030301e-01   5.7338007648205502e-01   1.1044501910825000e-11  -2.2179220263331001e-01   2.2179220263477800e-01   4.5947651708207201e-11
   8.3200000000000003e+00   4.3524277353285601e-01   1.1756075762565700e-01   1.1756075759513400e-01   5.6443009500024699e-01   1.1636628704912800e-11  -2.2562803778272800e-01   2.2562803778487400e-01   4.5355497828953000e-11
   8.3300000000000001e+00   4.4433668343074700e-01   1.2184678912879800e-01   1.2184678909653900e-01   5.5533618510207705e-01   1.2264167394140600e-11  -2.2898753195333599e-01   2.2898753195618901e-01   4.4727948409444401e-11
   8.3399999999999999e+00   4.5355534386468799e-01   1.2615943437773300e-01   1.2615943434381000e-01   5.4611752466725305e-01   1.2925715429405301e-11  -2.3186463956381700e-01   2.3186463956740400e-01   4.4066405965735299e-11
   8.3499999999999996e+00   4.6287935528703400e-01   1.3048982472108900e-01   1.3048982468557799e-01   5.3679351324252600e-01   1.3619802017616799e-11  -2.3425432353808401e-01   2.3425432354242900e-01   4.3372341232506197e-11
   8.3599999999999994e+00   4.7228913702511899e-01   1.3482905353407201e-01   1.3482905349705099e-01   5.2738373149876505e-01   1.4344891345071400e-11  -2.3615256429267900e-01   2.3615256429780601e-01   4.2647289939749601e-11
   8.3699999999999992e+00   4.8176496767673399e-01   1.3916819355792301e-01   1.3916819351947299e-01   5.1790790084714999e-01   1.5099784548699699e-11  -2.3755636653710099e-01   2.3755636654303200e-01   4.1892487765171798e-11
   8.3800000000000008e+00   4.9128702716333300e-01   1.4349831507294500e-01   1.4349831503315200e-01   5.0838584136055198e-01   1.5882384105268999e-11  -2.3846376431157301e-01   2.3846376431832900e-01   4.1109969786533102e-11
   8.3900000000000006e+00   5.0083543718164203e-01   1.4781050311806199e-01   1.4781050307701099e-01   4.9883743134225500e-01   1.6690979335837800e-11  -2.3887382348493399e-01   2.3887382349253200e-01   4.0301446461659297e-11
   8.4000000000000004e+00   5.1039030271451102e-01   1.5209587525463400e-01   1.5209587521241499e-01   4.8928256580950003e-01   1.7523808789560001e-11  -2.3878664240165401e-01   2.3878664241011199e-01   3.9468679032993301e-11
   8.4100000000000001e+00   5.1993175330747698e-01   1.5634559916198101e-01   1.5634559911868601e-01   4.7974111521716500e-01   1.8379064047512800e-11  -2.3820335036175100e-01   2.3820335037108400e-01   3.8613475724081499e-11
   8.4199999999999999e+00   5.2943998424385097e-01   1.6055091015479900e-01   1.6055091011052100e-01   4.7023288428328802e-01   1.9254893618991701e-11  -2.3712610399838799e-01   2.3712610400860701e-01   3.7737687843606403e-11
   8.4299999999999997e+00   5.3889529753542298e-01   1.6470312859018499e-01   1.6470312854501901e-01   4.6077757099961297e-01   2.0149406921988800e-11  -2.3555808156391600e-01   2.3555808157503300e-01   3.6843205805262899e-11
   8.4399999999999995e+00   5.4827814264670804e-01   1.6879367713216600e-01   1.6879367708620999e-01   4.5139472590955299e-01   2.1060678339399000e-11  -2.3350347513991901e-01   2.3350347515194400e-01   3.5931955071951197e-11
   8.4499999999999993e+00   5.5756915687159903e-01   1.7281409784188501e-01   1.7281409779523799e-01   4.4210371173514001e-01   2.1986751342358800e-11  -2.3096748079150201e-01   2.3096748080444199e-01   3.5005892032906102e-11
   8.4600000000000009e+00   5.6674920485192903e-01   1.7675606895921100e-01   1.7675606891197199e-01   4.3292366375481001e-01   2.2925620334342701e-11  -2.2795628567073001e-01   2.2795628568458901e-01   3.4066852880986602e-11
   8.4700000000000006e+00   5.7579941884003105e-01   1.8061142174920700e-01   1.8061142170147601e-01   4.2387344976670899e-01   2.3875322415805499e-11  -2.2447705619356900e-01   2.2447705620835201e-01   3.3116978306772498e-11
   8.4800000000000004e+00   5.8470123684406405e-01   1.8437215670699800e-01   1.8437215665887899e-01   4.1497163176271201e-01   2.4833834547787901e-11  -2.2053792039036901e-01   2.2053792040607600e-01   3.2158291728471403e-11
   8.4900000000000002e+00   5.9343644094102899e-01   1.8803045966840401e-01   1.8803045961999801e-01   4.0623642766608598e-01   2.5799119742919801e-11  -2.1614795048205501e-01   2.1614795049868599e-01   3.1192830511364098e-11
   8.5000000000000000e+00   6.0198719465706396e-01   1.9157871754329500e-01   1.9157871749470401e-01   3.9768567395190701e-01   2.6769131387715900e-11  -2.1131714305652199e-01   2.1131714307407401e-01   3.0222641644675799e-11
   8.5099999999999998e+00   6.1033607952128399e-01   1.9500953368683899e-01   1.9500953363816700e-01   3.8933678909500902e-01   2.7741817578553700e-11  -2.0605639736738601e-01   2.0605639738585499e-01   2.9249777404851902e-11
   8.5199999999999996e+00   6.1846613072199796e-01   1.9831574287976700e-01   1.9831574283111600e-01   3.8120673791737802e-01   2.8715125462320601e-11  -2.0037749180363701e-01   2.0037749182301701e-01   2.8276291014299700e-11
   8.5299999999999994e+00   6.2636087179692501e-01   2.0149042588959201e-01   2.0149042584106400e-01   3.7331199690432698e-01   2.9687005572753097e-11  -1.9429305858332499e-01   1.9429305860360699e-01   2.7304232304630201e-11
   8.5399999999999991e+00   6.3400434829192598e-01   2.0452692358560001e-01   2.0452692353729701e-01   3.6566852055606902e-01   3.0655416153550297e-11  -1.8781655672886000e-01   1.8781655675003400e-01   2.6335643393382499e-11
   8.5500000000000007e+00   6.4138116032577397e-01   2.0741885058135601e-01   2.0741885053337900e-01   3.5829170883842898e-01   3.1618327459429800e-11  -1.8096224338569900e-01   1.8096224340775199e-01   2.5372554383140699e-11
   8.5600000000000005e+00   6.4847649146072095e-01   2.1016010776291200e-01   2.1016010771536200e-01   3.5119637770348200e-01   3.2573788110332303e-11  -1.7374513997462701e-01   1.7374513999754501e-01   2.4416837819634400e-11
   8.5700000000000003e+00   6.5527614416641999e-01   2.1274489617944001e-01   2.1274489613241501e-01   3.4439672499778701e-01   3.3519746881811497e-11  -1.6618100810387301e-01   1.6618100812764100e-01   2.3470633461384099e-11
   8.5800000000000001e+00   6.6176656425937996e-01   2.1516772803760101e-01   2.1516772799119999e-01   3.3790630490490298e-01   3.4454235304985398e-11  -1.5828630965666701e-01   1.5828630968126700e-01   2.2535910287785400e-11
   8.5899999999999999e+00   6.6793486949692804e-01   2.1742343843979500e-01   2.1742343839411399e-01   3.3173799966806600e-01   3.5375313690344202e-11  -1.5007817374772400e-01   1.5007817377313701e-01   2.1614608479784001e-11
   8.5999999999999996e+00   6.7376887555297904e-01   2.1950719623139900e-01   2.1950719618653200e-01   3.2590399361589101e-01   3.6281075177003303e-11  -1.4157436048431399e-01   1.4157436051051900e-01   2.0708635369223200e-11
   8.6099999999999994e+00   6.7925712052858200e-01   2.2141451422326600e-01   2.2141451417930599e-01   3.2041574865550898e-01   3.7169649707341099e-11  -1.3279322344808100e-01   1.3279322347505401e-01   1.9819861463029001e-11
   8.6199999999999992e+00   6.8438888795468400e-01   2.2314125877004401e-01   2.2314125872708199e-01   3.1528398127716900e-01   3.8039207919219403e-11  -1.2375367097833700e-01   1.2375367100605400e-01   1.8950116550122601e-11
   8.6300000000000008e+00   6.8915422824948502e-01   2.2468365868645199e-01   2.2468365864457501e-01   3.1051864110981098e-01   3.8887964948293498e-11  -1.1447512634081100e-01   1.1447512636924601e-01   1.8101185898664301e-11
   8.6400000000000006e+00   6.9354397859753003e-01   2.2603831348530701e-01   2.2603831344460101e-01   3.0612889106261099e-01   3.9714184133241603e-11  -1.0497748686870401e-01   1.0497748689782900e-01   1.7274806550922500e-11
   8.6500000000000004e+00   6.9754978122243105e-01   2.2720220092265900e-01   2.2720220088320600e-01   3.0212308908301799e-01   4.0516180617073601e-11  -9.5281082165466893e-02   9.5281082195252900e-02   1.6472663722748800e-11
   8.6600000000000001e+00   7.0116410002969798e-01   2.2817268383702499e-01   2.2817268379890601e-01   2.9850877155742001e-01   4.1292324838016198e-11  -8.5406631460855295e-02   8.5406631491272006e-02   1.5696387314312199e-11
   8.6699999999999999e+00   7.0438022435553704e-01   2.2894751309489800e-01   2.2894751305819100e-01   2.9529264723158200e-01   4.2040473607889299e-11  -7.5375192778961195e-02   7.5375192809975899e-02   1.4948121446202699e-11
   8.6799999999999997e+00   7.0719230709714098e-01   2.2952483995424799e-01   2.2952483991902500e-01   2.9248056448998400e-01   4.2759677173126903e-11  -6.5208135941815307e-02   6.5208135973394907e-02   1.4228806932226000e-11
   8.6899999999999995e+00   7.0959535519266703e-01   2.2990321478451700e-01   2.2990321475084999e-01   2.9007751639458401e-01   4.3448489686398598e-11  -5.4927083137295697e-02   5.4927083169405803e-02   1.3539889351338600e-11
   8.6999999999999993e+00   7.1158524484786401e-01   2.3008159244256099e-01   2.3008159241051601e-01   2.8808762674054300e-01   4.4105533458874803e-11  -4.4553867756814101e-02   4.4553867789419201e-02   1.2882746157584701e-11
   8.7100000000000009e+00   7.1315872908085198e-01   2.3005933522282301e-01   2.3005933519246399e-01   2.8651414251383400e-01   4.4729501758221602e-11  -3.4110488573477503e-02   3.4110488606540798e-02   1.2258683880639600e-11
   8.7200000000000006e+00   7.1431344344419800e-01   2.2983621501422100e-01   2.2983621498560700e-01   2.8535942817503801e-01   4.5319161453331403e-11  -2.3619063585470501e-02   2.3619063618954501e-02   1.1668935479778300e-11
   8.7300000000000004e+00   7.1504790992429701e-01   2.2941241465984699e-01   2.2941241463303499e-01   2.8462496177163998e-01   4.5873355501476602e-11  -1.3101783618471899e-02   1.3101783652338000e-02   1.1114657855716500e-11
   8.7400000000000002e+00   7.1536153902424304e-01   2.2878852851788001e-01   2.2878852849292200e-01   2.8431133287547999e-01   4.6391005274161898e-11  -2.5808657809600201e-03   2.5808658151689500e-03   1.0596929524205301e-11
   8.7500000000000000e+00   7.1525463004198897e-01   2.2796556222418399e-01   2.2796556220112599e-01   2.8441824233673801e-01   4.6871112718523399e-11   7.9214931339648808e-03  -7.9214930994533205e-03   1.0116748454717600e-11
   8.7599999999999998e+00   7.1472836956094399e-01   2.2694493165912799e-01   2.2694493163801599e-01   2.8494450384087000e-01   4.7312762351657401e-11   1.8383163207108699e-02  -1.8383163172335199e-02   9.6750300770458296e-12
   8.7699999999999996e+00   7.1378482817493305e-01   2.2572846112309100e-01   2.2572846110396300e-01   2.8588804725026801e-01   4.7715123085771502e-11   2.8782127819659799e-02  -2.8782127784665899e-02   9.2726054581352702e-12
   8.7799999999999994e+00   7.1242695547391999e-01   2.2431838072689200e-01   2.2431838070978199e-01   2.8724592370818502e-01   4.8077449882528900e-11   3.9096529856172700e-02  -3.9096529821000203e-02   8.9102196510095099e-12
   8.7899999999999991e+00   7.1065857332089000e-01   2.2271732300514599e-01   2.2271732299008701e-01   2.8901431247849402e-01   4.8399085235403599e-11   4.9304717593785900e-02  -4.9304717558476999e-02   8.5885302172022799e-12
   8.8000000000000007e+00   7.0848431243440402e-01   2.2092830181530301e-01   2.2092830180232001e-01   2.9118857336497900e-01   4.8679581028352802e-11   5.9385288683400601e-02  -5.9385288647997997e-02   8.3077203130981100e-12
   8.8100000000000005e+00   7.0590973335692098e-01   2.1895474759832401e-01   2.1895474758743699e-01   2.9376315244245998e-01   4.8918344678541702e-11   6.9317136401056495e-02  -6.9317136365602799e-02   8.0686450482353304e-12
   8.8200000000000003e+00   7.0294120155975903e-01   2.1680046707766101e-01   2.1680046706888900e-01   2.9673168423958401e-01   4.9114987531935898e-11   7.9079494177875700e-02  -7.9079494142413997e-02   7.8716926211343393e-12
   8.8300000000000001e+00   6.9958590565544199e-01   2.1446964642826999e-01   2.1446964642162500e-01   3.0008698014354301e-01   4.9269211904482100e-11   8.8651978648338001e-02  -8.8651978612911103e-02   7.7171602512583800e-12
   8.8399999999999999e+00   6.9585184120800203e-01   2.1196684369627000e-01   2.1196684369176100e-01   3.0382104458902698e-01   4.9380811548134598e-11   9.8014632387058195e-02  -9.8014632351709194e-02   7.6052537139863093e-12
   8.8499999999999996e+00   6.9174779284500298e-01   2.0929698044214901e-01   2.0929698043977801e-01   3.0792509294429199e-01   4.9449671921501703e-11   1.0714796576761600e-01  -1.0714796573238800e-01   7.5360870709837097e-12
   8.8599999999999994e+00   6.8728331470360104e-01   2.0646533261917299e-01   2.0646533261893901e-01   3.1238957106124898e-01   4.9475770264708499e-11   1.1603299786508300e-01  -1.1603299783001800e-01   7.5096825963224595e-12
   8.8699999999999992e+00   6.8246870924484204e-01   2.0347752069987601e-01   2.0347752070177300e-01   3.1720417645431598e-01   4.9459175478445401e-11   1.2465129632806900e-01  -1.2465129629320899e-01   7.5259708983108804e-12
   8.8800000000000008e+00   6.7731500447216098e-01   2.0033949906460699e-01   2.0033949906862500e-01   3.2235788107081398e-01   4.9400047807536798e-11   1.3298501615028199e-01  -1.3298501611566901e-01   7.5847912366228201e-12
   8.8900000000000006e+00   6.7183392959177901e-01   1.9705754466725900e-01   1.9705754467338399e-01   3.2783895561379200e-01   4.9298638329708598e-11   1.4101693727567699e-01  -1.4101693724135400e-01   7.6858920339544394e-12
   8.9000000000000004e+00   6.6603788915428996e-01   1.9363824499436599e-01   1.9363824500257801e-01   3.3363499537637797e-01   4.9155288250572203e-11   1.4873050097532500e-01  -1.4873050094133000e-01   7.8289315810922999e-12
   8.9100000000000001e+00   6.5993993571827203e-01   1.9008848533482200e-01   1.9008848534509701e-01   3.3973294754504302e-01   4.8970428006160901e-11   1.5610984493804200e-01  -1.5610984490441701e-01   8.0134789339451999e-12
   8.9199999999999999e+00   6.5355374107822595e-01   1.8641543537852601e-01   1.8641543539083599e-01   3.4611913992755200e-01   4.8744576174667099e-11   1.6313983702068999e-01  -1.6313983698747400e-01   8.2390150007757796e-12
   8.9299999999999997e+00   6.4689358748047399e-01   1.8262654033547501e-01   1.8262654034978801e-01   3.5277929352530502e-01   4.8478181996299499e-11   1.6980606290368300e-01  -1.6980606287091399e-01   8.5052388128536899e-12
   8.9399999999999995e+00   6.3997428741539997e-01   1.7872949460193299e-01   1.7872949461821300e-01   3.5969859359037198e-01   4.8172089118084302e-11   1.7609496347652401e-01  -1.7609496344424100e-01   8.8111518357802102e-12
   8.9499999999999993e+00   6.3281119200836700e-01   1.7473223626087700e-01   1.7473223627908199e-01   3.6686168899723398e-01   4.7827072093894700e-11   1.8199377181991300e-01  -1.8199377178815099e-01   9.1559796101856998e-12
   8.9600000000000009e+00   6.2542014622818798e-01   1.7064292869057199e-01   1.7064292871065700e-01   3.7425273477579102e-01   4.7443987495560300e-11   1.8749056669328201e-01  -1.8749056666207700e-01   9.5388656698804100e-12
   8.9700000000000006e+00   6.1781745453602599e-01   1.6646994435510701e-01   1.6646994437702400e-01   3.8185542645897702e-01   4.7023771926343899e-11   1.9257429749967700e-01  -1.9257429746906299e-01   9.9588735290881305e-12
   8.9800000000000004e+00   6.1001984554388999e-01   1.6222184809630899e-01   1.6222184812000601e-01   3.8965303541538399e-01   4.6567439861005897e-11   1.9723480740202401e-01  -1.9723480737203400e-01   1.0414988842710300e-11
   8.9900000000000002e+00   6.0204443573640198e-01   1.5790737995167900e-01   1.5790737997709900e-01   3.9762844510920597e-01   4.6076081314625200e-11   2.0146285452913601e-01  -2.0146285449980200e-01   1.0906121737216400e-11
   9.0000000000000000e+00   5.9390869230556198e-01   1.5353543752210499e-01   1.5353543754918700e-01   4.0576418823251498e-01   4.5550859341944302e-11   2.0525013120971899e-01  -2.0525013118107199e-01   1.1431109310086700e-11
   9.0099999999999998e+00   5.8563039514410098e-01   1.4911505791218599e-01   1.4911505794086799e-01   4.1404248465778398e-01   4.4993007368588801e-11   2.0858928117235301e-01  -2.0858928114442099e-01   1.1988718296083601e-11
   9.0199999999999996e+00   5.7722759803887602e-01   1.4465539926499499e-01   1.4465539929521001e-01   4.2244528016146099e-01   4.4403826355074298e-11   2.1147391464895601e-01  -2.1147391462176801e-01   1.2577647898993300e-11
   9.0299999999999994e+00   5.6871858910150896e-01   1.4016572191205501e-01   1.4016572194373200e-01   4.3095428587238199e-01   4.3784681794062101e-11   2.1389862131854701e-01  -2.1389862129212700e-01   1.3196532787860900e-11
   9.0399999999999991e+00   5.6012188264535501e-01   1.3565537956948101e-01   1.3565537960254800e-01   4.3955099232853700e-01   4.3136985216146698e-11   2.1585899631817801e-01  -2.1585899629255201e-01   1.3844391809617200e-11
   9.0500000000000007e+00   5.5145610657822997e-01   1.3113377673271701e-01   1.3113377676709800e-01   4.4821676839565799e-01   4.2462235663749601e-11   2.1735161632694500e-01  -2.1735161630213401e-01   1.4519305862194799e-11
   9.0600000000000005e+00   5.4274002263355903e-01   1.2661036866872599e-01   1.2661036870434300e-01   4.5693285234020697e-01   4.1761974692442703e-11   2.1837407303690901e-01  -2.1837407301293499e-01   1.5219733044634900e-11
   9.0700000000000003e+00   5.3399246863480498e-01   1.2209463631488600e-01   1.2209463635165800e-01   4.6568040633782298e-01   4.1037795833506200e-11   2.1892497065251801e-01  -2.1892497062940000e-01   1.5944079516122999e-11
   9.0800000000000001e+00   5.2523231791997305e-01   1.1759606658320600e-01   1.1759606662104800e-01   4.7444055704638000e-01   4.0291341034863003e-11   2.1900392857100900e-01  -2.1900392854876399e-01   1.6690703054752301e-11
   9.0899999999999999e+00   5.1647843868109800e-01   1.1312413256620600e-01   1.1312413260503400e-01   4.8319443626039699e-01   3.9524296995237199e-11   2.1861158187947199e-01  -2.1861158185811599e-01   1.7457916722350601e-11
   9.0999999999999996e+00   5.0774965329081900e-01   1.0868827367992200e-01   1.0868827371964900e-01   4.9192322157198498e-01   3.8738391397633400e-11   2.1774957964858399e-01  -2.1774957962812999e-01   1.8243992629166900e-11
   9.1099999999999994e+00   4.9906469768481299e-01   1.0429787577862000e-01   1.0429787581915700e-01   5.0060817696618098e-01   3.7935389047882598e-11   2.1642058100276201e-01  -2.1642058098322201e-01   1.9047165792527299e-11
   9.1199999999999992e+00   4.9044218086561497e-01   9.9962251274985106e-02   9.9962251316241105e-02   5.0923069328104098e-01   3.7117087923663297e-11   2.1462824894629601e-01  -2.1462824892768001e-01   1.9865638083868101e-11
   9.1300000000000008e+00   4.8190055082835098e-01   9.5690621381243804e-02   9.5690621423129701e-02   5.1777232331830603e-01   3.6285593857217699e-11   2.1237724826515700e-01  -2.1237724824747101e-01   2.0696660511881301e-11
   9.1400000000000006e+00   4.7345804177358902e-01   9.1492092123806198e-02   9.1492092166228903e-02   5.2621483237306599e-01   3.5442412233288901e-11   2.0967322241082101e-01  -2.0967322239407199e-01   2.1539369318245900e-11
   9.1500000000000004e+00   4.6513264553198802e-01   8.7375638380249504e-02   8.7375638423115104e-02   5.3454022861459904e-01   3.4589414770838399e-11   2.0652279131452000e-01  -2.0652279129871101e-01   2.2391893110991298e-11
   9.1600000000000001e+00   4.5694206989757202e-01   8.3350083614183904e-02   8.3350083657397503e-02   5.4273080424838005e-01   3.3728490325567901e-11   2.0293353414210000e-01  -2.0293353412723400e-01   2.3252343370680201e-11
   9.1699999999999999e+00   4.4890370057225798e-01   7.9424080832195501e-02   7.9424080875661898e-02   5.5076917357019395e-01   3.2861540721819000e-11   1.9891397277875800e-01  -1.9891397276483400e-01   2.4118818616014501e-11
   9.1799999999999997e+00   4.4103456379763301e-01   7.5606093814580499e-02   7.5606093858203993e-02   5.5863831033094102e-01   3.1990476557029300e-11   1.9447355326345500e-01  -1.9447355325047100e-01   2.4989408596549801e-11
   9.1899999999999995e+00   4.3335128974503201e-01   7.1904378657414503e-02   7.1904378701099197e-02   5.6632158433958601e-01   3.1117212986489199e-11   1.8962262519455000e-01  -1.8962262518250100e-01   2.5862198504730999e-11
   9.1999999999999993e+00   4.2587007673128802e-01   6.8326965662366901e-02   6.8326965706017304e-02   5.7380279723496797e-01   3.0243665495755100e-11   1.8437241912809499e-01  -1.8437241911697499e-01   2.6735273199825899e-11
   9.2100000000000009e+00   4.1860665632404398e-01   6.4881641609542698e-02   6.4881641653063399e-02   5.8106621736031105e-01   2.9371745667705500e-11   1.7873502199022401e-01  -1.7873502198002500e-01   2.7606721436682500e-11
   9.2200000000000006e+00   4.1157626356982002e-01   6.1575933802618402e-02   6.1575933845912201e-02   5.8809661011453596e-01   2.8503052249700901e-11   1.7272335656861301e-01  -1.7272335655932500e-01   2.8475045300838901e-11
   9.2300000000000004e+00   4.0479359547603699e-01   5.8417090443050997e-02   5.8417090486023802e-02   5.9487927820831898e-01   2.7639820794187199e-11   1.6635114112871399e-01  -1.6635114112032501e-01   2.9337918381172399e-11
   9.2400000000000002e+00   3.9827278669293298e-01   5.5412066686670598e-02   5.5412066729229201e-02   6.0140008699140801e-01   2.6783925802618199e-11   1.5963286940761801e-01  -1.5963286940011401e-01   3.0193466190907901e-11
   9.2500000000000000e+00   3.9202737718627201e-01   5.2567508286393498e-02   5.2567508328445700e-02   6.0764549649792299e-01   2.5937221246939099e-11   1.5258377643894999e-01  -1.5258377643231399e-01   3.1039834760102202e-11
   9.2599999999999998e+00   3.8607028323766002e-01   4.9889736474655499e-02   4.9889736516110700e-02   6.1360259044572196e-01   2.5101536523985302e-11   1.4521980545892499e-01  -1.4521980545314001e-01   3.1875194680707898e-11
   9.2699999999999996e+00   3.8041376979339198e-01   4.7384733466808097e-02   4.7384733507576798e-02   6.1925910388676098e-01   2.4278672466403001e-11   1.3755757324998200e-01  -1.3755757324502699e-01   3.2697745095103997e-11
   9.2799999999999994e+00   3.7506942421815798e-01   4.5058128618341201e-02   4.5058128658336000e-02   6.2460344945174895e-01   2.3470397417960001e-11   1.2961433398447200e-01  -1.2961433398032601e-01   3.3505717620216099e-11
   9.2899999999999991e+00   3.7004813150607602e-01   4.2915185267401200e-02   4.2915185306536402e-02   6.2962474213619901e-01   2.2678443380728901e-11   1.2140794163143800e-01  -1.2140794162807700e-01   3.4297380199721299e-11
   9.3000000000000007e+00   3.6536005099770102e-01   4.0960788292635802e-02   4.0960788330828002e-02   6.3431282257866495e-01   2.1904502241251699e-11   1.1295681098995300e-01  -1.1295681098735300e-01   3.5071040877205899e-11
   9.3100000000000005e+00   3.6101459464791702e-01   3.9199432414936002e-02   3.9199432452103902e-02   6.3865827878562997e-01   2.1150222082419699e-11   1.0427987741298400e-01  -1.0427987741111799e-01   3.5825051483512000e-11
   9.3200000000000003e+00   3.5702041072774399e-01   3.7635212260162802e-02   3.7635212296227800e-02   6.4265246270580301e-01   2.0417721752436199e-11   9.5396562920730996e-02  -9.5396562919569702e-02   3.6557614233856102e-11
   9.3300000000000001e+00   3.5338535686865402e-01   3.6271810051288898e-02   3.6271810086174902e-02   6.4628751656489303e-01   1.9708039905376301e-11   8.6326717495973398e-02  -8.6326717495487107e-02   3.7267344149291201e-11
   9.3399999999999999e+00   3.5011649059056399e-01   3.5112488200160802e-02   3.5112488233794502e-02   6.4955638284299999e-01   1.9022671637547102e-11   7.7090589051452801e-02  -7.7090589051609995e-02   3.7952746272043099e-11
   9.3499999999999996e+00   3.4722005234710801e-01   3.4160080375292598e-02   3.4160080407603599e-02   6.5245282108661096e-01   1.8363054679234998e-11   6.7708775536413898e-02  -6.7708775537181798e-02   3.8612383031001497e-11
   9.3599999999999994e+00   3.4470145241984801e-01   3.3416983983046197e-02   3.3416984013967102e-02   6.5497142101473205e-01   1.7730566300869900e-11   5.8202179965896397e-02  -5.8202179967240801e-02   3.9244877335055500e-11
   9.3699999999999992e+00   3.4256525962376599e-01   3.2885153550014500e-02   3.2885153579481199e-02   6.5710761381421601e-01   1.7126520354718099e-11   4.8591964747897398e-02  -4.8591964749782703e-02   3.9848915530872701e-11
   9.3800000000000008e+00   3.4081519184889097e-01   3.2566095026082903e-02   3.2566095054034801e-02   6.5885768159984304e-01   1.6552164458320200e-11   3.8899505403344997e-02  -3.8899505405734801e-02   4.0423250218932403e-11
   9.3900000000000006e+00   3.3945410845870200e-01   3.2460861025933700e-02   3.2460861052313598e-02   6.6021876501893495e-01   1.6008677325505401e-11   2.9146343774609802e-02  -2.9146343777466201e-02   4.0966702922004699e-11
   9.4000000000000004e+00   3.3848400456178901e-01   3.2570047024991999e-02   3.2570047049746503e-02   6.6118886898455898e-01   1.5497166250426601e-11   1.9354140818904200e-02  -1.9354140822188400e-02   4.1478166600667700e-11
   9.4100000000000001e+00   3.3790600716911201e-01   3.2893788523994799e-02   3.2893788547073900e-02   6.6176686652565297e-01   1.5018664749668100e-11   9.5446290833906596e-03  -9.5446290870629304e-03   4.1956608010846002e-11
   9.4199999999999999e+00   3.3772037324500398e-01   3.3431759194492497e-02   3.3431759215850301e-02   6.6195250074654599e-01   1.4574130367078600e-11  -2.6043504086121702e-04   2.6043503684153400e-04   4.2401069898760500e-11
   9.4299999999999997e+00   3.3792649168192801e-01   3.4183169377913700e-02   3.4183169397507797e-02   6.6174638230962102e-01   1.4164349694587901e-11  -1.0039315097141500e-02   1.0039315092815700e-02   4.2810588615549699e-11
   9.4399999999999995e+00   3.3852288048397100e-01   3.5146767595593702e-02   3.5146767613385997e-02   6.6114999350757997e-01   1.3790229608577000e-11  -1.9770351476814600e-02   1.9770351472224799e-02   4.3184457393919900e-11
   9.4499999999999993e+00   3.3950719457464701e-01   3.6320840528824200e-02   3.6320840544780998e-02   6.6016567941696702e-01   1.3452488743615400e-11  -2.9432001520035399e-02   2.9432001515224300e-02   4.3521957713292797e-11
   9.4600000000000009e+00   3.4087623034325298e-01   3.7703215447023403e-02   3.7703215461114901e-02   6.5879664364893797e-01   1.3151762766760200e-11  -3.9002889075845398e-02   3.9002889070856403e-02   4.3822454017726602e-11
   9.4700000000000006e+00   3.4262593324714502e-01   3.9291263324671699e-02   3.9291263336872502e-02   6.5704694074815895e-01   1.2888603081073801e-11  -4.8461851596555798e-02   4.8461851591432403e-02   4.4085395012744201e-11
   9.4800000000000004e+00   3.4475140728778197e-01   4.1081902963034697e-02   4.1081902973323703e-02   6.5492146671957996e-01   1.2663475717730800e-11  -5.7787986800735699e-02   5.7787986795521898e-02   4.4310314773656198e-11
   9.4900000000000002e+00   3.4724692634004301e-01   4.3071606115403699e-02   4.3071606123763997e-02   6.5242594770466700e-01   1.2476760419131100e-11  -6.6960698797607396e-02   6.6960698792347395e-02   4.4496833663023003e-11
   9.5000000000000000e+00   3.5010594730982197e-01   4.5256403612695298e-02   4.5256403619114503e-02   6.4956692683326900e-01   1.2328749914982399e-11  -7.5959743565763405e-02   7.5959743560501600e-02   4.4644659055353998e-11
   9.5099999999999998e+00   3.5332112509054198e-01   4.7631892484230200e-02   4.7631892488700298e-02   6.4635174928189498e-01   1.2219649392852599e-11  -8.4765273679675096e-02   8.4765273674455896e-02   4.4753585867620699e-11
   9.5199999999999996e+00   3.5688432928484498e-01   5.0193244066380399e-02   5.0193244068897698e-02   6.4278854557354004e-01   1.2149576164223300e-11  -9.3357882178434798e-02   9.3357882173302403e-02   4.4823496894628301e-11
   9.5299999999999994e+00   3.6078666265350701e-01   5.2935213089548398e-02   5.2935213090113599e-02   6.3888621315853600e-01   1.2118559526602700e-11  -1.0171864547254900e-01   1.0171864546754700e-01   4.4854362948772398e-11
   9.5399999999999991e+00   3.6501848124946301e-01   5.5852147731635403e-02   5.5852147730253598e-02   6.3465439632004295e-01   1.2126540821778099e-11  -1.0982916518635900e-01   1.0982916518153200e-01   4.4846242804182000e-11
   9.5500000000000007e+00   3.6956941619079497e-01   5.8938000623777603e-02   5.8938000620458397e-02   6.3010346445181997e-01   1.2173373689810300e-11  -1.1767160883580900e-01   1.1767160883120099e-01   4.4799282945727099e-11
   9.5600000000000005e+00   3.7442840282786499e-01   6.2186329588477203e-02   6.2186329583234702e-02   6.2524447781474901e-01   1.2259286775434500e-11  -1.2522877215454500e-01   1.2522877215019901e-01   4.4713712985153799e-11
   9.5700000000000003e+00   3.7958369268531000e-01   6.5590337622143099e-02   6.5590337614995595e-02   6.2008918795730195e-01   1.2383487588341300e-11  -1.3248406237940000e-01   1.3248406237535801e-01   4.4589855536481898e-11
   9.5800000000000001e+00   3.8502289056052502e-01   6.9142863042196204e-02   6.9142863033166094e-02   6.1464999008203902e-01   1.2545569208951900e-11  -1.3942158220526699e-01   1.3942158220157100e-01   4.4428117206213497e-11
   9.5899999999999999e+00   3.9073297958935899e-01   7.2836400788254804e-02   7.2836400777368804e-02   6.0893990105275897e-01   1.2745040024346199e-11  -1.4602615165293800e-01   1.4602615164963001e-01   4.4228989289875697e-11
   9.5999999999999996e+00   3.9670035062478398e-01   7.6663117658152299e-02   7.6663117645441106e-02   6.0297253001483897e-01   1.2981324956940300e-11  -1.5228334207062300e-01   1.5228334206774299e-01   4.3993046542555798e-11
   9.6099999999999994e+00   4.0291083294393298e-01   8.0614868328534595e-02   8.0614868314033097e-02   5.9676204768565100e-01   1.3253766880298699e-11  -1.5817950851307799e-01   1.5817950851066501e-01   4.3720945762162298e-11
   9.6199999999999992e+00   4.0934972621758198e-01   8.4683212126778595e-02   8.4683212110525694e-02   5.9032315437973204e-01   1.3561628218959401e-11  -1.6370182042689899e-01   1.6370182042499201e-01   4.3413424188459203e-11
   9.6300000000000008e+00   4.1600183367349203e-01   8.8859430518321195e-02   8.8859430500359701e-02   5.8367104683558402e-01   1.3904092728759200e-11  -1.6883829057514901e-01   1.6883829057378499e-01   4.3071297721288600e-11
   9.6400000000000006e+00   4.2285149638267200e-01   9.3134545270839905e-02   9.3134545251216200e-02   5.7682138391292603e-01   1.4280267453771800e-11  -1.7357780213934201e-01   1.7357780213855700e-01   4.2695458961742303e-11
   9.6500000000000004e+00   4.2988262859533699e-01   9.7499337254091503e-02   9.7499337232855907e-02   5.6979025123091198e-01   1.4689184855612901e-11  -1.7791013394195501e-01   1.7791013394178401e-01   4.2286875080370803e-11
   9.6600000000000001e+00   4.3707875369832400e-01   1.0194436763077500e-01   1.0194436760798101e-01   5.6259412612792403e-01   1.5129521760322901e-11  -1.8182598140428799e-01   1.8182598140476300e-01   4.1846634796965299e-11
   9.6699999999999999e+00   4.4442304206603300e-01   1.0645999400341800e-01   1.0645999397912199e-01   5.5524983776021297e-01   1.5600458050284399e-11  -1.8531698271624700e-01   1.8531698271740099e-01   4.1375801724221503e-11
   9.6799999999999997e+00   4.5189834854683197e-01   1.1103639415248399e-01   1.1103639412674700e-01   5.4777453127936904e-01   1.6100817281576999e-11  -1.8837573391086601e-01   1.8837573391273099e-01   4.0875552273697498e-11
   9.6899999999999995e+00   4.5948725129645701e-01   1.1566358619898900e-01   1.1566358617187500e-01   5.4018562852932805e-01   1.6629358509248299e-11  -1.9099580699596500e-01   1.9099580699856900e-01   4.0347127342983601e-11
   9.6999999999999993e+00   4.6717209111991498e-01   1.2033145010892400e-01   1.2033145008049900e-01   5.3250078870356798e-01   1.7184779191236101e-11  -1.9317176479374601e-01   1.9317176479711701e-01   3.9791829410999003e-11
   9.7100000000000009e+00   4.7493501136144600e-01   1.2502974959609101e-01   1.2502974956642601e-01   5.2473786845285797e-01   1.7765718229873098e-11  -1.9489917358593700e-01   1.9489917359010100e-01   3.9211019495698599e-11
   9.7200000000000006e+00   4.8275799825276300e-01   1.2974815437490800e-01   1.2974815434407400e-01   5.1691488153229603e-01   1.8370759144039298e-11  -1.9617461353172500e-01   1.9617461353670601e-01   3.8606113981070400e-11
   9.7300000000000004e+00   4.9062292162818300e-01   1.3447626271303800e-01   1.3447626268110899e-01   5.0904995807763997e-01   1.8998433364716200e-11  -1.9699568683067500e-01   1.9699568683649399e-01   3.7978581320598503e-11
   9.7400000000000002e+00   4.9851157591383299e-01   1.3920362423219201e-01   1.3920362419924601e-01   5.0116130360206301e-01   1.9647223646397599e-11  -1.9736102360773600e-01   1.9736102361441399e-01   3.7329938624647997e-11
   9.7500000000000000e+00   5.0640572182073296e-01   1.4391976360092201e-01   1.4391976356703901e-01   4.9326715769516299e-01   2.0315340079647201e-11  -1.9727028556715001e-01   1.9727028557470699e-01   3.6662145607114500e-11
   9.7599999999999998e+00   5.1428712656196296e-01   1.4861420228945699e-01   1.4861420225471900e-01   4.8538575295393099e-01   2.1001383632352099e-11  -1.9672416711241200e-01   1.9672416712086299e-01   3.5976433777157502e-11
   9.7699999999999996e+00   5.2213760601007697e-01   1.5327648300885299e-01   1.5327648297334201e-01   4.7753527350576802e-01   2.1703714079536200e-11  -1.9572439445676301e-01   1.9572439446612300e-01   3.5274442788979800e-11
   9.7799999999999994e+00   5.2993906566871296e-01   1.5789619274085900e-01   1.5789619270465999e-01   4.6973381384666102e-01   2.2420657229512699e-11  -1.9427372222499401e-01   1.9427372223527500e-01   3.4557846251579602e-11
   9.7899999999999991e+00   5.3767354170114900e-01   1.6246298608700699e-01   1.6246298605020501e-01   4.6199933781162800e-01   2.3150508789429299e-11  -1.9237592778308299e-01   1.9237592779429599e-01   3.3828347864086203e-11
   9.8000000000000007e+00   5.4532324168240898e-01   1.6696660856413800e-01   1.6696660852682099e-01   4.5434963782004201e-01   2.3891538296478001e-11  -1.9003580325838601e-01   1.9003580327054001e-01   3.3087677485374102e-11
   9.8100000000000005e+00   5.5287058498028496e-01   1.7139691979155100e-01   1.7139691975380800e-01   4.4680229448937597e-01   2.4641993105659501e-11  -1.8725914526275200e-01   1.8725914527585200e-01   3.2337587146997101e-11
   9.8200000000000003e+00   5.6029824267045303e-01   1.7574391651424900e-01   1.7574391647616699e-01   4.3937463671065902e-01   2.5400102424816900e-11  -1.8405274233606400e-01   1.8405274235011501e-01   3.1579847018643802e-11
   9.8300000000000001e+00   5.6758917689100297e-01   1.7999775540624899e-01   1.7999775536791901e-01   4.3208370227857501e-01   2.6164081387495201e-11  -1.8042436013284299e-01   1.8042436014784799e-01   3.0816241335452497e-11
   9.8399999999999999e+00   5.7472668055637299e-01   1.8414877636622301e-01   1.8414877632773299e-01   4.2494619861320498e-01   2.6932282344384399e-11  -1.7638272467035099e-01   1.7638272468631000e-01   3.0048112612427902e-11
   9.8499999999999996e+00   5.8169441329981697e-01   1.8818752318409701e-01   1.8818752314553799e-01   4.1797846586976001e-01   2.7702782062621701e-11  -1.7193750245768100e-01   1.7193750247459200e-01   2.9277679263036603e-11
   9.8599999999999994e+00   5.8847644034737900e-01   1.9210476668770499e-01   1.9210476664916701e-01   4.1119643882214402e-01   2.8473776953128701e-11  -1.6709927966055399e-01   1.6709927967841201e-01   2.8506744786300501e-11
   9.8699999999999992e+00   5.9505726837272499e-01   1.9589152585371100e-01   1.9589152581528299e-01   4.0461561079629199e-01   2.9243465779724302e-11  -1.6187953845481401e-01   1.6187953847361300e-01   2.7737110333987499e-11
   9.8800000000000008e+00   6.0142188083031101e-01   1.9953908879847099e-01   1.9953908876024401e-01   3.9825099833590999e-01   3.0010053790865303e-11  -1.5629063147606301e-01   1.5629063149579600e-01   2.6970570579435400e-11
   9.8900000000000006e+00   6.0755577222160095e-01   2.0303903324494199e-01   2.0303903320700301e-01   3.9211710693352803e-01   3.0771756833302298e-11  -1.5034575426033900e-01   1.5034575428099400e-01   2.6208909604389699e-11
   9.9000000000000004e+00   6.1344498121175595e-01   2.0638324641400099e-01   2.0638324637643901e-01   3.8622789790821999e-01   3.1526805437981501e-11  -1.4405891573368701e-01   1.4405891575525201e-01   2.5453896813449599e-11
   9.9100000000000001e+00   6.1907612251568600e-01   2.0956394428903499e-01   2.0956394425193700e-01   3.8059675650955299e-01   3.2273448868514397e-11  -1.3744490681314100e-01   1.3744490683560201e-01   2.4707282885708099e-11
   9.9199999999999999e+00   6.2443641747410095e-01   2.1257369020319100e-01   2.1257369016664299e-01   3.7523646132528898e-01   3.3009959122556902e-11  -1.3051926718625301e-01   1.3051926720959400e-01   2.3970795773132301e-11
   9.9299999999999997e+00   6.2951372460298605e-01   2.1540541353900200e-01   2.1540541350308900e-01   3.7015915419640300e-01   3.3734911813806899e-11  -1.2329825047729900e-01   1.2329825050150101e-01   2.3245715401683499e-11
   9.9399999999999995e+00   6.3429656460912198e-01   2.1805242513537401e-01   2.1805242510017800e-01   3.6537631419026600e-01   3.4446344058827002e-11  -1.1579878726257700e-01   1.1579878728761900e-01   2.2534156593416800e-11
   9.9499999999999993e+00   6.3877414895967499e-01   2.2050843502003301e-01   2.2050843498563499e-01   3.6089872983965998e-01   3.5142619333257602e-11  -1.0803844714019700e-01   1.0803844716605700e-01   2.1837756242995901e-11
   9.9600000000000009e+00   6.4293640402317298e-01   2.2276756752172699e-01   2.2276756748820600e-01   3.5673647477566800e-01   3.5822139295945402e-11  -1.0003539888772900e-01   1.0003539891438300e-01   2.1158113059529701e-11
   9.9700000000000006e+00   6.4677399421452297e-01   2.2482437588593401e-01   2.2482437585336701e-01   3.5289888458159702e-01   3.6483347424868797e-11  -9.1808369290962005e-02   9.1808369318384195e-02   2.0496783929596602e-11
   9.9800000000000004e+00   6.5027834346122204e-01   2.2667385596661799e-01   2.2667385593507899e-01   3.4939453532411902e-01   3.7124732553714303e-11  -8.3376600640713297e-02   8.3376600668875894e-02   1.9855280379552699e-11
   9.9900000000000002e+00   6.5344165493569095e-01   2.2831145895568900e-01   2.2831145892525001e-01   3.4623122381553800e-01   3.7744832300710902e-11  -7.4759806992676106e-02   7.4759807021549898e-02   1.9235065145456500e-11
   1.0000000000000000e+01   6.5625692900159605e-01   2.2973310311334699e-01   2.2973310308407799e-01   3.4341594965784300e-01   3.8342236381494198e-11  -6.5978129288774695e-02   6.5978129318328596e-02   1.8637548858757699e-11
   1.0010000000000000e+01   6.5871797932506804e-01   2.3093518446414299e-01   2.3093518443610800e-01   3.4095489911587501e-01   3.8915589797962499e-11  -5.7052089441804101e-02   5.7052089472005602e-02   1.8064086855690000e-11
