# Input parameters used
# ------------------------------------------------------------------------------------
# L = 3 
# K = 3 
# ns = 2 
# beta = 1 
# hbar = 1 
# tmax = 10 
# dt = 0.001 
# potname = spinboson
# Delta = 2 
# eps = 1 
# bathname = debye
# bathmode = matsubara
# eta = 2 
# gam = 1 
# lowTCorr = 1 
# To run this code use the following command
# feom.py --L 3 --K 3 --ns 2 --beta 1.0 --hbar 1.0 --tmax 10.0 --dt 0.001 --potname spinboson --Delta 2.0 --eps 1.0 --bathname debye --bathmode matsubara --eta 2.0 --gam 1.0 --lowTCorr 1 
# ------------------------------------------------------------------------------------
# Data 
# 
0.000000000000000000e+00 1.000000000000000000e+00 0.000000000000000000e+00 0.000000000000000000e+00
1.000000000000000021e-02 9.992005195432483999e-01 -3.995574732717219885e-02 3.968565042035660071e-04
2.000000000000000042e-02 9.968058389605443104e-01 -7.973920710037539494e-02 1.573532327731140068e-03
2.999999999999999889e-02 9.928253213784814513e-01 -1.192274148403879991e-01 3.506350282827520176e-03
4.000000000000000083e-02 9.872731725761197952e-01 -1.583012497610090108e-01 6.168086630793379911e-03
5.000000000000000278e-02 9.801682816729220260e-01 -1.968457099847686076e-01 9.528265018388699589e-03
5.999999999999999778e-02 9.715340511753004504e-01 -2.347501692238979920e-01 1.355344923019282007e-02
7.000000000000000666e-02 9.613982171430457413e-01 -2.719086139544820147e-01 1.820753419030383957e-02
8.000000000000000167e-02 9.497926602730882850e-01 -3.082198602480740179e-01 2.345203457587740140e-02
8.999999999999999667e-02 9.367532087285547204e-01 -3.435877495744399934e-01 2.924637034531760160e-02
1.000000000000000056e-01 9.223194335653822629e-01 -3.779213230452679873e-01 3.554814843770520011e-02
1.100000000000000006e-01 9.065344376268319460e-01 -4.111349737266720150e-01 4.231343986825319980e-02
1.199999999999999956e-01 8.894446387879837435e-01 -4.431485768045860252e-01 4.949705142730100038e-02
1.300000000000000044e-01 8.710995484378761811e-01 -4.738875975385979933e-01 5.705279118705020025e-02
1.400000000000000133e-01 8.515515460866198705e-01 -5.032831770844660157e-01 6.493372702999880564e-02
1.499999999999999944e-01 8.308556509788402877e-01 -5.312721964019759824e-01 7.309243743464580167e-02
1.600000000000000033e-01 8.090692915835810961e-01 -5.577973185917559640e-01 8.148125378623199966e-02
1.700000000000000122e-01 7.862520738146510091e-01 -5.828070101215679921e-01 9.005249352167379873e-02
1.799999999999999933e-01 7.624655488148639471e-01 -6.062555415089440070e-01 9.875868346708019385e-02
1.900000000000000022e-01 7.377729811129440929e-01 -6.281029681226999450e-01 1.075527727819833995e-01
2.000000000000000111e-01 7.122391179336610145e-01 -6.483150918507220029e-01 1.163883349854030053e-01
2.099999999999999922e-01 6.859299604103549219e-01 -6.668634044556720486e-01 1.252197586038751864e-01
2.200000000000000011e-01 6.589125374148159242e-01 -6.837250135040300325e-01 1.340024260495414066e-01
2.300000000000000100e-01 6.312546826829509294e-01 -6.988825518075899579e-01 1.426928804062319867e-01
2.399999999999999911e-01 6.030248158762319122e-01 -7.123240713603340435e-01 1.512489798722879975e-01
2.500000000000000000e-01 5.742917281788509909e-01 -7.240429227881539642e-01 1.596300396797716015e-01
2.600000000000000089e-01 5.451243729892720769e-01 -7.340376213544179684e-01 1.677969613799485948e-01
2.700000000000000178e-01 5.155916622228040591e-01 -7.423117005815359493e-01 1.757123494538053998e-01
2.800000000000000266e-01 4.857622686991720506e-01 -7.488735545578220076e-01 1.833406152732648120e-01
2.899999999999999800e-01 4.557044350462510218e-01 -7.537362700007319560e-01 1.906480685031551880e-01
2.999999999999999889e-01 4.254857895083619668e-01 -7.569174491424419671e-01 1.976029960954095999e-01
3.099999999999999978e-01 3.951731690051029644e-01 -7.584390244922299962e-01 2.041757290850060025e-01
3.200000000000000067e-01 3.648324497448200421e-01 -7.583270665128819532e-01 2.103386974514900032e-01
3.300000000000000155e-01 3.345283856557899616e-01 -7.566115852258059604e-01 2.160664733602480070e-01
3.400000000000000244e-01 3.043244548581240383e-01 -7.533263267323080381e-01 2.213358031438699969e-01
3.499999999999999778e-01 2.742827143604890106e-01 -7.485085656070979976e-01 2.261256284256359939e-01
3.599999999999999867e-01 2.444636631282549599e-01 -7.421988940849939542e-01 2.304170968245120021e-01
3.699999999999999956e-01 2.149261136335110511e-01 -7.344410089236760308e-01 2.341935627137020082e-01
3.800000000000000044e-01 1.857270719629530165e-01 -7.252814967845020444e-01 2.374405785330180041e-01
3.900000000000000133e-01 1.569216265267930344e-01 -7.147696189304539871e-01 2.401458771788460012e-01
4.000000000000000222e-01 1.285628453807439731e-01 -7.029570959956840115e-01 2.422993460146679878e-01
4.099999999999999756e-01 1.007016821439129517e-01 -6.898978935353059505e-01 2.438929930597479867e-01
4.199999999999999845e-01 7.338689046798596571e-02 -6.756480090173939690e-01 2.449209059239779995e-01
4.299999999999999933e-01 4.666494698755496717e-02 -6.602652608721719663e-01 2.453792040632160054e-01
4.400000000000000022e-01 2.057998265779298341e-02 -6.438090801662980089e-01 2.452659849317520013e-01
4.500000000000000111e-01 -4.826277636100051449e-03 -6.263403054233760425e-01 2.445812646070580076e-01
4.600000000000000200e-01 -2.951456733320700909e-02 -6.079209810658380286e-01 2.433269134571300063e-01
4.699999999999999734e-01 -5.344812246852997939e-02 -5.886141599080779718e-01 2.415065874123759893e-01
4.799999999999999822e-01 -7.659271813188595068e-02 -5.684837100868560533e-01 2.391256553927759987e-01
4.899999999999999911e-01 -9.891669729856500393e-02 -5.475941267724480088e-01 2.361911234269120086e-01
5.000000000000000000e-01 -1.203909922291509504e-01 -5.260103489631640095e-01 2.327115559829200098e-01
5.100000000000000089e-01 -1.409891386472499897e-01 -5.037975816267680207e-01 2.286969950125219975e-01
5.200000000000000178e-01 -1.606872829136480330e-01 -4.810211234153199955e-01 2.241588771885640041e-01
5.300000000000000266e-01 -1.794641824237719896e-01 -4.577462001448839857e-01 2.191099497939260066e-01
5.400000000000000355e-01 -1.973011994623479759e-01 -4.340378041987459912e-01 2.135641856958239992e-01
5.500000000000000444e-01 -2.141822887548189835e-01 -4.099605399822239815e-01 2.075366978144659869e-01
5.600000000000000533e-01 -2.300939789597170049e-01 -3.855784755287919863e-01 2.010436534690699939e-01
5.699999999999999512e-01 -2.450253483495589690e-01 -3.609550003312699817e-01 1.941021889577503878e-01
5.799999999999999600e-01 -2.589679949303730355e-01 -3.361526894480780236e-01 1.867303247008157974e-01
5.899999999999999689e-01 -2.719160012514760250e-01 -3.112331739130920205e-01 1.789468812499762085e-01
5.999999999999999778e-01 -2.838658941579129680e-01 -2.862570174583959903e-01 1.707713964389248051e-01
6.099999999999999867e-01 -2.948165997379489922e-01 -2.612835995420960122e-01 1.622240439240779930e-01
6.199999999999999956e-01 -3.047693937174270062e-01 -2.363710046583299973e-01 1.533255533379908053e-01
6.300000000000000044e-01 -3.137278475515829501e-01 -2.115759178935180118e-01 1.440971322523680043e-01
6.400000000000000133e-01 -3.216977704632669743e-01 -1.869535266816897967e-01 1.345603901228102084e-01
6.500000000000000222e-01 -3.286871476744349652e-01 -1.625574287022414077e-01 1.247372643635751982e-01
6.600000000000000311e-01 -3.347060750753349523e-01 -1.384395458555998104e-01 1.146499486778713994e-01
6.700000000000000400e-01 -3.397666905730890030e-01 -1.146500442459059965e-01 1.043208237476005995e-01
6.800000000000000488e-01 -3.438831023584930091e-01 -9.123726009475560672e-02 9.377239036613579937e-02
6.899999999999999467e-01 -3.470713143266389578e-01 -6.824763150619279906e-02 8.302720507873459499e-02
6.999999999999999556e-01 -3.493491488837950354e-01 -4.572563600034559861e-02 7.210781837759119850e-02
7.099999999999999645e-01 -3.507361673696070548e-01 -2.371373373119160105e-02 6.103671548236320327e-02
7.199999999999999734e-01 -3.512535883202490550e-01 -2.252316302806279917e-03 4.983625972230640300e-02
7.299999999999999822e-01 -3.509242037947779558e-01 1.862033890206753889e-02 3.852863852290200342e-02
7.399999999999999911e-01 -3.497722939834230216e-01 3.886810896731839743e-02 2.713581198807319891e-02
7.500000000000000000e-01 -3.478235403131659798e-01 5.845706034849720151e-02 1.567946405873523949e-02
7.600000000000000089e-01 -3.451049372624979683e-01 7.735547852288379711e-02 4.180956219472819688e-03
7.700000000000000178e-01 -3.416447030938570273e-01 9.553389246921939471e-02 -7.338716282448760030e-03
7.800000000000000266e-01 -3.374721897088929778e-01 1.129650940610539972e-01 -1.885896574781811830e-02
7.900000000000000355e-01 -3.326177918283279578e-01 1.296241524570735937e-01 -3.035965091307939873e-02
8.000000000000000444e-01 -3.271128556948819655e-01 1.454884235713579943e-01 -4.182111346579359817e-02
8.100000000000000533e-01 -3.209895874944169725e-01 1.605375547063848107e-01 -5.322421224173400078e-02
8.199999999999999512e-01 -3.142809616871070078e-01 1.747534844317698011e-01 -6.455035515916120181e-02
8.299999999999999600e-01 -3.070206294371730094e-01 1.881204377923139937e-01 -7.578152894667899986e-02
8.399999999999999689e-01 -2.992428273262869864e-01 2.006249169299300084e-01 -8.690032672110040157e-02
8.499999999999999778e-01 -2.909822865323960506e-01 2.122556872055020027e-01 -9.788997347104659574e-02
8.599999999999999867e-01 -2.822741426522129560e-01 2.230037589087099925e-01 -1.087343495006627969e-01
8.699999999999999956e-01 -2.731538463420399854e-01 2.328623646463379993e-01 -1.194180118859580059e-01
8.800000000000000044e-01 -2.636570749479510423e-01 2.418269325025839966e-01 -1.299262139939446059e-01
8.900000000000000133e-01 -2.538196452925019497e-01 2.498950550684299887e-01 -1.402449231120825868e-01
9.000000000000000222e-01 -2.436774277812079892e-01 2.570664544411440100e-01 -1.503608362325961900e-01
9.100000000000000311e-01 -2.332662619878880239e-01 2.633429432994380259e-01 -1.602613940331193976e-01
9.200000000000000400e-01 -2.226218738736610026e-01 2.687283821648520088e-01 -1.699347930919332117e-01
9.300000000000000488e-01 -2.117797947898330535e-01 2.732286329651599788e-01 -1.793699963728455915e-01
9.399999999999999467e-01 -2.007752824101970424e-01 2.768515090214340169e-01 -1.885567420116260051e-01
9.499999999999999556e-01 -1.896432437332530307e-01 2.796067215863259903e-01 -1.974855504328859868e-01
9.599999999999999645e-01 -1.784181602896659502e-01 2.815058230675019924e-01 -2.061477298234860034e-01
9.699999999999999734e-01 -1.671340156847370140e-01 2.825621470765860010e-01 -2.145353799859699984e-01
9.799999999999999822e-01 -1.558242255999809922e-01 2.827907454506620177e-01 -2.226413945932559924e-01
9.899999999999999911e-01 -1.445215703718360500e-01 2.822083223999979906e-01 -2.304594618638780013e-01
1.000000000000000000e+00 -1.332581302592769634e-01 2.808331659424220250e-01 -2.379840636754979866e-01
1.010000000000000009e+00 -1.220652235055509904e-01 2.786850767913580107e-01 -2.452104731332560017e-01
1.020000000000000018e+00 -1.109733472924369635e-01 2.757852948710700081e-01 -2.521347506087580070e-01
1.030000000000000027e+00 -1.000121216783610434e-01 2.721564236388779867e-01 -2.587537382652380091e-01
1.040000000000000036e+00 -8.921023660439902914e-02 2.678223524002140143e-01 -2.650650530844820274e-01
1.050000000000000044e+00 -7.859540204464299240e-02 2.628081768079860159e-01 -2.710670784117579779e-01
1.060000000000000053e+00 -6.819430136961701638e-02 2.571401177430460150e-01 -2.767589540359339795e-01
1.070000000000000062e+00 -5.803254798352297517e-02 2.508454387773479954e-01 -2.821405648234340258e-01
1.080000000000000071e+00 -4.813464528787297914e-02 2.439523624256879908e-01 -2.872125279265140274e-01
1.090000000000000080e+00 -3.852395001577596512e-02 2.364899853956599907e-01 -2.919761785885299776e-01
1.100000000000000089e+00 -2.922263897275395594e-02 2.284881930485800072e-01 -2.964335545715059972e-01
1.110000000000000098e+00 -2.025167921127996040e-02 2.199775732865580091e-01 -3.005873792341560158e-01
1.120000000000000107e+00 -1.163080165773400232e-02 2.109893300827060114e-01 -3.044410432917700193e-01
1.129999999999999893e+00 -3.378478201622958643e-03 2.015551968724919873e-01 -3.079985852927800138e-01
1.139999999999999902e+00 4.488097751696951132e-03 1.917073500245158046e-01 -3.112646708505439896e-01
1.149999999999999911e+00 1.195302727234803797e-02 1.814783226085278089e-01 -3.142445706726760268e-01
1.159999999999999920e+00 1.900171845754800026e-02 1.709009186772376121e-01 -3.169441374342960027e-01
1.169999999999999929e+00 2.562089556834495907e-02 1.600081282763755886e-01 -3.193697815455540101e-01
1.179999999999999938e+00 3.179860478485396769e-02 1.488330433946397913e-01 -3.215284458679659729e-01
1.189999999999999947e+00 3.752421662176497197e-02 1.374087750615002046e-01 -3.234275794381220037e-01
1.199999999999999956e+00 4.278842505411994956e-02 1.257683717964090120e-01 -3.250751102614299892e-01
1.209999999999999964e+00 4.758324341140002245e-02 1.139447396077754027e-01 -3.264794172424860252e-01
1.219999999999999973e+00 5.190199710578397019e-02 1.019705637341259963e-01 -3.276493013224779927e-01
1.229999999999999982e+00 5.573931326801195851e-02 8.987823231322460138e-02 -3.285939558976679886e-01
1.239999999999999991e+00 5.909110737154704696e-02 7.769976215758099547e-02 -3.293229365964279731e-01
1.250000000000000000e+00 6.195456693275697146e-02 6.546672680679420375e-02 -3.298461304954820039e-01
1.260000000000000009e+00 6.432813238141898982e-02 5.321018701857020000e-02 -3.301737248588360041e-01
1.270000000000000018e+00 6.621147520221704053e-02 4.096062385108960313e-02 -3.303161754855379884e-01
1.280000000000000027e+00 6.760547345374795514e-02 2.874787447970399840e-02 -3.302841747545000040e-01
1.290000000000000036e+00 6.851218477711995547e-02 1.660107088078371929e-02 -3.300886194566000076e-01
1.300000000000000044e+00 6.893481701129899886e-02 4.548581504950279832e-03 -3.297405785056000127e-01
1.310000000000000053e+00 6.887769653705094752e-02 -7.382043949016799632e-03 -3.292512606205820203e-01
1.320000000000000062e+00 6.834623447553495046e-02 -1.916412655957221850e-02 -3.286319820731359864e-01
1.330000000000000071e+00 6.734689087138895358e-02 -3.077190691857959945e-02 -3.278941345927680051e-01
1.340000000000000080e+00 6.588713699345799535e-02 -4.218059050146120287e-02 -3.270491535237720071e-01
1.350000000000000089e+00 6.397541588913596700e-02 -5.336638960636219675e-02 -3.261084863260120259e-01
1.360000000000000098e+00 6.162110133066101003e-02 -6.430656180929460175e-02 -3.250835615111000165e-01
1.370000000000000107e+00 5.883445529359898618e-02 -7.497944489417320002e-02 -3.239857581036920120e-01
1.379999999999999893e+00 5.562658410912696416e-02 -8.536448822857620189e-02 -3.228263757158020275e-01
1.389999999999999902e+00 5.200939343267596549e-02 -9.544228056788579828e-02 -3.216166053194899899e-01
1.399999999999999911e+00 4.799554217197199435e-02 -1.051945742821469992e-01 -3.203675008005419933e-01
1.409999999999999920e+00 4.359839551744698616e-02 -1.146043060114818046e-01 -3.190899513725279912e-01
1.419999999999999929e+00 3.883197721761100230e-02 -1.236556137671346034e-01 -3.177946549270260213e-01
1.429999999999999938e+00 3.371092124102004206e-02 -1.323338505061854020e-01 -3.164920923919720130e-01
1.439999999999999947e+00 2.825042296514596041e-02 -1.406255942185951902e-01 -3.151925031657519805e-01
1.449999999999999956e+00 2.246619003072997112e-02 -1.485186545754907939e-01 -3.139058616902200005e-01
1.459999999999999964e+00 1.637439299800602654e-02 -1.560020761974338088e-01 -3.126418552209759838e-01
1.469999999999999973e+00 9.991615938687969933e-03 -1.630661386108087918e-01 -3.114098628482779851e-01
1.479999999999999982e+00 3.334807094649949732e-03 -1.697023529693696131e-01 -3.102189358166280164e-01
1.489999999999999991e+00 -3.578770268952036204e-03 -1.759034556263900095e-01 -3.090777791858200230e-01
1.500000000000000000e+00 -1.073158669200496851e-02 -1.816633986507303899e-01 -3.079947348705420196e-01
1.510000000000000009e+00 -1.810589490895603282e-02 -1.869773373874561995e-01 -3.069777660901020222e-01
1.520000000000000018e+00 -2.568377768341600920e-02 -1.918416151703928041e-01 -3.060344432540639814e-01
1.530000000000000027e+00 -3.344719497619103032e-02 -1.962537453001698129e-01 -3.051719313038179782e-01
1.540000000000000036e+00 -4.137803033972198286e-02 -2.002123904068900118e-01 -3.043969785243719750e-01
1.550000000000000044e+00 -4.945813643678503846e-02 -2.037173393215319928e-01 -3.037159068348880275e-01
1.560000000000000053e+00 -5.766937958635703909e-02 -2.067694815845800005e-01 -3.031346035607540013e-01
1.570000000000000062e+00 -6.599368324476700964e-02 -2.093707797241579904e-01 -3.026585146844680274e-01
1.580000000000000071e+00 -7.441307033562105655e-02 -2.115242394391159964e-01 -3.022926395669839894e-01
1.590000000000000080e+00 -8.290970434744204809e-02 -2.132338778251139932e-01 -3.020415271259559997e-01
1.600000000000000089e+00 -9.146592912354800653e-02 -2.145046897837840083e-01 -3.019092734519779886e-01
1.610000000000000098e+00 -1.000643072743139794e-01 -2.153426127564579962e-01 -3.018995208390580220e-01
1.620000000000000107e+00 -1.086876571476400044e-01 -2.157544899248740045e-01 -3.020154582006320254e-01
1.629999999999999893e+00 -1.173190882991819728e-01 -2.157480320215960090e-01 -3.022598228380120045e-01
1.639999999999999902e+00 -1.259420354095579508e-01 -2.153317778927819892e-01 -3.026349035237200225e-01
1.649999999999999911e+00 -1.345402906014780409e-01 -2.145150539551820001e-01 -3.031425448582160120e-01
1.659999999999999920e+00 -1.430980341153960111e-01 -2.133079326882119930e-01 -3.037841528547179926e-01
1.669999999999999929e+00 -1.515998633078679547e-01 -2.117211903003000106e-01 -3.045607017033620245e-01
1.679999999999999938e+00 -1.600308199423339794e-01 -2.097662637067539970e-01 -3.054727416627999736e-01
1.689999999999999947e+00 -1.683764157475040046e-01 -2.074552069539140065e-01 -3.065204080244400275e-01
1.699999999999999956e+00 -1.766226562238359943e-01 -2.048006472216860052e-01 -3.077034310920579996e-01
1.709999999999999964e+00 -1.847560626838400388e-01 -2.018157405333440013e-01 -3.090211471172260027e-01
1.719999999999999973e+00 -1.927636925170159721e-01 -1.985141272981023886e-01 -3.104725101291900269e-01
1.729999999999999982e+00 -2.006331576751870238e-01 -1.949098878082372033e-01 -3.120561045961480207e-01
1.739999999999999991e+00 -2.083526413787769593e-01 -1.910174978085492081e-01 -3.137701588537599728e-01
1.750000000000000000e+00 -2.159109130492170570e-01 -1.868517842517672112e-01 -3.156125592356520126e-01
1.760000000000000009e+00 -2.232973414771109999e-01 -1.824278813490732010e-01 -3.175808648401299839e-01
1.770000000000000018e+00 -2.305019062400749941e-01 -1.777611870203535949e-01 -3.196723228669799965e-01
1.780000000000000027e+00 -2.375152073882610404e-01 -1.728673198440557890e-01 -3.218838844581399794e-01
1.790000000000000036e+00 -2.443284734194469676e-01 -1.677620766016696130e-01 -3.242122209763539931e-01
1.800000000000000044e+00 -2.509335675693210588e-01 -1.624613905069156039e-01 -3.266537406563639889e-01
1.810000000000000053e+00 -2.573229924460430085e-01 -1.569812902046960057e-01 -3.292046055640219793e-01
1.820000000000000062e+00 -2.634898930415109919e-01 -1.513378596198032000e-01 -3.318607487996880212e-01
1.830000000000000071e+00 -2.694280581548140208e-01 -1.455471987302806025e-01 -3.346178918835400196e-01
1.840000000000000080e+00 -2.751319202663010111e-01 -1.396253853352339980e-01 -3.374715622618820188e-01
1.850000000000000089e+00 -2.805965539033249967e-01 -1.335884378818039953e-01 -3.404171108752179764e-01
1.860000000000000098e+00 -2.858176725412590047e-01 -1.274522794109546053e-01 -3.434497297306379759e-01
1.870000000000000107e+00 -2.907916240856320278e-01 -1.212327026767273941e-01 -3.465644694231599932e-01
1.879999999999999893e+00 -2.955153849833540569e-01 -1.149453364886676016e-01 -3.497562565527460032e-01
1.889999999999999902e+00 -2.999865530128410507e-01 -1.086056133222672027e-01 -3.530199109860640005e-01
1.899999999999999911e+00 -3.042033388046039843e-01 -1.022287382374946069e-01 -3.563501629144040228e-01
1.909999999999999920e+00 -3.081645561453379423e-01 -9.582965914081220671e-02 -3.597416696617319887e-01
1.919999999999999929e+00 -3.118696111198769882e-01 -8.942303842152660165e-02 -3.631890321993679893e-01
1.929999999999999938e+00 -3.153184901465450052e-01 -8.302322598887999783e-02 -3.666868113265099871e-01
1.939999999999999947e+00 -3.185117469623739983e-01 -7.664423373198539502e-02 -3.702295434784240169e-01
1.949999999999999956e+00 -3.214504886154860297e-01 -7.029971142053860478e-02 -3.738117561269380107e-01
1.959999999999999964e+00 -3.241363605225560107e-01 -6.400292406020799407e-02 -3.774279827405779830e-01
1.969999999999999973e+00 -3.265715306497590231e-01 -5.776673071272420135e-02 -3.810727772744579855e-01
1.979999999999999982e+00 -3.287586728759219756e-01 -5.160356478694899662e-02 -3.847407281627819864e-01
1.989999999999999991e+00 -3.307009495967900281e-01 -4.552541580362119700e-02 -3.884264717895319907e-01
2.000000000000000000e+00 -3.324019936293540201e-01 -3.954381263304500294e-02 -3.921247054156399847e-01
2.009999999999999787e+00 -3.338658894750769490e-01 -3.366980820169820227e-02 -3.958301995435760112e-01
2.020000000000000018e+00 -3.350971540006499882e-01 -2.791396566061619955e-02 -3.995378097028640108e-01
2.029999999999999805e+00 -3.361007165945569808e-01 -2.228634600541960081e-02 -4.032424876426319860e-01
2.040000000000000036e+00 -3.368818988572629958e-01 -1.679649713503477901e-02 -4.069392919197040159e-01
2.049999999999999822e+00 -3.374463938822650499e-01 -1.145344433346315999e-02 -4.106233978731960166e-01
2.060000000000000053e+00 -3.378002451845790177e-01 -6.265682156426239865e-03 -4.142901069788220147e-01
2.069999999999999840e+00 -3.379498253324469959e-01 -1.241167702313810024e-03 -4.179348555783740093e-01
2.080000000000000071e+00 -3.379018143372029548e-01 3.612684755393379913e-03 -4.215532229819540233e-01
2.089999999999999858e+00 -3.376631778552299790e-01 8.289007799177039795e-03 -4.251409389425440111e-01
2.100000000000000089e+00 -3.372411452549889943e-01 1.278148358895172046e-02 -4.286938905044220260e-01
2.109999999999999876e+00 -3.366431876008759705e-01 1.708434530275666080e-02 -4.322081282287700277e-01
2.120000000000000107e+00 -3.358769956045839500e-01 2.119237732721220013e-02 -4.356798718015120198e-01
2.129999999999999893e+00 -3.349504575932950035e-01 2.510091422990520099e-02 -4.391055150300239851e-01
2.140000000000000124e+00 -3.338716375428039673e-01 2.880583854736900110e-02 -4.424816302368499987e-01
2.149999999999999911e+00 -3.326487532222059951e-01 3.230357742372139823e-02 -4.458049720599939758e-01
2.160000000000000142e+00 -3.312901544954400257e-01 3.559109813630059738e-02 -4.490724806705699845e-01
2.169999999999999929e+00 -3.298043018234300128e-01 3.866590254582980002e-02 -4.522812844198340065e-01
2.180000000000000160e+00 -3.281997450090960444e-01 4.152602050970759934e-02 -4.554287019286860083e-01
2.189999999999999947e+00 -3.264851022259080415e-01 4.417000229801879702e-02 -4.585122436336919738e-01
2.200000000000000178e+00 -3.246690393690770393e-01 4.659691005273360054e-02 -4.615296128045939805e-01
2.209999999999999964e+00 -3.227602497668180526e-01 4.880630833137260260e-02 -4.644787060490340180e-01
2.220000000000000195e+00 -3.207674342874909934e-01 5.079825377711520012e-02 -4.673576133209340067e-01
2.229999999999999982e+00 -3.186992818766860580e-01 5.257328395795819731e-02 -4.701646174495979769e-01
2.240000000000000213e+00 -3.165644505566570510e-01 5.413240541806880329e-02 -4.728981932071240069e-01
2.250000000000000000e+00 -3.143715489187209888e-01 5.547708098493479845e-02 -4.755570059321420073e-01
2.259999999999999787e+00 -3.121291181375260293e-01 5.660921637629579700e-02 -4.781399097283359767e-01
2.270000000000000018e+00 -3.098456145343080337e-01 5.753114615114320041e-02 -4.806459452564439960e-01
2.279999999999999805e+00 -3.075293927144899797e-01 5.824561904930020129e-02 -4.830743371387160034e-01
2.290000000000000036e+00 -3.051886893031719450e-01 5.875578276424860136e-02 -4.854244909949840259e-01
2.299999999999999822e+00 -3.028316073003019526e-01 5.906516819394819900e-02 -4.876959901296020194e-01
2.310000000000000053e+00 -3.004661010755200201e-01 5.917767321440139949e-02 -4.898885918885980129e-01
2.319999999999999840e+00 -2.980999620208339973e-01 5.909754602065420137e-02 -4.920022237063940151e-01
2.330000000000000071e+00 -2.957408048775920228e-01 5.882936807978959848e-02 -4.940369788614000224e-01
2.339999999999999858e+00 -2.933960547523299933e-01 5.837803674027040174e-02 -4.959931119597579818e-01
2.350000000000000089e+00 -2.910729348344070488e-01 5.774874754171480107e-02 -4.978710341663579730e-01
2.359999999999999876e+00 -2.887784548264930029e-01 5.694697626885419917e-02 -4.996713082021099761e-01
2.370000000000000107e+00 -2.865194000972989818e-01 5.597846079301400241e-02 -5.013946431263139880e-01
2.379999999999999893e+00 -2.843023215641810042e-01 5.484918274399019911e-02 -5.030418889226879742e-01
2.390000000000000124e+00 -2.821335263115610226e-01 5.356534905466039942e-02 -5.046140309074480523e-01
2.399999999999999911e+00 -2.800190689493929908e-01 5.213337342006239827e-02 -5.061121839775259978e-01
2.410000000000000142e+00 -2.779647437143160094e-01 5.055985771201700063e-02 -5.075375867167359889e-01
2.419999999999999929e+00 -2.759760773144219748e-01 4.885157338963980189e-02 -5.088915953774220124e-01
2.430000000000000160e+00 -2.740583225170209469e-01 4.701544294530259765e-02 -5.101756777547380439e-01
2.439999999999999947e+00 -2.722164524772279770e-01 4.505852142475819805e-02 -5.113914069704460497e-01
2.450000000000000178e+00 -2.704551558036219494e-01 4.298797805923239984e-02 -5.125404551826939770e-01
2.459999999999999964e+00 -2.687788323557520065e-01 4.081107804632799763e-02 -5.136245872379120447e-01
2.470000000000000195e+00 -2.671915897668619699e-01 3.853516451556460165e-02 -5.146456542805679657e-01
2.479999999999999982e+00 -2.656972406836939915e-01 3.616764071330200170e-02 -5.156055873361260478e-01
2.490000000000000213e+00 -2.642993007139560202e-01 3.371595244067639857e-02 -5.165063908821539984e-01
2.500000000000000000e+00 -2.630009870706669917e-01 3.118757077699699926e-02 -5.173501364221280152e-01
2.509999999999999787e+00 -2.618052179013349856e-01 2.858997511983240106e-02 -5.181389560760240043e-01
2.520000000000000018e+00 -2.607146122886990214e-01 2.593063657174959902e-02 -5.188750362013879736e-01
2.529999999999999805e+00 -2.597314909085799983e-01 2.321700170235160149e-02 -5.195606110581160175e-01
2.540000000000000036e+00 -2.588578773292949942e-01 2.045647671291980080e-02 -5.201979565297679686e-01
2.549999999999999822e+00 -2.580954999359999502e-01 1.765641202957394032e-02 -5.207893839137099912e-01
2.560000000000000053e+00 -2.574457944623180228e-01 1.482408734944421977e-02 -5.213372337920100241e-01
2.569999999999999840e+00 -2.569099071106799581e-01 1.196669716290013966e-02 -5.218438699944559778e-01
2.580000000000000071e+00 -2.564886982418899675e-01 9.091336773403060553e-03 -5.223116736646760128e-01
2.589999999999999858e+00 -2.561827466136099574e-01 6.204988835047040019e-03 -5.227430374397820101e-01
2.600000000000000089e+00 -2.559923541466749830e-01 3.314510426332020147e-03 -5.231403597535180250e-01
2.609999999999999876e+00 -2.559175511974460249e-01 4.266206771746159743e-04 -5.235060392724040224e-01
2.620000000000000107e+00 -2.559581023137600386e-01 -2.452111035388220006e-03 -5.238424694738139653e-01
2.629999999999999893e+00 -2.561135124514449801e-01 -5.315276308908059577e-03 -5.241520333745020022e-01
2.640000000000000124e+00 -2.563830336278390409e-01 -8.156638342316179652e-03 -5.244370984175119599e-01
2.649999999999999911e+00 -2.567656719883010252e-01 -1.097014195703324008e-02 -5.247000115249359498e-01
2.660000000000000142e+00 -2.572601952613030041e-01 -1.374992300319810047e-02 -5.249430943234479896e-01
2.669999999999999929e+00 -2.578651405773330074e-01 -1.649031714337322041e-02 -5.251686385490059727e-01
2.680000000000000160e+00 -2.585788226266059753e-01 -1.918586800763200095e-02 -5.253789016366520181e-01
2.689999999999999947e+00 -2.593993421303100178e-01 -2.183133471546699900e-02 -5.255761025007099629e-01
2.700000000000000178e+00 -2.603245946000260491e-01 -2.442169876147340032e-02 -5.257624175102659780e-01
2.709999999999999964e+00 -2.613522793598179739e-01 -2.695217026325859994e-02 -5.259399766641920104e-01
2.720000000000000195e+00 -2.624799088054759477e-01 -2.941819357149520059e-02 -5.261108599694880317e-01
2.729999999999999982e+00 -2.637048178754289873e-01 -3.181545224348220069e-02 -5.262770940261980446e-01
2.740000000000000213e+00 -2.650241737079129800e-01 -3.413987338298239693e-02 -5.264406488215900293e-01
2.750000000000000000e+00 -2.664349854591289701e-01 -3.638763135048860009e-02 -5.266034347358019563e-01
2.759999999999999787e+00 -2.679341142572949641e-01 -3.855515084939920012e-02 -5.267672997605840068e-01
2.770000000000000018e+00 -2.695182832677990303e-01 -4.063910939489240315e-02 -5.269340269323220527e-01
2.779999999999999805e+00 -2.711840878448659731e-01 -4.263643917353199947e-02 -5.271053319799320347e-01
2.790000000000000036e+00 -2.729280057455980568e-01 -4.454432830285619954e-02 -5.272828611877760085e-01
2.799999999999999822e+00 -2.747464073825510167e-01 -4.636022150135300085e-02 -5.274681894732119458e-01
2.810000000000000053e+00 -2.766355660915240100e-01 -4.808182018034520139e-02 -5.276628186779079854e-01
2.819999999999999840e+00 -2.785916683916600523e-01 -4.970708197035680204e-02 -5.278681760715939753e-01
2.830000000000000071e+00 -2.806108242155200272e-01 -5.123421969554640271e-02 -5.280856130664199899e-01
2.839999999999999858e+00 -2.826890770873290437e-01 -5.266169981073780260e-02 -5.283164041396539723e-01
2.850000000000000089e+00 -2.848224142282290150e-01 -5.398824031647080079e-02 -5.285617459620179925e-01
2.859999999999999876e+00 -2.870067765679420457e-01 -5.521280816833119831e-02 -5.288227567285079811e-01
2.870000000000000107e+00 -2.892380686429880110e-01 -5.633461619759799754e-02 -5.291004756881420024e-01
2.879999999999999893e+00 -2.915121683622439730e-01 -5.735311956095760083e-02 -5.293958628686940004e-01
2.890000000000000124e+00 -2.938249366213890323e-01 -5.826801173769759895e-02 -5.297097989920800387e-01
2.899999999999999911e+00 -2.961722267484830362e-01 -5.907922009338720248e-02 -5.300430855756780302e-01
2.910000000000000142e+00 -2.985498937637690586e-01 -5.978690102958959807e-02 -5.303964452145979447e-01
2.919999999999999929e+00 -3.009538034375019433e-01 -6.039143473962919895e-02 -5.307705220394900447e-01
2.930000000000000160e+00 -3.033798411304770015e-01 -6.089341959085559780e-02 -5.311658823442639843e-01
2.939999999999999947e+00 -3.058239204027239921e-01 -6.129366615420080155e-02 -5.315830153777679756e-01
2.950000000000000178e+00 -3.082819913766719488e-01 -6.159319090213299930e-02 -5.320223342932339783e-01
2.959999999999999964e+00 -3.107500488419780438e-01 -6.179320959634700128e-02 -5.324841772490399583e-01
2.970000000000000195e+00 -3.132241400899840045e-01 -6.189513038671880241e-02 -5.329688086541639613e-01
2.979999999999999982e+00 -3.157003724667479805e-01 -6.190054664318540151e-02 -5.334764205514539448e-01
2.990000000000000213e+00 -3.181749206343540415e-01 -6.181122954228299854e-02 -5.340071341317540465e-01
3.000000000000000000e+00 -3.206440335311460110e-01 -6.162912043010179697e-02 -5.345610013716639575e-01
3.009999999999999787e+00 -3.231040410223660064e-01 -6.135632298338680041e-02 -5.351380067877380409e-01
3.020000000000000018e+00 -3.255513602335680101e-01 -6.099509519043939954e-02 -5.357380692996619453e-01
3.029999999999999805e+00 -3.279825015600119631e-01 -6.054784117334199856e-02 -5.363610441950420471e-01
3.040000000000000036e+00 -3.303940743461379892e-01 -6.001710287286359663e-02 -5.370067251882360004e-01
3.049999999999999822e+00 -3.327827922300439778e-01 -5.940555161718100163e-02 -5.376748465657199549e-01
3.060000000000000053e+00 -3.351454781487259726e-01 -5.871597959529639699e-02 -5.383650854104600203e-01
3.069999999999999840e+00 -3.374790690007099525e-01 -5.795129125573039719e-02 -5.390770638977260276e-01
3.080000000000000071e+00 -3.397806199634540447e-01 -5.711449465073020065e-02 -5.398103516548840020e-01
3.089999999999999858e+00 -3.420473084637820071e-01 -5.620869274586200171e-02 -5.405644681777039828e-01
3.100000000000000089e+00 -3.442764378003180248e-01 -5.523707471444540273e-02 -5.413388852958099795e-01
3.109999999999999876e+00 -3.464654404177180402e-01 -5.420290723584639953e-02 -5.421330296800179749e-01
3.120000000000000107e+00 -3.486118808332209773e-01 -5.310952581617880280e-02 -5.429462853843759484e-01
3.129999999999999893e+00 -3.507134582167819592e-01 -5.196032614945819694e-02 -5.437779964158599988e-01
3.140000000000000124e+00 -3.527680086267439563e-01 -5.075875553673520058e-02 -5.446274693248519538e-01
3.149999999999999911e+00 -3.547735069037249445e-01 -4.950830438017859991e-02 -5.454939758096339908e-01
3.160000000000000142e+00 -3.567280682260370317e-01 -4.821249776851579960e-02 -5.463767553283600531e-01
3.169999999999999929e+00 -3.586299493306289721e-01 -4.687488716964260255e-02 -5.472750177120899728e-01
3.180000000000000160e+00 -3.604775494041049799e-01 -4.549904224560780142e-02 -5.481879457727419913e-01
3.189999999999999947e+00 -3.622694106490590427e-01 -4.408854280455379998e-02 -5.491146978999500439e-01
3.200000000000000178e+00 -3.640042185314500411e-01 -4.264697090356039944e-02 -5.500544106411020540e-01
3.209999999999999964e+00 -3.656808017153259649e-01 -4.117790311568080008e-02 -5.510062012590040137e-01
3.220000000000000195e+00 -3.672981316917340311e-01 -3.968490297380920101e-02 -5.519691702618979567e-01
3.229999999999999982e+00 -3.688553221091179779e-01 -3.817151360334040261e-02 -5.529424039007719838e-01
3.240000000000000213e+00 -3.703516278129899697e-01 -3.664125055491460059e-02 -5.539249766291499677e-01
3.250000000000000000e+00 -3.717864436030849928e-01 -3.509759484785519856e-02 -5.549159535208220140e-01
3.259999999999999787e+00 -3.731593027166449916e-01 -3.354398623422399917e-02 -5.559143926412200010e-01
3.270000000000000018e+00 -3.744698750468210546e-01 -3.198381669273259870e-02 -5.569193473683760054e-01
3.279999999999999805e+00 -3.757179651055739811e-01 -3.042042416106039912e-02 -5.579298686597300438e-01
3.290000000000000036e+00 -3.769035097407830159e-01 -2.885708651444540002e-02 -5.589450072612179854e-01
3.299999999999999822e+00 -3.780265756175190117e-01 -2.729701579772600070e-02 -5.599638158554079981e-01
3.310000000000000053e+00 -3.790873564738069801e-01 -2.574335271733440081e-02 -5.609853511457020270e-01
3.319999999999999840e+00 -3.800861701613340027e-01 -2.419916139906439986e-02 -5.620086758738179755e-01
3.330000000000000071e+00 -3.810234554818980324e-01 -2.266742441676379907e-02 -5.630328607681079900e-01
3.339999999999999858e+00 -3.818997688304839877e-01 -2.115103809644020005e-02 -5.640569864204499906e-01
3.350000000000000089e+00 -3.827157806560799735e-01 -1.965280809961068159e-02 -5.650801450897340317e-01
3.359999999999999876e+00 -3.834722717514680301e-01 -1.817544528907865872e-02 -5.661014424301960002e-01
3.370000000000000107e+00 -3.841701293833379993e-01 -1.672156187968237839e-02 -5.671199991430819765e-01
3.379999999999999893e+00 -3.848103432741560304e-01 -1.529366787593334012e-02 -5.681349525503780473e-01
3.390000000000000124e+00 -3.853940014473200559e-01 -1.389416779784512050e-02 -5.691454580895479731e-01
3.399999999999999911e+00 -3.859222859470920475e-01 -1.252535769564958046e-02 -5.701506907284199510e-01
3.410000000000000142e+00 -3.863964684449389675e-01 -1.118942245350557953e-02 -5.711498462996420500e-01
3.419999999999999929e+00 -3.868179057437539647e-01 -9.888433381727620292e-03 -5.721421427542500160e-01
3.430000000000000160e+00 -3.871880351915559793e-01 -8.624346096497580508e-03 -5.731268213341419449e-01
3.439999999999999947e+00 -3.875083700160769640e-01 -7.398998685473500390e-03 -5.741031476634119723e-01
3.450000000000000178e+00 -3.877804945916740187e-01 -6.214110157175319754e-03 -5.750704127586999670e-01
3.459999999999999964e+00 -3.880060596498380310e-01 -5.071279171509259637e-03 -5.760279339588739722e-01
3.470000000000000195e+00 -3.881867774444980324e-01 -3.971983048290019663e-03 -5.769750557744960373e-01
3.479999999999999982e+00 -3.883244168831700427e-01 -2.917577050134939794e-03 -5.779111506577699897e-01
3.490000000000000213e+00 -3.884207986348390262e-01 -1.909293935635468032e-03 -5.788356196936800258e-01
3.500000000000000000e+00 -3.884777902252960491e-01 -9.482437782604739504e-04 -5.797478932132980045e-01
3.509999999999999787e+00 -3.884973011304649892e-01 -3.541404601286299753e-05 -5.806474313302859569e-01
3.520000000000000018e+00 -3.884812778780489806e-01 8.283300635545299715e-04 -5.815337244017899643e-01
3.529999999999999805e+00 -3.884316991675740294e-01 1.642245038754077931e-03 -5.824062934149639714e-01
3.540000000000000036e+00 -3.883505710187190041e-01 2.405708225778060202e-03 -5.832646903006020178e-01
3.549999999999999822e+00 -3.882399219575159433e-01 3.118216763840480060e-03 -5.841084981753019711e-01
3.560000000000000053e+00 -3.881017982497770302e-01 3.779386290313700193e-03 -5.849373315137620377e-01
3.569999999999999840e+00 -3.879382591907820088e-01 4.388949423047960006e-03 -5.857508362529260104e-01
3.580000000000000071e+00 -3.877513724600219480e-01 4.946754027363399996e-03 -5.865486898296520257e-01
3.589999999999999858e+00 -3.875432095494329987e-01 5.452761275485600023e-03 -5.873306011537819948e-01
3.600000000000000089e+00 -3.873158412732670142e-01 5.907043506457259653e-03 -5.880963105184560114e-01
3.609999999999999876e+00 -3.870713333674230539e-01 6.309781894801280364e-03 -5.888455894496179566e-01
3.620000000000000107e+00 -3.868117421857150129e-01 6.661263936432000252e-03 -5.895782404967120360e-01
3.629999999999999893e+00 -3.865391105002150551e-01 6.961880760513940170e-03 -5.902940969665799731e-01
3.640000000000000124e+00 -3.862554634124539810e-01 7.212124276149440433e-03 -5.909930226026359756e-01
3.649999999999999911e+00 -3.859628043819060550e-01 7.412584162938959907e-03 -5.916749112114499942e-01
3.660000000000000142e+00 -3.856631113778199449e-01 7.563944714600499830e-03 -5.923396862388240480e-01
3.669999999999999929e+00 -3.853583331601000417e-01 7.666981544956420064e-03 -5.929873002975619700e-01
3.680000000000000160e+00 -3.850503856945219905e-01 7.722558165699500154e-03 -5.936177346490979501e-01
3.689999999999999947e+00 -3.847411487072710523e-01 7.731622445432960108e-03 -5.942309986411380418e-01
3.700000000000000178e+00 -3.844324623833089705e-01 7.695202959542460190e-03 -5.948271291035880370e-01
3.709999999999999964e+00 -3.841261242127890219e-01 7.614405240502959867e-03 -5.954061897049020002e-01
3.720000000000000195e+00 -3.838238859892739718e-01 7.490407938247839806e-03 -5.959682702711099900e-01
3.729999999999999982e+00 -3.835274509631940165e-01 7.324458900234540396e-03 -5.965134860697219876e-01
3.740000000000000213e+00 -3.832384711535279931e-01 7.117871180827520065e-03 -5.970419770606999466e-01
3.750000000000000000e+00 -3.829585448203820519e-01 6.872018989589699818e-03 -5.975539071167279559e-01
3.759999999999999787e+00 -3.826892141006839609e-01 6.588333588023000120e-03 -5.980494632149540024e-01
3.770000000000000018e+00 -3.824319628088979628e-01 6.268299144233440041e-03 -5.985288546023660450e-01
3.779999999999999805e+00 -3.821882144042139662e-01 5.913448554910180274e-03 -5.989923119369939819e-01
3.790000000000000036e+00 -3.819593301253800255e-01 5.525359243908439973e-03 -5.994400864070800194e-01
3.799999999999999822e+00 -3.817466072938939803e-01 5.105648946606720050e-03 -5.998724488303119884e-01
3.810000000000000053e+00 -3.815512777859539906e-01 4.655971489075819841e-03 -6.002896887352600075e-01
3.819999999999999840e+00 -3.813745066732059930e-01 4.178012570946639838e-03 -6.006921134270699625e-01
3.830000000000000071e+00 -3.812173910319450187e-01 3.673485560698760196e-03 -6.010800470395000206e-01
3.839999999999999858e+00 -3.810809589201220038e-01 3.144127311912439920e-03 -6.014538295752700492e-01
3.850000000000000089e+00 -3.809661685211430115e-01 2.591694008831980141e-03 -6.018138159367839579e-01
3.859999999999999876e+00 -3.808739074531169999e-01 2.017957049381660130e-03 -6.021603749491439839e-01
3.870000000000000107e+00 -3.808049922419079469e-01 1.424698973553928079e-03 -6.024938883774000331e-01
3.879999999999999893e+00 -3.807601679560079777e-01 8.137094448572619468e-04 -6.028147499399499898e-01
3.890000000000000124e+00 -3.807401080009780170e-01 1.867812922657707884e-04 -6.031233643199139793e-01
3.899999999999999911e+00 -3.807454140708679824e-01 -4.542933801432240100e-04 -6.034201461763439855e-01
3.910000000000000142e+00 -3.807766162537910004e-01 -1.107727008943895945e-03 -6.037055191570179780e-01
3.919999999999999929e+00 -3.808341732885200392e-01 -1.771740305865525996e-03 -6.039799149145960167e-01
3.930000000000000160e+00 -3.809184729687340454e-01 -2.444565904687060181e-03 -6.042437721278079987e-01
3.939999999999999947e+00 -3.810298326912879840e-01 -3.124451914458640199e-03 -6.044975355293440433e-01
3.950000000000000178e+00 -3.811685001446370458e-01 -3.809665373287340114e-03 -6.047416549420719933e-01
3.959999999999999964e+00 -3.813346541333370032e-01 -4.498495597233620122e-03 -6.049765843251280195e-01
3.970000000000000195e+00 -3.815284055343179936e-01 -5.189257419178780299e-03 -6.052027808314219826e-01
3.979999999999999982e+00 -3.817497983804209460e-01 -5.880294312844940377e-03 -6.054207038780099470e-01
3.990000000000000213e+00 -3.819988110665369918e-01 -6.569981397473760414e-03 -6.056308142307740283e-01
4.000000000000000000e+00 -3.822753576734650438e-01 -7.256728318998820031e-03 -6.058335731047880257e-01
4.009999999999999787e+00 -3.825792894044899861e-01 -7.938982003879699323e-03 -6.060294412816560339e-01
4.019999999999999574e+00 -3.829103961295019509e-01 -8.615229282100100514e-03 -6.062188782451379820e-01
4.030000000000000249e+00 -3.832684080313729647e-01 -9.283999376168880144e-03 -6.064023413362600312e-01
4.040000000000000036e+00 -3.836529973491560330e-01 -9.943866253301380728e-03 -6.065802849290520271e-01
4.049999999999999822e+00 -3.840637802126069533e-01 -1.059345083829523956e-02 -6.067531596280599793e-01
4.059999999999999609e+00 -3.845003185623830366e-01 -1.123142308495357969e-02 -6.069214114886459788e-01
4.070000000000000284e+00 -3.849621221502529944e-01 -1.185650390424426021e-02 -6.070854812610999574e-01
4.080000000000000071e+00 -3.854486506135319512e-01 -1.246746694771863964e-02 -6.072458036594899911e-01
4.089999999999999858e+00 -3.859593156179469964e-01 -1.306314024504547956e-02 -6.074028066561020234e-01
4.099999999999999645e+00 -3.864934830630629703e-01 -1.364240769484480024e-02 -6.075569108023599618e-01
4.110000000000000320e+00 -3.870504753444109491e-01 -1.420421040833091952e-02 -6.077085285769080469e-01
4.120000000000000107e+00 -3.876295736664089886e-01 -1.474754790559529988e-02 -6.078580637616119997e-01
4.129999999999999893e+00 -3.882300204001780108e-01 -1.527147916467471930e-02 -6.080059108460980077e-01
4.139999999999999680e+00 -3.888510214804089538e-01 -1.577512352386056110e-02 -6.081524544614259620e-01
4.150000000000000355e+00 -3.894917488353739632e-01 -1.625766143800795940e-02 -6.082980688433979877e-01
4.160000000000000142e+00 -3.901513428442979770e-01 -1.671833508990116027e-02 -6.084431173259859937e-01
4.169999999999999929e+00 -3.908289148163159865e-01 -1.715644885801961839e-02 -6.085879518652740350e-01
4.179999999999999716e+00 -3.915235494852750131e-01 -1.757136964233186119e-02 -6.087329125942380070e-01
4.190000000000000391e+00 -3.922343075147780023e-01 -1.796252705001678135e-02 -6.088783274086859709e-01
4.200000000000000178e+00 -3.929602280078870469e-01 -1.832941344327619973e-02 -6.090245115845239754e-01
4.209999999999999964e+00 -3.937003310160090419e-01 -1.867158385165828063e-02 -6.091717674265559879e-01
4.219999999999999751e+00 -3.944536200416289828e-01 -1.898865575155601892e-02 -6.093203839489019780e-01
4.230000000000000426e+00 -3.952190845295949773e-01 -1.928030871578120115e-02 -6.094706365870780074e-01
4.240000000000000213e+00 -3.959957023418469446e-01 -1.954628393633918090e-02 -6.096227869417240042e-01
4.250000000000000000e+00 -3.967824422105849513e-01 -1.978638362374411999e-02 -6.097770825539100548e-01
4.259999999999999787e+00 -3.975782661649810423e-01 -2.000047028641820102e-02 -6.099337567119079706e-01
4.269999999999999574e+00 -3.983821319267479844e-01 -2.018846589391120119e-02 -6.100930282892119694e-01
4.280000000000000249e+00 -3.991929952699679873e-01 -2.035035092785560107e-02 -6.102551016136139594e-01
4.290000000000000036e+00 -4.000098123407870299e-01 -2.048616332474599913e-02 -6.104201663670100197e-01
4.299999999999999822e+00 -4.008315419327209694e-01 -2.059599731478540044e-02 -6.105883975156060073e-01
4.309999999999999609e+00 -4.016571477135230106e-01 -2.068000216118700066e-02 -6.107599552701560297e-01
4.320000000000000284e+00 -4.024856003996869491e-01 -2.073838080445800092e-02 -6.109349850757319622e-01
4.330000000000000071e+00 -4.033158798749199581e-01 -2.077138841630839922e-02 -6.111136176306100065e-01
4.339999999999999858e+00 -4.041469772490320356e-01 -2.077933086793860157e-02 -6.112959689336699975e-01
4.349999999999999645e+00 -4.049778968539219925e-01 -2.076256311756340123e-02 -6.114821403597779925e-01
4.360000000000000320e+00 -4.058076581735439725e-01 -2.072148752210260098e-02 -6.116722187624840101e-01
4.370000000000000107e+00 -4.066352977048969808e-01 -2.065655207805420016e-02 -6.118662766034159706e-01
4.379999999999999893e+00 -4.074598707473170434e-01 -2.056824859662220034e-02 -6.120643721076279853e-01
4.389999999999999680e+00 -4.082804531175549534e-01 -2.045711081821599900e-02 -6.122665494441700273e-01
4.400000000000000355e+00 -4.090961427883039736e-01 -2.032371247148440085e-02 -6.124728389311220322e-01
4.410000000000000142e+00 -4.099060614480510290e-01 -2.016866528206619907e-02 -6.126832572642360031e-01
4.419999999999999929e+00 -4.107093559803870475e-01 -1.999261693625640005e-02 -6.128978077683939762e-01
4.429999999999999716e+00 -4.115051998610179673e-01 -1.979624900478741886e-02 -6.131164806709700210e-01
4.440000000000000391e+00 -4.122927944710439996e-01 -1.958027483192039883e-02 -6.133392533961999904e-01
4.450000000000000178e+00 -4.130713703251730484e-01 -1.934543739501719956e-02 -6.135660908796499724e-01
4.459999999999999964e+00 -4.138401882138260102e-01 -1.909250713973726157e-02 -6.137969459018159935e-01
4.469999999999999751e+00 -4.145985402582429979e-01 -1.882227979596086051e-02 -6.140317594398799761e-01
4.480000000000000426e+00 -4.153457508779199725e-01 -1.853557417949058123e-02 -6.142704610366399587e-01
4.490000000000000213e+00 -4.160811776699250286e-01 -1.823322998452128058e-02 -6.145129691856020537e-01
4.500000000000000000e+00 -4.168042121997979632e-01 -1.791610557179917906e-02 -6.147591917312119625e-01
4.509999999999999787e+00 -4.175142807039780024e-01 -1.758507575731074052e-02 -6.150090262831700016e-01
4.519999999999999574e+00 -4.182108447038719867e-01 -1.724102960625334066e-02 -6.152623606438140103e-01
4.530000000000000249e+00 -4.188934015318479531e-01 -1.688486823694361830e-02 -6.155190732474860038e-01
4.540000000000000036e+00 -4.195614847696880201e-01 -1.651750263921274164e-02 -6.157790336108339702e-01
4.549999999999999822e+00 -4.202146646001139740e-01 -1.613985151172585980e-02 -6.160421027929700033e-01
4.559999999999999609e+00 -4.208525480722690171e-01 -1.575283912254173829e-02 -6.163081338644279539e-01
4.570000000000000284e+00 -4.214747792821570416e-01 -1.535739319710120038e-02 -6.165769723838460115e-01
4.580000000000000071e+00 -4.220810394692170453e-01 -1.495444283769863970e-02 -6.168484568812879765e-01
4.589999999999999858e+00 -4.226710470303650102e-01 -1.454491647835031917e-02 -6.171224193471720465e-01
4.599999999999999645e+00 -4.232445574530129817e-01 -1.412973987882619985e-02 -6.173986857257259819e-01
4.610000000000000320e+00 -4.238013631686820548e-01 -1.370983416146122000e-02 -6.176770764119100532e-01
4.620000000000000107e+00 -4.243412933290110489e-01 -1.328611389420379998e-02 -6.179574067508020185e-01
4.629999999999999893e+00 -4.248642135060560210e-01 -1.285948522319853987e-02 -6.182394875383639965e-01
4.639999999999999680e+00 -4.253700253189470204e-01 -1.243084405803450074e-02 -6.185231255226200098e-01
4.650000000000000355e+00 -4.258586659890529758e-01 -1.200107431262010041e-02 -6.188081239042160231e-01
4.660000000000000142e+00 -4.263301078259400523e-01 -1.157104620447389938e-02 -6.190942828353840355e-01
4.669999999999999929e+00 -4.267843576465150113e-01 -1.114161461504428047e-02 -6.193813999163519934e-01
4.679999999999999716e+00 -4.272214561298409707e-01 -1.071361751349288009e-02 -6.196692706882259705e-01
4.690000000000000391e+00 -4.276414771102189927e-01 -1.028787444619639994e-02 -6.199576891214579888e-01
4.700000000000000178e+00 -4.280445268111830459e-01 -9.865185094039819608e-03 -6.202464480989680062e-01
4.709999999999999964e+00 -4.284307430231989455e-01 -9.446327899390519547e-03 -6.205353398930399944e-01
4.719999999999999751e+00 -4.288002942278339447e-01 -9.032058764458939654e-03 -6.208241566351699880e-01
4.730000000000000426e+00 -4.291533786713449539e-01 -8.623109822567420757e-03 -6.211126907779980222e-01
4.740000000000000213e+00 -4.294902233905759648e-01 -8.220188283663899462e-03 -6.214007355485560158e-01
4.750000000000000000e+00 -4.298110831941859833e-01 -7.823975355233740367e-03 -6.216880853920560002e-01
4.759999999999999787e+00 -4.301162396022499834e-01 -7.435125239579120325e-03 -6.219745364054699577e-01
4.769999999999999574e+00 -4.304059997472740040e-01 -7.054264208253879613e-03 -6.222598867602080475e-01
4.780000000000000249e+00 -4.306806952397479460e-01 -6.681989754260519651e-03 -6.225439371132079902e-01
4.790000000000000036e+00 -4.309406810013560185e-01 -6.318869822437839581e-03 -6.228264910058000092e-01
4.799999999999999822e+00 -4.311863340689639501e-01 -5.965442118290619974e-03 -6.231073552497360390e-01
4.809999999999999609e+00 -4.314180523725249516e-01 -5.622213495339039788e-03 -6.233863402998139902e-01
4.820000000000000284e+00 -4.316362534900619607e-01 -5.289659420894379620e-03 -6.236632606125499523e-01
4.830000000000000071e+00 -4.318413733828369572e-01 -4.968223519999400220e-03 -6.239379349903999561e-01
4.839999999999999858e+00 -4.320338651138300179e-01 -4.658317197107380257e-03 -6.242101869110640022e-01
4.849999999999999645e+00 -4.322141975526419544e-01 -4.360319334913100378e-03 -6.244798448414460301e-01
4.860000000000000320e+00 -4.323828540698739786e-01 -4.074576069592500058e-03 -6.247467425358580462e-01
4.870000000000000107e+00 -4.325403312240319598e-01 -3.801400641555219891e-03 -6.250107193181480003e-01
4.879999999999999893e+00 -4.326871374439540396e-01 -3.541073320666479965e-03 -6.252716203473820400e-01
4.889999999999999680e+00 -4.328237917097139675e-01 -3.293841404752180166e-03 -6.255292968668559883e-01
4.900000000000000355e+00 -4.329508222349170432e-01 -3.059919290062679958e-03 -6.257836064361359529e-01
4.910000000000000142e+00 -4.330687651532169613e-01 -2.839488612238320192e-03 -6.260344131459759653e-01
4.919999999999999929e+00 -4.331781632118690273e-01 -2.632698456192739990e-03 -6.262815878158960459e-01
4.929999999999999716e+00 -4.332795644750160324e-01 -2.439665633208059920e-03 -6.265250081743160004e-01
4.940000000000000391e+00 -4.333735210393840354e-01 -2.260475023420620115e-03 -6.267645590211560203e-01
4.950000000000000178e+00 -4.334605877649400085e-01 -2.095179981765660053e-03 -6.270001323728180420e-01
4.959999999999999964e+00 -4.335413210230360526e-01 -1.943802805346301916e-03 -6.272316275895519766e-01
4.969999999999999751e+00 -4.336162774644320428e-01 -1.806335260093820021e-03 -6.274589514852140226e-01
4.980000000000000426e+00 -4.336860128095379463e-01 -1.682739164495662037e-03 -6.276820184194660257e-01
4.990000000000000213e+00 -4.337510806631039717e-01 -1.572947028082434051e-03 -6.279007503724900463e-01
5.000000000000000000e+00 -4.338120313555200447e-01 -1.476862742286971916e-03 -6.281150770023680163e-01
5.009999999999999787e+00 -4.338694108127279514e-01 -1.394362321216716105e-03 -6.283249356852439460e-01
5.019999999999999574e+00 -4.339237594567529888e-01 -1.325294689815450068e-03 -6.285302715384879502e-01
5.030000000000000249e+00 -4.339756111386429693e-01 -1.269482516831979936e-03 -6.287310374270359548e-01
5.040000000000000036e+00 -4.340254921055919923e-01 -1.226723089961231916e-03 -6.289271939532220523e-01
5.049999999999999822e+00 -4.340739200038599699e-01 -1.196789230478104019e-03 -6.291187094303060112e-01
5.059999999999999609e+00 -4.341214029190289536e-01 -1.179430244645786026e-03 -6.293055598400699724e-01
5.070000000000000284e+00 -4.341684384549999720e-01 -1.174372909148044090e-03 -6.294877287747779881e-01
5.080000000000000071e+00 -4.342155128530480468e-01 -1.181322487769671933e-03 -6.296652073639019687e-01
5.089999999999999858e+00 -4.342631001521140011e-01 -1.199963776530239921e-03 -6.298379941859579834e-01
5.099999999999999645e+00 -4.343116613914299595e-01 -1.229962174463852028e-03 -6.300060951659259834e-01
5.110000000000000320e+00 -4.343616438564439908e-01 -1.270964777231303917e-03 -6.301695234586399685e-01
5.120000000000000107e+00 -4.344134803688909918e-01 -1.322601490751328102e-03 -6.303282993186599681e-01
5.129999999999999893e+00 -4.344675886217709837e-01 -1.384486162043804033e-03 -6.304824499570640395e-01
5.139999999999999680e+00 -4.345243705598510475e-01 -1.456217724490168047e-03 -6.306320093857179510e-01
5.150000000000000355e+00 -4.345842118062309689e-01 -1.537381354734516058e-03 -6.307770182494939482e-01
5.160000000000000142e+00 -4.346474811353530088e-01 -1.627549638472936032e-03 -6.309175236470240256e-01
5.169999999999999929e+00 -4.347145299927979711e-01 -1.726283742408310073e-03 -6.310535789405220530e-01
5.179999999999999716e+00 -4.347856920620210563e-01 -1.833134589682889910e-03 -6.311852435552559593e-01
5.190000000000000391e+00 -4.348612828781369677e-01 -1.947644036141536056e-03 -6.313125827692599445e-01
5.200000000000000178e+00 -4.349415994887290138e-01 -2.069346044823980151e-03 -6.314356674938700342e-01
5.209999999999999964e+00 -4.350269201615619696e-01 -2.197767856134979960e-03 -6.315545740457240154e-01
5.219999999999999751e+00 -4.351175041389610532e-01 -2.332431151196620155e-03 -6.316693839108139530e-01
5.230000000000000426e+00 -4.352135914385689697e-01 -2.472853205946660016e-03 -6.317801835012299971e-01
5.240000000000000213e+00 -4.353154027000230575e-01 -2.618548033610999890e-03 -6.318870639052399651e-01
5.250000000000000000e+00 -4.354231390770709753e-01 -2.769027513246760056e-03 -6.319901206313259800e-01
5.259999999999999787e+00 -4.355369821745070369e-01 -2.923802502124199943e-03 -6.320894533468279786e-01
5.269999999999999574e+00 -4.356570940292469607e-01 -3.082383929792000075e-03 -6.321851656118460117e-01
5.280000000000000249e+00 -4.357836171347689858e-01 -3.244283871749239784e-03 -6.322773646090259492e-01
5.290000000000000036e+00 -4.359166745080470529e-01 -3.409016600730219865e-03 -6.323661608699060466e-01
5.299999999999999822e+00 -4.360563697980689435e-01 -3.576099613693279906e-03 -6.324516679984319989e-01
5.309999999999999609e+00 -4.362027874349109768e-01 -3.745054632693260027e-03 -6.325340023922979560e-01
5.320000000000000284e+00 -4.363559928183010084e-01 -3.915408577907639708e-03 -6.326132829627579834e-01
5.330000000000000071e+00 -4.365160325445140432e-01 -4.086694511179320317e-03 -6.326896308535060465e-01
5.339999999999999858e+00 -4.366829346703889891e-01 -4.258452548533579914e-03 -6.327631691592739971e-01
5.349999999999999645e+00 -4.368567090132160491e-01 -4.430230740224000430e-03 -6.328340226447599637e-01
5.360000000000000320e+00 -4.370373474851409479e-01 -4.601585916959119796e-03 -6.329023174644660132e-01
5.370000000000000107e+00 -4.372248244607269685e-01 -4.772084501061879709e-03 -6.329681808840520452e-01
5.379999999999999893e+00 -4.374190971762389468e-01 -4.941303281413880234e-03 -6.330317410038019954e-01
5.389999999999999680e+00 -4.376201061591830088e-01 -5.108830151137179997e-03 -6.330931264847380335e-01
5.400000000000000355e+00 -4.378277756866030268e-01 -5.274264807068560282e-03 -6.331524662779559609e-01
5.410000000000000142e+00 -4.380420142705590547e-01 -5.437219410182800132e-03 -6.332098893577200460e-01
5.419999999999999929e+00 -4.382627151692469747e-01 -5.597319206223259729e-03 -6.332655244588140109e-01
5.429999999999999716e+00 -4.384897569221229974e-01 -5.754203105900220286e-03 -6.333194998186939539e-01
5.440000000000000391e+00 -4.387230039074289656e-01 -5.907524224118479786e-03 -6.333719429248919619e-01
5.450000000000000178e+00 -4.389623069204530159e-01 -6.056950377796440146e-03 -6.334229802681460297e-01
5.459999999999999964e+00 -4.392075037708690344e-01 -6.202164541939179758e-03 -6.334727371017220277e-01
5.469999999999999751e+00 -4.394584198974870182e-01 -6.342865263726460423e-03 -6.335213372073279503e-01
5.480000000000000426e+00 -4.397148689987160353e-01 -6.478767034474339909e-03 -6.335689026680499936e-01
5.490000000000000213e+00 -4.399766536770699510e-01 -6.609600619425199698e-03 -6.336155536486780537e-01
5.500000000000000000e+00 -4.402435660960110075e-01 -6.735113345415740319e-03 -6.336614081837880219e-01
5.509999999999999787e+00 -4.405153886474749703e-01 -6.855069346564840287e-03 -6.337065819739220451e-01
5.519999999999999574e+00 -4.407918946283739814e-01 -6.969249768214080300e-03 -6.337511881901860544e-01
5.530000000000000249e+00 -4.410728489244359896e-01 -7.077452929442219938e-03 -6.337953372875499980e-01
5.540000000000000036e+00 -4.413580086997219709e-01 -7.179494444561019748e-03 -6.338391368271200088e-01
5.549999999999999822e+00 -4.416471240901820305e-01 -7.275207304083780406e-03 -6.338826913076419656e-01
5.559999999999999609e+00 -4.419399388996640421e-01 -7.364441915738780160e-03 -6.339261020064239638e-01
5.570000000000000284e+00 -4.422361912967630038e-01 -7.447066106178399855e-03 -6.339694668299300506e-01
5.580000000000000071e+00 -4.425356145109640149e-01 -7.522965084109780286e-03 -6.340128801741460318e-01
5.589999999999999858e+00 -4.428379375265620310e-01 -7.592041365645859838e-03 -6.340564327949279599e-01
5.599999999999999645e+00 -4.431428857728440529e-01 -7.654214662744560083e-03 -6.341002116884240092e-01
5.610000000000000320e+00 -4.434501818090939573e-01 -7.709421735670180312e-03 -6.341442999816619963e-01
5.620000000000000107e+00 -4.437595460029859495e-01 -7.757616210473819961e-03 -6.341887768334120157e-01
5.629999999999999893e+00 -4.440706972010040054e-01 -7.798768362549359651e-03 -6.342337173453259647e-01
5.639999999999999680e+00 -4.443833533895270027e-01 -7.832864867377019313e-03 -6.342791924834360051e-01
5.650000000000000355e+00 -4.446972323453309839e-01 -7.859908519619500725e-03 -6.343252690099520086e-01
5.660000000000000142e+00 -4.450120522742180285e-01 -7.879917921784360818e-03 -6.343720094254019504e-01
5.669999999999999929e+00 -4.453275324366239851e-01 -7.892927143711519350e-03 -6.344194719210199951e-01
5.679999999999999716e+00 -4.456433937590250083e-01 -7.898985354186599181e-03 -6.344677103413539632e-01
5.690000000000000391e+00 -4.459593594300919617e-01 -7.898156426018720228e-03 -6.345167741569800457e-01
5.700000000000000178e+00 -4.462751554805279852e-01 -7.890518515955340095e-03 -6.345667084472319530e-01
5.709999999999999964e+00 -4.465905113456220543e-01 -7.876163620837820650e-03 -6.346175538928140458e-01
5.719999999999999751e+00 -4.469051604096079822e-01 -7.855197111427639212e-03 -6.346693467781340248e-01
5.730000000000000426e+00 -4.472188405309440173e-01 -7.827737245356939169e-03 -6.347221190032219518e-01
5.740000000000000213e+00 -4.475312945477179505e-01 -7.793914660675940048e-03 -6.347758981050020122e-01
5.750000000000000000e+00 -4.478422707624400423e-01 -7.753871851485959719e-03 -6.348307072877500401e-01
5.759999999999999787e+00 -4.481515234055180041e-01 -7.707762627158920229e-03 -6.348865654624999966e-01
5.769999999999999574e+00 -4.484588130767999670e-01 -7.655751556652680249e-03 -6.349434872951600362e-01
5.780000000000000249e+00 -4.487639071646220557e-01 -7.598013399436560032e-03 -6.350014832630840322e-01
5.790000000000000036e+00 -4.490665802418440378e-01 -7.534732524543220206e-03 -6.350605597198359931e-01
5.799999999999999822e+00 -4.493666144384380057e-01 -7.466102319261020033e-03 -6.351207189678580445e-01
5.809999999999999609e+00 -4.496637997902449557e-01 -7.392324588975660374e-03 -6.351819593387380003e-01
5.820000000000000284e+00 -4.499579345635700278e-01 -7.313608949661879605e-03 -6.352442752808019621e-01
5.830000000000000071e+00 -4.502488255553490082e-01 -7.230172214513599580e-03 -6.353076574536600241e-01
5.839999999999999858e+00 -4.505362883687060171e-01 -7.142237776186660149e-03 -6.353720928294159798e-01
5.849999999999999645e+00 -4.508201476637149763e-01 -7.050034986110400095e-03 -6.354375648002039689e-01
5.860000000000000320e+00 -4.511002373833159496e-01 -6.953798532303099786e-03 -6.355040532916560458e-01
5.870000000000000107e+00 -4.513764009543279609e-01 -6.853767817103359992e-03 -6.355715348820080157e-01
5.879999999999999893e+00 -4.516484914635980341e-01 -6.750186336202839907e-03 -6.356399829264379742e-01
5.889999999999999680e+00 -4.519163718093539561e-01 -6.643301060336660041e-03 -6.357093676862860532e-01
5.900000000000000355e+00 -4.521799148279099789e-01 -6.533361820957039878e-03 -6.357796564627740121e-01
5.910000000000000142e+00 -4.524390033958920476e-01 -6.420620701181080359e-03 -6.358508137348679590e-01
5.919999999999999929e+00 -4.526935305082280259e-01 -6.305331433268380331e-03 -6.359228013008739744e-01
5.929999999999999716e+00 -4.529433993321930196e-01 -6.187748803845379876e-03 -6.359955784234180287e-01
5.940000000000000391e+00 -4.531885232378330408e-01 -6.068128068053580022e-03 -6.360691019773939692e-01
5.950000000000000178e+00 -4.534288258051559772e-01 -5.946724373756180106e-03 -6.361433266005339648e-01
5.959999999999999964e+00 -4.536642408085110323e-01 -5.823792196894739606e-03 -6.362182048461839656e-01
5.969999999999999751e+00 -4.538947121786130467e-01 -5.699584789040880103e-03 -6.362936873379260172e-01
5.980000000000000426e+00 -4.541201939427449430e-01 -5.574353638142300060e-03 -6.363697229256619625e-01
5.990000000000000213e+00 -4.543406501436579870e-01 -5.448347943413140229e-03 -6.364462588427880485e-01
6.000000000000000000e+00 -4.545560547377699989e-01 -5.321814105269839952e-03 -6.365232408640719708e-01
6.009999999999999787e+00 -4.547663914732770207e-01 -5.194995231162779885e-03 -6.366006134638959590e-01
6.019999999999999574e+00 -4.549716537488249779e-01 -5.068130658102659725e-03 -6.366783199744819877e-01
6.030000000000000249e+00 -4.551718444534370023e-01 -4.941455492628000004e-03 -6.367563027437540546e-01
6.040000000000000036e+00 -4.553669757883910263e-01 -4.815200168907359836e-03 -6.368345032924780380e-01
6.049999999999999822e+00 -4.555570690718000471e-01 -4.689590025615960299e-03 -6.369128624703620511e-01
6.059999999999999609e+00 -4.557421545266540086e-01 -4.564844902172979745e-03 -6.369913206107680193e-01
6.070000000000000284e+00 -4.559222710531009581e-01 -4.441178754870720238e-03 -6.370698176837219506e-01
6.080000000000000071e+00 -4.560974659857849889e-01 -4.318799293373280432e-03 -6.371482934468879478e-01
6.089999999999999858e+00 -4.562677948370589820e-01 -4.197907638006780073e-03 -6.372266875942399489e-01
6.099999999999999645e+00 -4.564333210269070351e-01 -4.078697998210180364e-03 -6.373049399021120109e-01
6.110000000000000320e+00 -4.565941156004330037e-01 -3.961357372460039793e-03 -6.373829903723480239e-01
6.120000000000000107e+00 -4.567502569337910101e-01 -3.846065269929819889e-03 -6.374607793722839588e-01
6.129999999999999893e+00 -4.569018304293989696e-01 -3.732993454090499999e-03 -6.375382477713259499e-01
6.139999999999999680e+00 -4.570489282013629473e-01 -3.622305708406060084e-03 -6.376153370738260051e-01
6.150000000000000355e+00 -4.571916487519510075e-01 -3.514157624225659835e-03 -6.376919895480860356e-01
6.160000000000000142e+00 -4.573300966400469791e-01 -3.408696410922799815e-03 -6.377681483512259719e-01
6.169999999999999929e+00 -4.574643821424340118e-01 -3.306060728280660159e-03 -6.378437576497140160e-01
6.179999999999999716e+00 -4.575946209088359584e-01 -3.206380541073880139e-03 -6.379187627353960499e-01
6.190000000000000391e+00 -4.577209336115779514e-01 -3.109776995747899793e-03 -6.379931101368080393e-01
6.200000000000000178e+00 -4.578434455907460232e-01 -3.016362319049700150e-03 -6.380667477256179998e-01
6.209999999999999964e+00 -4.579622864957429984e-01 -2.926239738417719949e-03 -6.381396248180639663e-01
6.219999999999999751e+00 -4.580775899240780435e-01 -2.839503423893699821e-03 -6.382116922712179896e-01
6.230000000000000426e+00 -4.581894930582639525e-01 -2.756238451275499872e-03 -6.382829025739840123e-01
6.240000000000000213e+00 -4.582981363016620513e-01 -2.676520786188160087e-03 -6.383532099326899578e-01
6.250000000000000000e+00 -4.584036629140979535e-01 -2.600417288709840156e-03 -6.384225703512159678e-01
6.259999999999999787e+00 -4.585062186480679536e-01 -2.527985738150280003e-03 -6.384909417055359970e-01
6.269999999999999574e+00 -4.586059513863380288e-01 -2.459274877541899832e-03 -6.385582838126360183e-01
6.280000000000000249e+00 -4.587030107816970070e-01 -2.394324477368539855e-03 -6.386245584937519926e-01
6.290000000000000036e+00 -4.587975478996459966e-01 -2.333165418022500187e-03 -6.386897296318739814e-01
6.299999999999999822e+00 -4.588897148647509971e-01 -2.275819790448560011e-03 -6.387537632234999707e-01
6.309999999999999609e+00 -4.589796645113649598e-01 -2.222301014403580202e-03 -6.388166274246379617e-01
6.320000000000000284e+00 -4.590675500394360564e-01 -2.172613973731580064e-03 -6.388782925910380106e-01
6.330000000000000071e+00 -4.591535246760490296e-01 -2.126755168027859993e-03 -6.389387313126839718e-01
6.339999999999999858e+00 -4.592377413433529898e-01 -2.084712880041120122e-03 -6.389979184425600423e-01
6.349999999999999645e+00 -4.593203523334849492e-01 -2.046467358139620121e-03 -6.390558311197499508e-01
6.360000000000000320e+00 -4.594015089910879479e-01 -2.011991013146999848e-03 -6.391124487868979909e-01
6.370000000000000107e+00 -4.594813614039710559e-01 -1.981248628834206185e-03 -6.391677532021180497e-01
6.379999999999999893e+00 -4.595600581024589792e-01 -1.954197585337501958e-03 -6.392217284454000392e-01
6.389999999999999680e+00 -4.596377457679139966e-01 -1.930788094757416012e-03 -6.392743609196379628e-01
6.400000000000000355e+00 -4.597145689509220534e-01 -1.910963448180535984e-03 -6.393256393463300213e-01
6.410000000000000142e+00 -4.597906697995689518e-01 -1.894660273355190097e-03 -6.393755547561019714e-01
6.419999999999999929e+00 -4.598661877982269663e-01 -1.881808802242997949e-03 -6.394241004741400003e-01
6.429999999999999716e+00 -4.599412595172290286e-01 -1.872333147660966033e-03 -6.394712721006700074e-01
6.440000000000000391e+00 -4.600160183737720399e-01 -1.866151588223810076e-03 -6.395170674866319516e-01
6.450000000000000178e+00 -4.600905944043770512e-01 -1.863176860792483975e-03 -6.395614867046699459e-01
6.459999999999999964e+00 -4.601651140491800351e-01 -1.863316459633731961e-03 -6.396045320156039660e-01
6.469999999999999751e+00 -4.602396999483120421e-01 -1.866472941495460032e-03 -6.396462078305520382e-01
6.480000000000000426e+00 -4.603144707505829603e-01 -1.872544235804906058e-03 -6.396865206688360228e-01
6.490000000000000213e+00 -4.603895409346730472e-01 -1.881423959200295920e-03 -6.397254791118820449e-01
6.500000000000000000e+00 -4.604650206429659609e-01 -1.893001733612338037e-03 -6.397630937532839956e-01
6.509999999999999787e+00 -4.605410155281739470e-01 -1.907163507118747950e-03 -6.397993771451839784e-01
6.519999999999999574e+00 -4.606176266128309549e-01 -1.923791876804005919e-03 -6.398343437412179480e-01
6.530000000000000249e+00 -4.606949501617379483e-01 -1.942766412866640032e-03 -6.398680098361539947e-01
6.540000000000000036e+00 -4.607730775673739565e-01 -1.963963983228179857e-03 -6.399003935024779599e-01
6.549999999999999822e+00 -4.608520952482999533e-01 -1.987259077911166134e-03 -6.399315145240820346e-01
6.559999999999999609e+00 -4.609320845605090478e-01 -2.012524132468280179e-03 -6.399613943273120276e-01
6.570000000000000284e+00 -4.610131217216949517e-01 -2.039629849760379952e-03 -6.399900559095039743e-01
6.580000000000000071e+00 -4.610952777483419696e-01 -2.068445519398540156e-03 -6.400175237653079607e-01
6.589999999999999858e+00 -4.611786184055309823e-01 -2.098839334183880134e-03 -6.400438238109279476e-01
6.599999999999999645e+00 -4.612632041693400242e-01 -2.130678702897779910e-03 -6.400689833065460466e-01
6.610000000000000320e+00 -4.613490902016679773e-01 -2.163830558816679829e-03 -6.400930307771000027e-01
6.620000000000000107e+00 -4.614363263373040258e-01 -2.198161663346360171e-03 -6.401159959316540249e-01
6.629999999999999893e+00 -4.615249570830339820e-01 -2.233538904193680188e-03 -6.401379095815540321e-01
6.639999999999999680e+00 -4.616150216285589969e-01 -2.269829587517120141e-03 -6.401588035575880298e-01
6.650000000000000355e+00 -4.617065538689669735e-01 -2.306901723521439899e-03 -6.401787106263420180e-01
6.660000000000000142e+00 -4.617995824384889536e-01 -2.344624304987059926e-03 -6.401976644059700350e-01
6.669999999999999929e+00 -4.618941307552489883e-01 -2.382867578250019800e-03 -6.402156992815779546e-01
6.679999999999999716e+00 -4.619902170766900240e-01 -2.421503306174919816e-03 -6.402328503204239851e-01
6.690000000000000391e+00 -4.620878545653599456e-01 -2.460405022689680140e-03 -6.402491531871019603e-01
6.700000000000000178e+00 -4.621870513646939571e-01 -2.499448278478159837e-03 -6.402646440589579990e-01
6.709999999999999964e+00 -4.622878106844439672e-01 -2.538510877454559864e-03 -6.402793595418639905e-01
6.719999999999999751e+00 -4.623901308953859979e-01 -2.577473103670640045e-03 -6.402933365865820514e-01
6.730000000000000426e+00 -4.624940056328919469e-01 -2.616217938335799794e-03 -6.403066124058599540e-01
6.740000000000000213e+00 -4.625994239089899485e-01 -2.654631266657539977e-03 -6.403192243924760163e-01
6.750000000000000000e+00 -4.627063702324870076e-01 -2.692602074238600179e-03 -6.403312100383460326e-01
6.759999999999999787e+00 -4.628148247367350199e-01 -2.730022632795479996e-03 -6.403426068549019634e-01
6.769999999999999574e+00 -4.629247633146130192e-01 -2.766788674991060067e-03 -6.403534522948860497e-01
6.780000000000000249e+00 -4.630361577602689627e-01 -2.802799558203080028e-03 -6.403637836756940205e-01
6.790000000000000036e+00 -4.631489759172030540e-01 -2.837958417077379811e-03 -6.403736381044260462e-01
6.799999999999999822e+00 -4.632631818322189843e-01 -2.872172304743579856e-03 -6.403830524047939843e-01
6.809999999999999609e+00 -4.633787359147980012e-01 -2.905352322598300004e-03 -6.403920630459960517e-01
6.820000000000000284e+00 -4.634955951014339548e-01 -2.937413738587980102e-03 -6.404007060736800483e-01
6.830000000000000071e+00 -4.636137130244679661e-01 -2.968276093950960020e-03 -6.404090170431360196e-01
6.839999999999999858e+00 -4.637330401849589778e-01 -2.997863298404499811e-03 -6.404170309548119500e-01
6.849999999999999645e+00 -4.638535241291399935e-01 -3.026103713788759909e-03 -6.404247821922479655e-01
6.860000000000000320e+00 -4.639751096279840503e-01 -3.052930226205020133e-03 -6.404323044625399586e-01
6.870000000000000107e+00 -4.640977388594180186e-01 -3.078280306710859913e-03 -6.404396307394080168e-01
6.879999999999999893e+00 -4.642213515927560152e-01 -3.102096060658319880e-03 -6.404467932089500382e-01
6.889999999999999680e+00 -4.643458853748630433e-01 -3.124324265786060199e-03 -6.404538232181620216e-01
6.900000000000000355e+00 -4.644712757176319706e-01 -3.144916399198300055e-03 -6.404607512262739943e-01
6.910000000000000142e+00 -4.645974562863109947e-01 -3.163828653385979909e-03 -6.404676067589779587e-01
6.919999999999999929e+00 -4.647243590882589870e-01 -3.181021941467339874e-03 -6.404744183655679546e-01
6.929999999999999716e+00 -4.648519146617030029e-01 -3.196461891844800101e-03 -6.404812135790679539e-01
6.940000000000000391e+00 -4.649800522640649691e-01 -3.210118832495779864e-03 -6.404880188793480311e-01
6.950000000000000178e+00 -4.651087000594670284e-01 -3.221967765133379891e-03 -6.404948596592879850e-01
6.959999999999999964e+00 -4.652377853049910472e-01 -3.231988329490799970e-03 -6.405017601939719807e-01
6.969999999999999751e+00 -4.653672345353309647e-01 -3.240164758000819902e-03 -6.405087436129579537e-01
6.980000000000000426e+00 -4.654969737454359713e-01 -3.246485821157600159e-03 -6.405158318756020153e-01
6.990000000000000213e+00 -4.656269285707929639e-01 -3.250944763863020115e-03 -6.405230457494559548e-01
7.000000000000000000e+00 -4.657570244649770208e-01 -3.253539233074379845e-03 -6.405304047917039778e-01
7.009999999999999787e+00 -4.658871868741540356e-01 -3.254271197083219956e-03 -6.405379273336480050e-01
7.019999999999999574e+00 -4.660173414081810184e-01 -3.253146856767199883e-03 -6.405456304681940161e-01
7.030000000000000249e+00 -4.661474140080049677e-01 -3.250176549168659786e-03 -6.405535300403359944e-01
7.040000000000000036e+00 -4.662773311090659956e-01 -3.245374643762760202e-03 -6.405616406405739705e-01
7.049999999999999822e+00 -4.664070198003940071e-01 -3.238759431788720139e-03 -6.405699756012519508e-01
7.059999999999999609e+00 -4.665364079791610163e-01 -3.230353009024019856e-03 -6.405785469957400169e-01
7.070000000000000284e+00 -4.666654245004170365e-01 -3.220181152390679848e-03 -6.405873656404379446e-01
7.080000000000000071e+00 -4.667939993217670169e-01 -3.208273190786800188e-03 -6.405964410995119707e-01
7.089999999999999858e+00 -4.669220636427749982e-01 -3.194661870543679793e-03 -6.406057816923279580e-01
7.099999999999999645e+00 -4.670495500388930354e-01 -3.179383215911500086e-03 -6.406153945034940289e-01
7.110000000000000320e+00 -4.671763925897029490e-01 -3.162476384980459840e-03 -6.406252853954440551e-01
7.120000000000000107e+00 -4.673025270013290156e-01 -3.143983521446599809e-03 -6.406354590234899504e-01
7.129999999999999893e+00 -4.674278907228249791e-01 -3.123949602632119984e-03 -6.406459188532640514e-01
7.139999999999999680e+00 -4.675524230564250261e-01 -3.102422284171360133e-03 -6.406566671804400093e-01
7.150000000000000355e+00 -4.676760652615239433e-01 -3.079451741771980187e-03 -6.406677051526920019e-01
7.160000000000000142e+00 -4.677987606522709951e-01 -3.055090510460059961e-03 -6.406790327937460505e-01
7.169999999999999929e+00 -4.679204546886909788e-01 -3.029393321715180120e-03 -6.406906490294740353e-01
7.179999999999999716e+00 -4.680410950612589605e-01 -3.002416938898540017e-03 -6.407025517158919659e-01
7.190000000000000391e+00 -4.681606317688530305e-01 -2.974219991372720195e-03 -6.407147376690079943e-01
7.200000000000000178e+00 -4.682790171900719778e-01 -2.944862807707119851e-03 -6.407272026963639622e-01
7.209999999999999964e+00 -4.683962061478529892e-01 -2.914407248357540198e-03 -6.407399416302239636e-01
7.219999999999999751e+00 -4.685121559673969815e-01 -2.882916538201559832e-03 -6.407529483622460553e-01
7.230000000000000426e+00 -4.686268265274010081e-01 -2.850455099304440108e-03 -6.407662158795800478e-01
7.240000000000000213e+00 -4.687401803046090110e-01 -2.817088384282739888e-03 -6.407797363022540438e-01
7.250000000000000000e+00 -4.688521824117179992e-01 -2.782882710623720002e-03 -6.407935009217380351e-01
7.259999999999999787e+00 -4.689628006286779560e-01 -2.747905096309980096e-03 -6.408075002405979603e-01
7.269999999999999574e+00 -4.690720054274559736e-01 -2.712223097088900005e-03 -6.408217240131139913e-01
7.280000000000000249e+00 -4.691797699903199614e-01 -2.675904645715999983e-03 -6.408361612867380375e-01
7.290000000000000036e+00 -4.692860702217410140e-01 -2.639017893490800022e-03 -6.408508004443259631e-01
7.299999999999999822e+00 -4.693908847540140261e-01 -2.601631054392219977e-03 -6.408656292469859794e-01
7.309999999999999609e+00 -4.694941949466899800e-01 -2.563812252108880162e-03 -6.408806348774539474e-01
7.320000000000000284e+00 -4.695959848799600156e-01 -2.525629370247280039e-03 -6.408958039839059984e-01
7.330000000000000071e+00 -4.696962413421129634e-01 -2.487149905988620194e-03 -6.409111227240740227e-01
7.339999999999999858e+00 -4.697949538112130008e-01 -2.448440827451579989e-03 -6.409265768095639970e-01
7.349999999999999645e+00 -4.698921144311480336e-01 -2.409568435005600071e-03 -6.409421515502859990e-01
7.360000000000000320e+00 -4.699877179822170015e-01 -2.370598226765159838e-03 -6.409578318988959911e-01
7.370000000000000107e+00 -4.700817618464249725e-01 -2.331594768482100205e-03 -6.409736024951220301e-01
7.379999999999999893e+00 -4.701742459676580554e-01 -2.292621568038979898e-03 -6.409894477099019605e-01
7.389999999999999680e+00 -4.702651728069390247e-01 -2.253740954732020175e-03 -6.410053516892479930e-01
7.400000000000000355e+00 -4.703545472929560045e-01 -2.215013963518299919e-03 -6.410212983976999457e-01
7.410000000000000142e+00 -4.704423767680529500e-01 -2.176500224386819938e-03 -6.410372716613299549e-01
7.419999999999999929e+00 -4.705286709299119630e-01 -2.138257856999239981e-03 -6.410532552101719794e-01
7.429999999999999716e+00 -4.706134417691189564e-01 -2.100343370730959995e-03 -6.410692327200180340e-01
7.440000000000000391e+00 -4.706967035028449819e-01 -2.062811570228939920e-03 -6.410851878534760129e-01
7.450000000000000178e+00 -4.707784725048630436e-01 -2.025715466588339994e-03 -6.411011043002440291e-01
7.459999999999999964e+00 -4.708587672321250528e-01 -1.989106194234795816e-03 -6.411169658164780349e-01
7.469999999999999751e+00 -4.709376081481250198e-01 -1.953032933585938102e-03 -6.411327562632439525e-01
7.480000000000000426e+00 -4.710150176432969515e-01 -1.917542839550493957e-03 -6.411484596439259720e-01
7.490000000000000213e+00 -4.710910199526509579e-01 -1.882680975909645921e-03 -6.411640601405700357e-01
7.500000000000000000e+00 -4.711656410709269549e-01 -1.848490255611483961e-03 -6.411795421490820157e-01
7.509999999999999787e+00 -4.712389086654570347e-01 -1.815011386995458087e-03 -6.411948903132239641e-01
7.519999999999999574e+00 -4.713108519870079505e-01 -1.782282825950216041e-03 -6.412100895573740189e-01
7.530000000000000249e+00 -4.713815017788240413e-01 -1.750340733995262108e-03 -6.412251251179740263e-01
7.540000000000000036e+00 -4.714508901841139576e-01 -1.719218942263580100e-03 -6.412399825736420089e-01
7.549999999999999822e+00 -4.715190506522100033e-01 -1.688948921349911958e-03 -6.412546478738999634e-01
7.559999999999999609e+00 -4.715860178436439565e-01 -1.659559756977105902e-03 -6.412691073664740227e-01
7.570000000000000284e+00 -4.716518275343599687e-01 -1.631078131420782024e-03 -6.412833478231539930e-01
7.580000000000000071e+00 -4.717165165192990228e-01 -1.603528310621161936e-03 -6.412973564641499813e-01
7.589999999999999858e+00 -4.717801225155819900e-01 -1.576932136899513934e-03 -6.413111209809639890e-01
7.599999999999999645e+00 -4.718426840655150500e-01 -1.551309027186064012e-03 -6.413246295577079703e-01
7.610000000000000320e+00 -4.719042404396200374e-01 -1.526675976655575981e-03 -6.413378708908920034e-01
7.620000000000000107e+00 -4.719648315399340155e-01 -1.503047567657069981e-03 -6.413508342076440494e-01
7.629999999999999893e+00 -4.720244978037589911e-01 -1.480435983814430093e-03 -6.413635092823639638e-01
7.639999999999999680e+00 -4.720832801080760421e-01 -1.458851029165812068e-03 -6.413758864517880021e-01
7.650000000000000355e+00 -4.721412196748300261e-01 -1.438300152201062079e-03 -6.413879566284900191e-01
7.660000000000000142e+00 -4.721983579772639494e-01 -1.418788474648178003e-03 -6.413997113127940519e-01
7.669999999999999929e+00 -4.722547366475070008e-01 -1.400318824852432023e-03 -6.414111426031200436e-01
7.679999999999999716e+00 -4.723103973855770077e-01 -1.382891775584485982e-03 -6.414222432047540501e-01
7.690000000000000391e+00 -4.723653818699810047e-01 -1.366505686107358057e-03 -6.414330064370800111e-01
7.700000000000000178e+00 -4.724197316700959881e-01 -1.351156748325823892e-03 -6.414434262392539887e-01
7.709999999999999964e+00 -4.724734881604479853e-01 -1.336839036836403975e-03 -6.414534971743740543e-01
7.719999999999999751e+00 -4.725266924371000488e-01 -1.323544562690988054e-03 -6.414632144321360530e-01
7.730000000000000426e+00 -4.725793852362239478e-01 -1.311263330682438041e-03 -6.414725738300239843e-01
7.740000000000000213e+00 -4.726316068550739935e-01 -1.299983399956651997e-03 -6.414815718130439937e-01
7.750000000000000000e+00 -4.726833970754080183e-01 -1.289690947751813898e-03 -6.414902054520420505e-01
7.759999999999999787e+00 -4.727347950895429696e-01 -1.280370336062841910e-03 -6.414984724406239680e-01
7.769999999999999574e+00 -4.727858394291249988e-01 -1.272004181026213957e-03 -6.415063710907380479e-01
7.780000000000000249e+00 -4.728365678967219599e-01 -1.264573424818444050e-03 -6.415139003269320073e-01
7.790000000000000036e+00 -4.728870175003379583e-01 -1.258057409860091971e-03 -6.415210596793220477e-01
7.799999999999999822e+00 -4.729372243909549800e-01 -1.252433955115934104e-03 -6.415278492753540007e-01
7.809999999999999609e+00 -4.729872238031400111e-01 -1.247679434281486009e-03 -6.415342698303340141e-01
7.820000000000000284e+00 -4.730370499988319488e-01 -1.243768855646148032e-03 -6.415403226368440182e-01
7.830000000000000071e+00 -4.730867362143440502e-01 -1.240675943423331972e-03 -6.415460095530359785e-01
7.839999999999999858e+00 -4.731363146106559725e-01 -1.238373220339019894e-03 -6.415513329898819839e-01
7.849999999999999645e+00 -4.731858162270169976e-01 -1.236832091271456097e-03 -6.415562958974100338e-01
7.860000000000000320e+00 -4.732352709379199496e-01 -1.236022927736333968e-03 -6.415609017500060185e-01
7.870000000000000107e+00 -4.732847074134700072e-01 -1.235915153014043900e-03 -6.415651545307859971e-01
7.879999999999999893e+00 -4.733341530831650101e-01 -1.236477327718135981e-03 -6.415690587151520186e-01
7.889999999999999680e+00 -4.733836341031029682e-01 -1.237677235607073959e-03 -6.415726192535300410e-01
7.900000000000000355e+00 -4.734331753266290410e-01 -1.239481969444621978e-03 -6.415758415533739933e-01
7.910000000000000142e+00 -4.734828002784029488e-01 -1.241858016718086098e-03 -6.415787314604940450e-01
7.919999999999999929e+00 -4.735325311319060204e-01 -1.244771345027521946e-03 -6.415812952397420554e-01
7.929999999999999716e+00 -4.735823886903420266e-01 -1.248187486963442004e-03 -6.415835395551300335e-01
7.940000000000000391e+00 -4.736323923709200301e-01 -1.252071624295322035e-03 -6.415854714494360067e-01
7.950000000000000178e+00 -4.736825601924970486e-01 -1.256388671298124069e-03 -6.415870983233340485e-01
7.959999999999999964e+00 -4.737329087665200222e-01 -1.261103357049427965e-03 -6.415884279141339519e-01
7.969999999999999751e+00 -4.737834532912539864e-01 -1.266180306535229921e-03 -6.415894682741579702e-01
7.980000000000000426e+00 -4.738342075492099625e-01 -1.271584120408297998e-03 -6.415902277488340077e-01
7.990000000000000213e+00 -4.738851839077480310e-01 -1.277279453249070091e-03 -6.415907149545320154e-01
8.000000000000000000e+00 -4.739363933227660475e-01 -1.283231090185233975e-03 -6.415909387562419575e-01
8.009999999999999787e+00 -4.739878453454340335e-01 -1.289404021732648087e-03 -6.415909082450920176e-01
8.019999999999999574e+00 -4.740395481318619986e-01 -1.295763516726886012e-03 -6.415906327157979705e-01
8.029999999999999361e+00 -4.740915084556720505e-01 -1.302275193221304065e-03 -6.415901216441000088e-01
8.039999999999999147e+00 -4.741437317233379578e-01 -1.308905087234740012e-03 -6.415893846641940179e-01
8.050000000000000711e+00 -4.741962219922469801e-01 -1.315619719238722042e-03 -6.415884315462619947e-01
8.060000000000000497e+00 -4.742489819913670024e-01 -1.322386158281409945e-03 -6.415872721741160412e-01
8.070000000000000284e+00 -4.743020131444299903e-01 -1.329172083652598079e-03 -6.415859165230100025e-01
8.080000000000000071e+00 -4.743553155955360090e-01 -1.335945844001446047e-03 -6.415843746376720391e-01
8.089999999999999858e+00 -4.744088882370630089e-01 -1.342676513826098102e-03 -6.415826566105959916e-01
8.099999999999999645e+00 -4.744627287397880089e-01 -1.349333947261493940e-03 -6.415807725606359480e-01
8.109999999999999432e+00 -4.745168335850989960e-01 -1.355888829099236069e-03 -6.415787326119519740e-01
8.119999999999999218e+00 -4.745711980991980106e-01 -1.362312722980872073e-03 -6.415765468733339860e-01
8.130000000000000782e+00 -4.746258164891719589e-01 -1.368578116713111900e-03 -6.415742254179620518e-01
8.140000000000000568e+00 -4.746806818808100292e-01 -1.374658464661091895e-03 -6.415717782636179978e-01
8.150000000000000355e+00 -4.747357863580759507e-01 -1.380528227182964071e-03 -6.415692153533999464e-01
8.160000000000000142e+00 -4.747911210040720031e-01 -1.386162907076379965e-03 -6.415665465369559950e-01
8.169999999999999929e+00 -4.748466759434299966e-01 -1.391539083014715992e-03 -6.415637815522999832e-01
8.179999999999999716e+00 -4.749024403859560262e-01 -1.396634439957799905e-03 -6.415609300082000255e-01
8.189999999999999503e+00 -4.749584026714409601e-01 -1.401427796528959989e-03 -6.415580013671879911e-01
8.199999999999999289e+00 -4.750145503155040472e-01 -1.405899129357162086e-03 -6.415550049292180201e-01
8.210000000000000853e+00 -4.750708700563529563e-01 -1.410029594389583920e-03 -6.415519498159899525e-01
8.220000000000000639e+00 -4.751273479023269686e-01 -1.413801545186637925e-03 -6.415488449559619832e-01
8.230000000000000426e+00 -4.751839691801200138e-01 -1.417198548217926072e-03 -6.415456990700759698e-01
8.240000000000000213e+00 -4.752407185835550441e-01 -1.420205395183710096e-03 -6.415425206581979456e-01
8.250000000000000000e+00 -4.752975802227869528e-01 -1.422808112392781946e-03 -6.415393179863220219e-01
8.259999999999999787e+00 -4.753545376738289585e-01 -1.424993967233381979e-03 -6.415360990745060388e-01
8.269999999999999574e+00 -4.754115740282740532e-01 -1.426751471779516035e-03 -6.415328716855960289e-01
8.279999999999999361e+00 -4.754686719431150399e-01 -1.428070383580564047e-03 -6.415296433147219535e-01
8.289999999999999147e+00 -4.755258136905210486e-01 -1.428941703687346002e-03 -6.415264211795700389e-01
8.300000000000000711e+00 -4.755829812075040297e-01 -1.429357671972912016e-03 -6.415232122114660207e-01
8.310000000000000497e+00 -4.756401561453290072e-01 -1.429311759810995971e-03 -6.415200230472439813e-01
8.320000000000000284e+00 -4.756973199185850487e-01 -1.428798660179899900e-03 -6.415168600219059991e-01
8.330000000000000071e+00 -4.757544537538090368e-01 -1.427814275263820107e-03 -6.415137291621060278e-01
8.339999999999999858e+00 -4.758115387375660421e-01 -1.426355701627670053e-03 -6.415106361804060464e-01
8.349999999999999645e+00 -4.758685558638909852e-01 -1.424421213045532104e-03 -6.415075864703400077e-01
8.359999999999999432e+00 -4.759254860809920551e-01 -1.422010241066206087e-03 -6.415045851022740386e-01
8.369999999999999218e+00 -4.759823103371389474e-01 -1.419123353402996102e-03 -6.415016368200340269e-01
8.380000000000000782e+00 -4.760390096256409964e-01 -1.415762230237718093e-03 -6.414987460383240192e-01
8.390000000000000568e+00 -4.760955650288400398e-01 -1.411929638531909991e-03 -6.414959168409080092e-01
8.400000000000000355e+00 -4.761519577610340281e-01 -1.407629404440714077e-03 -6.414931529795400156e-01
8.410000000000000142e+00 -4.762081692102649866e-01 -1.402866383927310091e-03 -6.414904578736499996e-01
8.419999999999999929e+00 -4.762641809788959457e-01 -1.397646431677772088e-03 -6.414878346107419915e-01
8.429999999999999716e+00 -4.763199749229059532e-01 -1.391976368418050038e-03 -6.414852859475299596e-01
8.439999999999999503e+00 -4.763755331898580359e-01 -1.385863946736350105e-03 -6.414828143117440318e-01
8.449999999999999289e+00 -4.764308382554680033e-01 -1.379317815515340067e-03 -6.414804218046320505e-01
8.460000000000000853e+00 -4.764858729587190256e-01 -1.372347483079852052e-03 -6.414781102041280381e-01
8.470000000000000639e+00 -4.765406205354810187e-01 -1.364963279166294102e-03 -6.414758809686379459e-01
8.480000000000000426e+00 -4.765950646505960342e-01 -1.357176315820680023e-03 -6.414737352414739968e-01
8.490000000000000213e+00 -4.766491894283659825e-01 -1.348998447332378078e-03 -6.414716738558620124e-01
8.500000000000000000e+00 -4.767029794814289789e-01 -1.340442229310749925e-03 -6.414696973405380476e-01
8.509999999999999787e+00 -4.767564199379809575e-01 -1.331520877011645914e-03 -6.414678059258920317e-01
8.519999999999999574e+00 -4.768094964673129654e-01 -1.322248223020275901e-03 -6.414659995506359902e-01
8.529999999999999361e+00 -4.768621953036570327e-01 -1.312638674396363926e-03 -6.414642778689779723e-01
8.539999999999999147e+00 -4.769145032682949870e-01 -1.302707169386473985e-03 -6.414626402582740416e-01
8.550000000000000711e+00 -4.769664077899370414e-01 -1.292469133807584020e-03 -6.414610858271160287e-01
8.560000000000000497e+00 -4.770178969233420108e-01 -1.281940437204319915e-03 -6.414596134238600422e-01
8.570000000000000284e+00 -4.770689593661990302e-01 -1.271137348881112026e-03 -6.414582216455380070e-01
8.580000000000000071e+00 -4.771195844742249781e-01 -1.260076493908550074e-03 -6.414569088471500091e-01
8.589999999999999858e+00 -4.771697622745289524e-01 -1.248774809201551924e-03 -6.414556731512800480e-01
8.599999999999999645e+00 -4.772194834771989469e-01 -1.237249499764755999e-03 -6.414545124580379731e-01
8.609999999999999432e+00 -4.772687394851610199e-01 -1.225517995198400004e-03 -6.414534244552839715e-01
8.619999999999999218e+00 -4.773175224022970231e-01 -1.213597906555500009e-03 -6.414524066291059645e-01
8.630000000000000782e+00 -4.773658250398520320e-01 -1.201506983638683931e-03 -6.414514562745260440e-01
8.640000000000000568e+00 -4.774136409211260368e-01 -1.189263072822230099e-03 -6.414505705064039720e-01
8.650000000000000355e+00 -4.774609642845180080e-01 -1.176884075482145927e-03 -6.414497462705259778e-01
8.660000000000000142e+00 -4.775077900848960222e-01 -1.164387907114065954e-03 -6.414489803548220070e-01
8.669999999999999929e+00 -4.775541139933619506e-01 -1.151792457215770026e-03 -6.414482694007059838e-01
8.679999999999999716e+00 -4.775999323954220332e-01 -1.139115550007884078e-03 -6.414476099145119958e-01
8.689999999999999503e+00 -4.776452423876020315e-01 -1.126374906063075994e-03 -6.414469982789759994e-01
8.699999999999999289e+00 -4.776900417725560288e-01 -1.113588104910679961e-03 -6.414464307647800290e-01
8.710000000000000853e+00 -4.777343290526890329e-01 -1.100772548680168002e-03 -6.414459035420719824e-01
8.720000000000000639e+00 -4.777781034223520518e-01 -1.087945426843533927e-03 -6.414454126920080546e-01
8.730000000000000426e+00 -4.778213647586539992e-01 -1.075123682112807955e-03 -6.414449542182200092e-01
8.740000000000000213e+00 -4.778641136109280096e-01 -1.062323977545556004e-03 -6.414445240582400398e-01
8.750000000000000000e+00 -4.779063511889019567e-01 -1.049562664907254016e-03 -6.414441180948260435e-01
8.759999999999999787e+00 -4.779480793496460045e-01 -1.036855754335995949e-03 -6.414437321671799808e-01
8.769999999999999574e+00 -4.779893005833140140e-01 -1.024218885350986017e-03 -6.414433620820240156e-01
8.779999999999999361e+00 -4.780300179977679531e-01 -1.011667299242646019e-03 -6.414430036245339917e-01
8.789999999999999147e+00 -4.780702353021160089e-01 -9.992158128782980056e-04 -6.414426525690779535e-01
8.800000000000000711e+00 -4.781099567892399538e-01 -9.868787939537021058e-04 -6.414423046897700376e-01
8.810000000000000497e+00 -4.781491873173560059e-01 -9.746701377168600147e-04 -6.414419557708039843e-01
8.820000000000000284e+00 -4.781879322906699703e-01 -9.626032451868040459e-04 -6.414416016165539469e-01
8.830000000000000071e+00 -4.782261976392099823e-01 -9.506910028863359546e-04 -6.414412380614119558e-01
8.839999999999999858e+00 -4.782639897978590016e-01 -9.389457641039260227e-04 -6.414408609793740279e-01
8.849999999999999645e+00 -4.783013156846760427e-01 -9.273793316963799835e-04 -6.414404662933199663e-01
8.859999999999999432e+00 -4.783381826785599866e-01 -9.160029424403059875e-04 -6.414400499840140490e-01
8.869999999999999218e+00 -4.783745985963299696e-01 -9.048272529366879540e-04 -6.414396080987759818e-01
8.880000000000000782e+00 -4.784105716692459986e-01 -8.938623270694779884e-04 -6.414391367598339944e-01
8.890000000000000568e+00 -4.784461105190860319e-01 -8.831176250157719886e-04 -6.414386321723379858e-01
8.900000000000000355e+00 -4.784812241338019523e-01 -8.726019938014679608e-04 -6.414380906320179543e-01
8.910000000000000142e+00 -4.785159218428260419e-01 -8.623236593933799763e-04 -6.414375085324880432e-01
8.919999999999999929e+00 -4.785502132921060081e-01 -8.522902203152720076e-04 -6.414368823721859902e-01
8.929999999999999716e+00 -4.785841084188879879e-01 -8.425086427724019864e-04 -6.414362087609259966e-01
8.939999999999999503e+00 -4.786176174263710448e-01 -8.329852572658759825e-04 -6.414354844260780064e-01
8.949999999999999289e+00 -4.786507507582190013e-01 -8.237257566755080366e-04 -6.414347062183499704e-01
8.960000000000000853e+00 -4.786835190730510114e-01 -8.147351957867760312e-04 -6.414338711171839735e-01
8.970000000000000639e+00 -4.787159332189279692e-01 -8.060179922350260403e-04 -6.414329762357440234e-01
8.980000000000000426e+00 -4.787480042079119702e-01 -7.975779288371259712e-04 -6.414320188255180355e-01
8.990000000000000213e+00 -4.787797431907389600e-01 -7.894181572786820042e-04 -6.414309962804960463e-01
9.000000000000000000e+00 -4.788111614316689635e-01 -7.815412031223120106e-04 -6.414299061409599600e-01
9.009999999999999787e+00 -4.788422702835689604e-01 -7.739489721002999929e-04 -6.414287460968619570e-01
9.019999999999999574e+00 -4.788730811632599949e-01 -7.666427576528160245e-04 -6.414275139907940071e-01
9.029999999999999361e+00 -4.789036055271980175e-01 -7.596232496710099555e-04 -6.414262078205700268e-01
9.039999999999999147e+00 -4.789338548475289836e-01 -7.528905444022060238e-04 -6.414248257413880383e-01
9.050000000000000711e+00 -4.789638405885549566e-01 -7.464441554729519743e-04 -6.414233660676059712e-01
9.060000000000000497e+00 -4.789935741836729988e-01 -7.402830259838539574e-04 -6.414218272741240012e-01
9.070000000000000284e+00 -4.790230670128109991e-01 -7.344055416287799528e-04 -6.414202079973699844e-01
9.080000000000000071e+00 -4.790523303804049560e-01 -7.288095447897300055e-04 -6.414185070359159635e-01
9.089999999999999858e+00 -4.790813754939760027e-01 -7.234923495572300085e-04 -6.414167233507079846e-01
9.099999999999999645e+00 -4.791102134433010140e-01 -7.184507576253899765e-04 -6.414148560649179931e-01
9.109999999999999432e+00 -4.791388551802560070e-01 -7.136810750094879597e-04 -6.414129044634540033e-01
9.119999999999999218e+00 -4.791673114993350024e-01 -7.091791295333800017e-04 -6.414108679921040057e-01
9.130000000000000782e+00 -4.791955930188810386e-01 -7.049402890332539650e-04 -6.414087462563280440e-01
9.140000000000000568e+00 -4.792237101630670293e-01 -7.009594802237480507e-04 -6.414065390197299932e-01
9.150000000000000355e+00 -4.792516731446339606e-01 -6.972312081719339886e-04 -6.414042462021920521e-01
9.160000000000000142e+00 -4.792794919484270055e-01 -6.937495763246339731e-04 -6.414018678777060334e-01
9.169999999999999929e+00 -4.793071763157349952e-01 -6.905083070341059811e-04 -6.413994042718800248e-01
9.179999999999999716e+00 -4.793347357294699962e-01 -6.875007625272060510e-04 -6.413968557591760433e-01
9.189999999999999503e+00 -4.793621794001880487e-01 -6.847199662632879984e-04 -6.413942228598520368e-01
9.199999999999999289e+00 -4.793895162529639986e-01 -6.821586246262220394e-04 -6.413915062366459807e-01
9.210000000000000853e+00 -4.794167549151580054e-01 -6.798091488963120240e-04 -6.413887066911879709e-01
9.220000000000000639e+00 -4.794439037050449715e-01 -6.776636774481400180e-04 -6.413858251601860516e-01
9.230000000000000426e+00 -4.794709706213500233e-01 -6.757140981212300017e-04 -6.413828627113820069e-01
9.240000000000000213e+00 -4.794979633336780012e-01 -6.739520707108280495e-04 -6.413798205392700069e-01
9.250000000000000000e+00 -4.795248891738379537e-01 -6.723690495268300378e-04 -6.413766999606459462e-01
9.259999999999999787e+00 -4.795517551280799595e-01 -6.709563059699919689e-04 -6.413735024099359583e-01
9.269999999999999574e+00 -4.795785678302260102e-01 -6.697049510752240255e-04 -6.413702294343780475e-01
9.279999999999999361e+00 -4.796053335557070030e-01 -6.686059579730320229e-04 -6.413668826890159824e-01
9.289999999999999147e+00 -4.796320582164959601e-01 -6.676501842211280367e-04 -6.413634639315759500e-01
9.300000000000000711e+00 -4.796587473569240423e-01 -6.668283939595659850e-04 -6.413599750171840030e-01
9.310000000000000497e+00 -4.796854061503839639e-01 -6.661312798440360014e-04 -6.413564178929860304e-01
9.320000000000000284e+00 -4.797120393969100394e-01 -6.655494847132000045e-04 -6.413527945926540408e-01
9.330000000000000071e+00 -4.797386515216079950e-01 -6.650736229476100205e-04 -6.413491072307999641e-01
9.339999999999999858e+00 -4.797652465739439820e-01 -6.646943014790180357e-04 -6.413453579973299457e-01
9.349999999999999645e+00 -4.797918282278509916e-01 -6.644021404105999486e-04 -6.413415491517160394e-01
9.359999999999999432e+00 -4.798183997826719893e-01 -6.641877932102340431e-04 -6.413376830172380361e-01
9.369999999999999218e+00 -4.798449641648820374e-01 -6.640419664405420490e-04 -6.413337619751819929e-01
9.380000000000000782e+00 -4.798715239306039493e-01 -6.639554389912439994e-04 -6.413297884590140052e-01
9.390000000000000568e+00 -4.798980812688760089e-01 -6.639190807810539489e-04 -6.413257649485659684e-01
9.400000000000000355e+00 -4.799246380056540473e-01 -6.639238708982420512e-04 -6.413216939642060188e-01
9.410000000000000142e+00 -4.799511956085390496e-01 -6.639609151506839719e-04 -6.413175780610339549e-01
9.419999999999999929e+00 -4.799777551921770025e-01 -6.640214629982300236e-04 -6.413134198231139615e-01
9.429999999999999716e+00 -4.800043175243400295e-01 -6.640969238419960462e-04 -6.413092218577499670e-01
9.439999999999999503e+00 -4.800308830326390219e-01 -6.641788826471260385e-04 -6.413049867897999690e-01
9.449999999999999289e+00 -4.800574518118399525e-01 -6.642591148775580387e-04 -6.413007172560799551e-01
9.460000000000000853e+00 -4.800840236317800436e-01 -6.643296007231739653e-04 -6.412964158998279984e-01
9.470000000000000639e+00 -4.801105979458230033e-01 -6.643825386016440071e-04 -6.412920853652660513e-01
9.480000000000000426e+00 -4.801371738998469474e-01 -6.644103579193280087e-04 -6.412877282922520017e-01
9.490000000000000213e+00 -4.801637503417269803e-01 -6.644057310773940090e-04 -6.412833473110459703e-01
9.500000000000000000e+00 -4.801903258312870126e-01 -6.643615847112979656e-04 -6.412789450372019529e-01
9.509999999999999787e+00 -4.802168986506730186e-01 -6.642711101536860011e-04 -6.412745240665580493e-01
9.519999999999999574e+00 -4.802434668151420172e-01 -6.641277731127820513e-04 -6.412700869704019979e-01
9.529999999999999361e+00 -4.802700280842140401e-01 -6.639253225600120090e-04 -6.412656362907419583e-01
9.539999999999999147e+00 -4.802965799731709895e-01 -6.636577988225739579e-04 -6.412611745357560400e-01
9.550000000000000711e+00 -4.803231197648600292e-01 -6.633195408785100538e-04 -6.412567041753880481e-01
9.560000000000000497e+00 -4.803496445217680377e-01 -6.629051928537099811e-04 -6.412522276370999919e-01
9.570000000000000284e+00 -4.803761510983469707e-01 -6.624097097218579772e-04 -6.412477473018159957e-01
9.580000000000000071e+00 -4.804026361535460032e-01 -6.618283622101879971e-04 -6.412432655000259718e-01
9.589999999999999858e+00 -4.804290961635300228e-01 -6.611567409156580196e-04 -6.412387845080780302e-01
9.599999999999999645e+00 -4.804555274345419513e-01 -6.603907596376640352e-04 -6.412343065446479695e-01
9.609999999999999432e+00 -4.804819261158829735e-01 -6.595266579351219795e-04 -6.412298337674200432e-01
9.619999999999999218e+00 -4.805082882129860233e-01 -6.585610029173219818e-04 -6.412253682699340374e-01
9.630000000000000782e+00 -4.805346096005360113e-01 -6.574906902792979633e-04 -6.412209120786579453e-01
9.640000000000000568e+00 -4.805608860356220258e-01 -6.563129445941680079e-04 -6.412164671502359470e-01
9.650000000000000355e+00 -4.805871131708900346e-01 -6.550253188760300164e-04 -6.412120353689499952e-01
9.660000000000000142e+00 -4.806132865676570054e-01 -6.536256934286100145e-04 -6.412076185443940091e-01
9.669999999999999929e+00 -4.806394017089679616e-01 -6.521122739958540478e-04 -6.412032184093340303e-01
9.679999999999999716e+00 -4.806654540125640529e-01 -6.504835892321280278e-04 -6.411988366177839849e-01
9.689999999999999503e+00 -4.806914388437399932e-01 -6.487384875107259563e-04 -6.411944747432960501e-01
9.699999999999999289e+00 -4.807173515280560028e-01 -6.468761330904220430e-04 -6.411901342774339874e-01
9.710000000000000853e+00 -4.807431873638900455e-01 -6.448960016610359464e-04 -6.411858166284779559e-01
9.720000000000000639e+00 -4.807689416347890043e-01 -6.427978752896999510e-04 -6.411815231203179533e-01
9.730000000000000426e+00 -4.807946096216210163e-01 -6.405818367906059756e-04 -6.411772549915459862e-01
9.740000000000000213e+00 -4.808201866144749537e-01 -6.382482635417920189e-04 -6.411730133947659560e-01
9.750000000000000000e+00 -4.808456679243190424e-01 -6.357978207731580008e-04 -6.411687993960839549e-01
9.759999999999999787e+00 -4.808710488943669925e-01 -6.332314543508279527e-04 -6.411646139748079509e-01
9.769999999999999574e+00 -4.808963249111509741e-01 -6.305503830834420422e-04 -6.411604580233299933e-01
9.779999999999999361e+00 -4.809214914152829534e-01 -6.277560905764820089e-04 -6.411563323472060372e-01
9.789999999999999147e+00 -4.809465439118690289e-01 -6.248503166614379932e-04 -6.411522376654119615e-01
9.800000000000000711e+00 -4.809714779805860374e-01 -6.218350484267979976e-04 -6.411481746107859925e-01
9.810000000000000497e+00 -4.809962892853850147e-01 -6.187125108783559984e-04 -6.411441437306539815e-01
9.820000000000000284e+00 -4.810209735838120171e-01 -6.154851572565399635e-04 -6.411401454876159978e-01
9.830000000000000071e+00 -4.810455267359439735e-01 -6.121556590387319764e-04 -6.411361802604980120e-01
9.839999999999999858e+00 -4.810699447129110351e-01 -6.087268956546779998e-04 -6.411322483454839904e-01
9.849999999999999645e+00 -4.810942236050019805e-01 -6.052019439431960499e-04 -6.411283499573779965e-01
9.859999999999999432e+00 -4.811183596293500120e-01 -6.015840673783959995e-04 -6.411244852310420406e-01
9.869999999999999218e+00 -4.811423491371760175e-01 -5.978767050935399844e-04 -6.411206542229560545e-01
9.880000000000000782e+00 -4.811661886205950145e-01 -5.940834607307100097e-04 -6.411168569129339634e-01
9.890000000000000568e+00 -4.811898747189690129e-01 -5.902080911442020468e-04 -6.411130932059579957e-01
9.900000000000000355e+00 -4.812134042248079613e-01 -5.862544949852859693e-04 -6.411093629341440003e-01
9.910000000000000142e+00 -4.812367740892140033e-01 -5.822267011957900492e-04 -6.411056658588279999e-01
9.919999999999999929e+00 -4.812599814268560539e-01 -5.781288574376779524e-04 -6.411020016727599913e-01
9.929999999999999716e+00 -4.812830235204969553e-01 -5.739652184852820152e-04 -6.410983700023999976e-01
9.939999999999999503e+00 -4.813058978250329689e-01 -5.697401346064779855e-04 -6.410947704103200362e-01
9.949999999999999289e+00 -4.813286019710900088e-01 -5.654580399586400406e-04 -6.410912023976860219e-01
9.960000000000000853e+00 -4.813511337681449787e-01 -5.611234410247059731e-04 -6.410876654068360381e-01
9.970000000000000639e+00 -4.813734912071910288e-01 -5.567409051138959546e-04 -6.410841588239200028e-01
9.980000000000000426e+00 -4.813956724629350203e-01 -5.523150489513059536e-04 -6.410806819816200486e-01
9.990000000000000213e+00 -4.814176758955549529e-01 -5.478505273797739739e-04 -6.410772341619259684e-01
1.000000000000000000e+01 -4.814395000520029777e-01 -5.433520221967039860e-04 -6.410738145989639536e-01
