# 
# ,Time /a.u.  rho11 - - - 
0.000000000000000000e+00 1.000000000000000000e+00 0.000000000000000000e+00 0.000000000000000000e+00 0.000000000000000000e+00
1.000000000000000021e-02 9.996001193444510324e-01 0.000000000000000000e+00 0.000000000000000000e+00 0.000000000000000000e+00
2.000000000000000042e-02 9.984018017248470489e-01 0.000000000000000000e+00 0.000000000000000000e+00 0.000000000000000000e+00
2.999999999999999889e-02 9.964088170070120043e-01 0.000000000000000000e+00 0.000000000000000000e+00 0.000000000000000000e+00
4.000000000000000083e-02 9.936271766079379786e-01 0.000000000000000000e+00 0.000000000000000000e+00 0.000000000000000000e+00
5.000000000000000278e-02 9.900650109158619649e-01 0.000000000000000000e+00 0.000000000000000000e+00 0.000000000000000000e+00
5.999999999999999778e-02 9.857324688900740428e-01 0.000000000000000000e+00 0.000000000000000000e+00 0.000000000000000000e+00
7.000000000000000666e-02 9.806416266762819633e-01 0.000000000000000000e+00 0.000000000000000000e+00 0.000000000000000000e+00
8.000000000000000167e-02 9.748064003730629867e-01 0.000000000000000000e+00 0.000000000000000000e+00 0.000000000000000000e+00
8.999999999999999667e-02 9.682424608183269887e-01 0.000000000000000000e+00 0.000000000000000000e+00 0.000000000000000000e+00
1.000000000000000056e-01 9.609671483175730167e-01 0.000000000000000000e+00 0.000000000000000000e+00 0.000000000000000000e+00
1.100000000000000006e-01 9.529993887043509693e-01 0.000000000000000000e+00 0.000000000000000000e+00 0.000000000000000000e+00
1.199999999999999956e-01 9.443596084469899621e-01 0.000000000000000000e+00 0.000000000000000000e+00 0.000000000000000000e+00
1.300000000000000044e-01 9.350696473277350096e-01 0.000000000000000000e+00 0.000000000000000000e+00 0.000000000000000000e+00
1.400000000000000133e-01 9.251526752048929714e-01 0.000000000000000000e+00 0.000000000000000000e+00 0.000000000000000000e+00
1.499999999999999944e-01 9.146331053439750169e-01 0.000000000000000000e+00 0.000000000000000000e+00 0.000000000000000000e+00
1.600000000000000033e-01 9.035365026154009715e-01 0.000000000000000000e+00 0.000000000000000000e+00 0.000000000000000000e+00
1.700000000000000122e-01 8.918895037263669945e-01 0.000000000000000000e+00 0.000000000000000000e+00 0.000000000000000000e+00
1.799999999999999933e-01 8.797197275730690436e-01 0.000000000000000000e+00 0.000000000000000000e+00 0.000000000000000000e+00
1.900000000000000022e-01 8.670556804519230498e-01 0.000000000000000000e+00 0.000000000000000000e+00 0.000000000000000000e+00
2.000000000000000111e-01 8.539266805994579768e-01 0.000000000000000000e+00 0.000000000000000000e+00 0.000000000000000000e+00
2.099999999999999922e-01 8.403627673418609945e-01 0.000000000000000000e+00 0.000000000000000000e+00 0.000000000000000000e+00
2.200000000000000011e-01 8.263946025370819681e-01 0.000000000000000000e+00 0.000000000000000000e+00 0.000000000000000000e+00
2.300000000000000100e-01 8.120534037809290506e-01 0.000000000000000000e+00 0.000000000000000000e+00 0.000000000000000000e+00
2.399999999999999911e-01 7.973708506883799840e-01 0.000000000000000000e+00 0.000000000000000000e+00 0.000000000000000000e+00
2.500000000000000000e-01 7.823789886789840331e-01 0.000000000000000000e+00 0.000000000000000000e+00 0.000000000000000000e+00
2.600000000000000089e-01 7.671101661640949976e-01 0.000000000000000000e+00 0.000000000000000000e+00 0.000000000000000000e+00
2.700000000000000178e-01 7.515969442411519763e-01 0.000000000000000000e+00 0.000000000000000000e+00 0.000000000000000000e+00
2.800000000000000266e-01 7.358719985316130030e-01 0.000000000000000000e+00 0.000000000000000000e+00 0.000000000000000000e+00
2.899999999999999800e-01 7.199680685114939749e-01 0.000000000000000000e+00 0.000000000000000000e+00 0.000000000000000000e+00
2.999999999999999889e-01 7.039178646104989889e-01 0.000000000000000000e+00 0.000000000000000000e+00 0.000000000000000000e+00
3.099999999999999978e-01 6.877539818085069978e-01 0.000000000000000000e+00 0.000000000000000000e+00 0.000000000000000000e+00
3.200000000000000067e-01 6.715088456564070052e-01 0.000000000000000000e+00 0.000000000000000000e+00 0.000000000000000000e+00
3.300000000000000155e-01 6.552146321757329472e-01 0.000000000000000000e+00 0.000000000000000000e+00 0.000000000000000000e+00
3.400000000000000244e-01 6.389031771141110427e-01 0.000000000000000000e+00 0.000000000000000000e+00 0.000000000000000000e+00
3.499999999999999778e-01 6.226059474249080461e-01 0.000000000000000000e+00 0.000000000000000000e+00 0.000000000000000000e+00
3.599999999999999867e-01 6.063539283992339657e-01 0.000000000000000000e+00 0.000000000000000000e+00 0.000000000000000000e+00
3.699999999999999956e-01 5.901776008660539752e-01 0.000000000000000000e+00 0.000000000000000000e+00 0.000000000000000000e+00
3.800000000000000044e-01 5.741068621181479870e-01 0.000000000000000000e+00 0.000000000000000000e+00 0.000000000000000000e+00
3.900000000000000133e-01 5.581709483073979960e-01 0.000000000000000000e+00 0.000000000000000000e+00 0.000000000000000000e+00
4.000000000000000222e-01 5.423984179559470098e-01 0.000000000000000000e+00 0.000000000000000000e+00 0.000000000000000000e+00
4.099999999999999756e-01 5.268170553913350540e-01 0.000000000000000000e+00 0.000000000000000000e+00 0.000000000000000000e+00
4.199999999999999845e-01 5.114538548500550119e-01 0.000000000000000000e+00 0.000000000000000000e+00 0.000000000000000000e+00
4.299999999999999933e-01 4.963349556185219780e-01 0.000000000000000000e+00 0.000000000000000000e+00 0.000000000000000000e+00
4.400000000000000022e-01 4.814855811740609837e-01 0.000000000000000000e+00 0.000000000000000000e+00 0.000000000000000000e+00
4.500000000000000111e-01 4.669300283627960124e-01 0.000000000000000000e+00 0.000000000000000000e+00 0.000000000000000000e+00
4.600000000000000200e-01 4.526916104491099935e-01 0.000000000000000000e+00 0.000000000000000000e+00 0.000000000000000000e+00
4.699999999999999734e-01 4.387926017936070178e-01 0.000000000000000000e+00 0.000000000000000000e+00 0.000000000000000000e+00
4.799999999999999822e-01 4.252542317261089888e-01 0.000000000000000000e+00 0.000000000000000000e+00 0.000000000000000000e+00
4.899999999999999911e-01 4.120966548678079988e-01 0.000000000000000000e+00 0.000000000000000000e+00 0.000000000000000000e+00
5.000000000000000000e-01 3.993389009648959931e-01 0.000000000000000000e+00 0.000000000000000000e+00 0.000000000000000000e+00
5.100000000000000089e-01 3.869988565968309757e-01 0.000000000000000000e+00 0.000000000000000000e+00 0.000000000000000000e+00
5.200000000000000178e-01 3.750932337197370181e-01 0.000000000000000000e+00 0.000000000000000000e+00 0.000000000000000000e+00
5.300000000000000266e-01 3.636374853078579994e-01 0.000000000000000000e+00 0.000000000000000000e+00 0.000000000000000000e+00
5.400000000000000355e-01 3.526461206584610153e-01 0.000000000000000000e+00 0.000000000000000000e+00 0.000000000000000000e+00
5.500000000000000444e-01 3.421321918152799846e-01 0.000000000000000000e+00 0.000000000000000000e+00 0.000000000000000000e+00
5.600000000000000533e-01 3.321075923746800163e-01 0.000000000000000000e+00 0.000000000000000000e+00 0.000000000000000000e+00
5.699999999999999512e-01 3.225829674386619939e-01 0.000000000000000000e+00 0.000000000000000000e+00 0.000000000000000000e+00
5.799999999999999600e-01 3.135676698462699918e-01 0.000000000000000000e+00 0.000000000000000000e+00 0.000000000000000000e+00
5.899999999999999689e-01 3.050700257903110058e-01 0.000000000000000000e+00 0.000000000000000000e+00 0.000000000000000000e+00
5.999999999999999778e-01 2.970964084365270153e-01 0.000000000000000000e+00 0.000000000000000000e+00 0.000000000000000000e+00
6.099999999999999867e-01 2.896535052894820272e-01 0.000000000000000000e+00 0.000000000000000000e+00 0.000000000000000000e+00
6.199999999999999956e-01 2.827447405082170184e-01 0.000000000000000000e+00 0.000000000000000000e+00 0.000000000000000000e+00
6.300000000000000044e-01 2.763744493261099944e-01 0.000000000000000000e+00 0.000000000000000000e+00 0.000000000000000000e+00
6.400000000000000133e-01 2.705435358281280123e-01 0.000000000000000000e+00 0.000000000000000000e+00 0.000000000000000000e+00
6.500000000000000222e-01 2.652539701860510135e-01 0.000000000000000000e+00 0.000000000000000000e+00 0.000000000000000000e+00
6.600000000000000311e-01 2.605041952822310103e-01 0.000000000000000000e+00 0.000000000000000000e+00 0.000000000000000000e+00
6.700000000000000400e-01 2.562939255559339990e-01 0.000000000000000000e+00 0.000000000000000000e+00 0.000000000000000000e+00
6.800000000000000488e-01 2.526192109442950140e-01 0.000000000000000000e+00 0.000000000000000000e+00 0.000000000000000000e+00
6.899999999999999467e-01 2.494775497199019920e-01 0.000000000000000000e+00 0.000000000000000000e+00 0.000000000000000000e+00
6.999999999999999556e-01 2.468627149293269873e-01 0.000000000000000000e+00 0.000000000000000000e+00 0.000000000000000000e+00
7.099999999999999645e-01 2.447700778518830111e-01 0.000000000000000000e+00 0.000000000000000000e+00 0.000000000000000000e+00
7.199999999999999734e-01 2.431912689291109986e-01 0.000000000000000000e+00 0.000000000000000000e+00 0.000000000000000000e+00
7.299999999999999822e-01 2.421195996511029958e-01 0.000000000000000000e+00 0.000000000000000000e+00 0.000000000000000000e+00
7.399999999999999911e-01 2.415447207260920104e-01 0.000000000000000000e+00 0.000000000000000000e+00 0.000000000000000000e+00
7.500000000000000000e-01 2.414579787156120039e-01 0.000000000000000000e+00 0.000000000000000000e+00 0.000000000000000000e+00
7.600000000000000089e-01 2.418472137563079938e-01 0.000000000000000000e+00 0.000000000000000000e+00 0.000000000000000000e+00
7.700000000000000178e-01 2.427019166692719887e-01 0.000000000000000000e+00 0.000000000000000000e+00 0.000000000000000000e+00
7.800000000000000266e-01 2.440082932511669911e-01 0.000000000000000000e+00 0.000000000000000000e+00 0.000000000000000000e+00
7.900000000000000355e-01 2.457541090486810020e-01 0.000000000000000000e+00 0.000000000000000000e+00 0.000000000000000000e+00
8.000000000000000444e-01 2.479241101252039892e-01 0.000000000000000000e+00 0.000000000000000000e+00 0.000000000000000000e+00
8.100000000000000533e-01 2.505044920311090273e-01 0.000000000000000000e+00 0.000000000000000000e+00 0.000000000000000000e+00
8.199999999999999512e-01 2.534787161432059954e-01 0.000000000000000000e+00 0.000000000000000000e+00 0.000000000000000000e+00
8.299999999999999600e-01 2.568315737327859782e-01 0.000000000000000000e+00 0.000000000000000000e+00 0.000000000000000000e+00
8.399999999999999689e-01 2.605454166615530087e-01 0.000000000000000000e+00 0.000000000000000000e+00 0.000000000000000000e+00
8.499999999999999778e-01 2.646038167896159754e-01 0.000000000000000000e+00 0.000000000000000000e+00 0.000000000000000000e+00
8.599999999999999867e-01 2.689881925882010028e-01 0.000000000000000000e+00 0.000000000000000000e+00 0.000000000000000000e+00
8.699999999999999956e-01 2.736810827749470154e-01 0.000000000000000000e+00 0.000000000000000000e+00 0.000000000000000000e+00
8.800000000000000044e-01 2.786631504367089729e-01 0.000000000000000000e+00 0.000000000000000000e+00 0.000000000000000000e+00
8.900000000000000133e-01 2.839160985974319984e-01 0.000000000000000000e+00 0.000000000000000000e+00 0.000000000000000000e+00
9.000000000000000222e-01 2.894200137224249847e-01 0.000000000000000000e+00 0.000000000000000000e+00 0.000000000000000000e+00
9.100000000000000311e-01 2.951559568326390104e-01 0.000000000000000000e+00 0.000000000000000000e+00 0.000000000000000000e+00
9.200000000000000400e-01 3.011036174598489823e-01 0.000000000000000000e+00 0.000000000000000000e+00 0.000000000000000000e+00
9.300000000000000488e-01 3.072436131322329733e-01 0.000000000000000000e+00 0.000000000000000000e+00 0.000000000000000000e+00
9.399999999999999467e-01 3.135554149354879971e-01 0.000000000000000000e+00 0.000000000000000000e+00 0.000000000000000000e+00
9.499999999999999556e-01 3.200193888330090108e-01 0.000000000000000000e+00 0.000000000000000000e+00 0.000000000000000000e+00
9.599999999999999645e-01 3.266149643816330106e-01 0.000000000000000000e+00 0.000000000000000000e+00 0.000000000000000000e+00
9.699999999999999734e-01 3.333224476271550163e-01 0.000000000000000000e+00 0.000000000000000000e+00 0.000000000000000000e+00
9.799999999999999822e-01 3.401213996817180063e-01 0.000000000000000000e+00 0.000000000000000000e+00 0.000000000000000000e+00
9.899999999999999911e-01 3.469922497719999943e-01 0.000000000000000000e+00 0.000000000000000000e+00 0.000000000000000000e+00
1.000000000000000000e+00 3.539148592043929731e-01 0.000000000000000000e+00 0.000000000000000000e+00 0.000000000000000000e+00
1.010000000000000009e+00 3.608699589365439997e-01 0.000000000000000000e+00 0.000000000000000000e+00 0.000000000000000000e+00
1.020000000000000018e+00 3.678378725771230262e-01 0.000000000000000000e+00 0.000000000000000000e+00 0.000000000000000000e+00
1.030000000000000027e+00 3.747998012712570048e-01 0.000000000000000000e+00 0.000000000000000000e+00 0.000000000000000000e+00
1.040000000000000036e+00 3.817366857558480153e-01 0.000000000000000000e+00 0.000000000000000000e+00 0.000000000000000000e+00
1.050000000000000044e+00 3.886303578052420216e-01 0.000000000000000000e+00 0.000000000000000000e+00 0.000000000000000000e+00
1.060000000000000053e+00 3.954625211443340005e-01 0.000000000000000000e+00 0.000000000000000000e+00 0.000000000000000000e+00
1.070000000000000062e+00 4.022157870790080136e-01 0.000000000000000000e+00 0.000000000000000000e+00 0.000000000000000000e+00
1.080000000000000071e+00 4.088727584397119919e-01 0.000000000000000000e+00 0.000000000000000000e+00 0.000000000000000000e+00
1.090000000000000080e+00 4.154169642407060103e-01 0.000000000000000000e+00 0.000000000000000000e+00 0.000000000000000000e+00
1.100000000000000089e+00 4.218320315252229724e-01 0.000000000000000000e+00 0.000000000000000000e+00 0.000000000000000000e+00
1.110000000000000098e+00 4.281025323608759758e-01 0.000000000000000000e+00 0.000000000000000000e+00 0.000000000000000000e+00
1.120000000000000107e+00 4.342132313622260043e-01 0.000000000000000000e+00 0.000000000000000000e+00 0.000000000000000000e+00
1.129999999999999893e+00 4.401498563474520176e-01 0.000000000000000000e+00 0.000000000000000000e+00 0.000000000000000000e+00
1.139999999999999902e+00 4.458984102501519775e-01 0.000000000000000000e+00 0.000000000000000000e+00 0.000000000000000000e+00
1.149999999999999911e+00 4.514458754291619802e-01 0.000000000000000000e+00 0.000000000000000000e+00 0.000000000000000000e+00
1.159999999999999920e+00 4.567795806820659776e-01 0.000000000000000000e+00 0.000000000000000000e+00 0.000000000000000000e+00
1.169999999999999929e+00 4.618878478202489979e-01 0.000000000000000000e+00 0.000000000000000000e+00 0.000000000000000000e+00
1.179999999999999938e+00 4.667594053698410073e-01 0.000000000000000000e+00 0.000000000000000000e+00 0.000000000000000000e+00
1.189999999999999947e+00 4.713839847994349963e-01 0.000000000000000000e+00 0.000000000000000000e+00 0.000000000000000000e+00
1.199999999999999956e+00 4.757517741304350123e-01 0.000000000000000000e+00 0.000000000000000000e+00 0.000000000000000000e+00
1.209999999999999964e+00 4.798539703035960002e-01 0.000000000000000000e+00 0.000000000000000000e+00 0.000000000000000000e+00
1.219999999999999973e+00 4.836822663447100101e-01 0.000000000000000000e+00 0.000000000000000000e+00 0.000000000000000000e+00
1.229999999999999982e+00 4.872293653652909895e-01 0.000000000000000000e+00 0.000000000000000000e+00 0.000000000000000000e+00
1.239999999999999991e+00 4.904884964818759796e-01 0.000000000000000000e+00 0.000000000000000000e+00 0.000000000000000000e+00
1.250000000000000000e+00 4.934538953658749727e-01 0.000000000000000000e+00 0.000000000000000000e+00 0.000000000000000000e+00
1.260000000000000009e+00 4.961203440036590084e-01 0.000000000000000000e+00 0.000000000000000000e+00 0.000000000000000000e+00
1.270000000000000018e+00 4.984836219343020125e-01 0.000000000000000000e+00 0.000000000000000000e+00 0.000000000000000000e+00
1.280000000000000027e+00 5.005400666046150304e-01 0.000000000000000000e+00 0.000000000000000000e+00 0.000000000000000000e+00
1.290000000000000036e+00 5.022869990011600283e-01 0.000000000000000000e+00 0.000000000000000000e+00 0.000000000000000000e+00
1.300000000000000044e+00 5.037223007609610281e-01 0.000000000000000000e+00 0.000000000000000000e+00 0.000000000000000000e+00
1.310000000000000053e+00 5.048448173748819601e-01 0.000000000000000000e+00 0.000000000000000000e+00 0.000000000000000000e+00
1.320000000000000062e+00 5.056539499414060002e-01 0.000000000000000000e+00 0.000000000000000000e+00 0.000000000000000000e+00
1.330000000000000071e+00 5.061500387879509510e-01 0.000000000000000000e+00 0.000000000000000000e+00 0.000000000000000000e+00
1.340000000000000080e+00 5.063339668183139963e-01 0.000000000000000000e+00 0.000000000000000000e+00 0.000000000000000000e+00
1.350000000000000089e+00 5.062075260346099448e-01 0.000000000000000000e+00 0.000000000000000000e+00 0.000000000000000000e+00
1.360000000000000098e+00 5.057730312234599568e-01 0.000000000000000000e+00 0.000000000000000000e+00 0.000000000000000000e+00
1.370000000000000107e+00 5.050336715366640084e-01 0.000000000000000000e+00 0.000000000000000000e+00 0.000000000000000000e+00
1.379999999999999893e+00 5.039931321495180194e-01 0.000000000000000000e+00 0.000000000000000000e+00 0.000000000000000000e+00
1.389999999999999902e+00 5.026559328278330518e-01 0.000000000000000000e+00 0.000000000000000000e+00 0.000000000000000000e+00
1.399999999999999911e+00 5.010270569455389511e-01 0.000000000000000000e+00 0.000000000000000000e+00 0.000000000000000000e+00
1.409999999999999920e+00 4.991122786483909723e-01 0.000000000000000000e+00 0.000000000000000000e+00 0.000000000000000000e+00
1.419999999999999929e+00 4.969177974488390159e-01 0.000000000000000000e+00 0.000000000000000000e+00 0.000000000000000000e+00
1.429999999999999938e+00 4.944505555111720074e-01 0.000000000000000000e+00 0.000000000000000000e+00 0.000000000000000000e+00
1.439999999999999947e+00 4.917178776173170007e-01 0.000000000000000000e+00 0.000000000000000000e+00 0.000000000000000000e+00
1.449999999999999956e+00 4.887277797526879963e-01 0.000000000000000000e+00 0.000000000000000000e+00 0.000000000000000000e+00
1.459999999999999964e+00 4.854886132201770010e-01 0.000000000000000000e+00 0.000000000000000000e+00 0.000000000000000000e+00
1.469999999999999973e+00 4.820093657020820266e-01 0.000000000000000000e+00 0.000000000000000000e+00 0.000000000000000000e+00
1.479999999999999982e+00 4.782993095769330072e-01 0.000000000000000000e+00 0.000000000000000000e+00 0.000000000000000000e+00
1.489999999999999991e+00 4.743682962761049948e-01 0.000000000000000000e+00 0.000000000000000000e+00 0.000000000000000000e+00
1.500000000000000000e+00 4.702264081077079938e-01 0.000000000000000000e+00 0.000000000000000000e+00 0.000000000000000000e+00
1.510000000000000009e+00 4.658842468134339887e-01 0.000000000000000000e+00 0.000000000000000000e+00 0.000000000000000000e+00
1.520000000000000018e+00 4.613525890457280121e-01 0.000000000000000000e+00 0.000000000000000000e+00 0.000000000000000000e+00
1.530000000000000027e+00 4.566426696614460101e-01 0.000000000000000000e+00 0.000000000000000000e+00 0.000000000000000000e+00
1.540000000000000036e+00 4.517658406657040215e-01 0.000000000000000000e+00 0.000000000000000000e+00 0.000000000000000000e+00
1.550000000000000044e+00 4.467338499112269989e-01 0.000000000000000000e+00 0.000000000000000000e+00 0.000000000000000000e+00
1.560000000000000053e+00 4.415585036490630166e-01 0.000000000000000000e+00 0.000000000000000000e+00 0.000000000000000000e+00
1.570000000000000062e+00 4.362519408922910236e-01 0.000000000000000000e+00 0.000000000000000000e+00 0.000000000000000000e+00
1.580000000000000071e+00 4.308262999346080258e-01 0.000000000000000000e+00 0.000000000000000000e+00 0.000000000000000000e+00
1.590000000000000080e+00 4.252939888238789767e-01 0.000000000000000000e+00 0.000000000000000000e+00 0.000000000000000000e+00
1.600000000000000089e+00 4.196673558613630006e-01 0.000000000000000000e+00 0.000000000000000000e+00 0.000000000000000000e+00
1.610000000000000098e+00 4.139589562404319967e-01 0.000000000000000000e+00 0.000000000000000000e+00 0.000000000000000000e+00
1.620000000000000107e+00 4.081812273981280104e-01 0.000000000000000000e+00 0.000000000000000000e+00 0.000000000000000000e+00
1.629999999999999893e+00 4.023467520483089976e-01 0.000000000000000000e+00 0.000000000000000000e+00 0.000000000000000000e+00
1.639999999999999902e+00 3.964679382333859969e-01 0.000000000000000000e+00 0.000000000000000000e+00 0.000000000000000000e+00
1.649999999999999911e+00 3.905572786299210120e-01 0.000000000000000000e+00 0.000000000000000000e+00 0.000000000000000000e+00
1.659999999999999920e+00 3.846270366494670134e-01 0.000000000000000000e+00 0.000000000000000000e+00 0.000000000000000000e+00
1.669999999999999929e+00 3.786895019883759761e-01 0.000000000000000000e+00 0.000000000000000000e+00 0.000000000000000000e+00
1.679999999999999938e+00 3.727566825180699817e-01 0.000000000000000000e+00 0.000000000000000000e+00 0.000000000000000000e+00
1.689999999999999947e+00 3.668405557744229828e-01 0.000000000000000000e+00 0.000000000000000000e+00 0.000000000000000000e+00
1.699999999999999956e+00 3.609527683865039749e-01 0.000000000000000000e+00 0.000000000000000000e+00 0.000000000000000000e+00
1.709999999999999964e+00 3.551048832234099950e-01 0.000000000000000000e+00 0.000000000000000000e+00 0.000000000000000000e+00
1.719999999999999973e+00 3.493080860515859754e-01 0.000000000000000000e+00 0.000000000000000000e+00 0.000000000000000000e+00
1.729999999999999982e+00 3.435734278037549938e-01 0.000000000000000000e+00 0.000000000000000000e+00 0.000000000000000000e+00
1.739999999999999991e+00 3.379115406129880039e-01 0.000000000000000000e+00 0.000000000000000000e+00 0.000000000000000000e+00
1.750000000000000000e+00 3.323328746025869807e-01 0.000000000000000000e+00 0.000000000000000000e+00 0.000000000000000000e+00
1.760000000000000009e+00 3.268474230413689896e-01 0.000000000000000000e+00 0.000000000000000000e+00 0.000000000000000000e+00
1.770000000000000018e+00 3.214649528244630239e-01 0.000000000000000000e+00 0.000000000000000000e+00 0.000000000000000000e+00
1.780000000000000027e+00 3.161947412883089892e-01 0.000000000000000000e+00 0.000000000000000000e+00 0.000000000000000000e+00
1.790000000000000036e+00 3.110457994287719741e-01 0.000000000000000000e+00 0.000000000000000000e+00 0.000000000000000000e+00
1.800000000000000044e+00 3.060266202247379774e-01 0.000000000000000000e+00 0.000000000000000000e+00 0.000000000000000000e+00
1.810000000000000053e+00 3.011453935076029986e-01 0.000000000000000000e+00 0.000000000000000000e+00 0.000000000000000000e+00
1.820000000000000062e+00 2.964097685949479977e-01 0.000000000000000000e+00 0.000000000000000000e+00 0.000000000000000000e+00
1.830000000000000071e+00 2.918270595403489875e-01 0.000000000000000000e+00 0.000000000000000000e+00 0.000000000000000000e+00
1.840000000000000080e+00 2.874040220616719821e-01 0.000000000000000000e+00 0.000000000000000000e+00 0.000000000000000000e+00
1.850000000000000089e+00 2.831470479352939940e-01 0.000000000000000000e+00 0.000000000000000000e+00 0.000000000000000000e+00
1.860000000000000098e+00 2.790619590188350152e-01 0.000000000000000000e+00 0.000000000000000000e+00 0.000000000000000000e+00
1.870000000000000107e+00 2.751541894181669945e-01 0.000000000000000000e+00 0.000000000000000000e+00 0.000000000000000000e+00
1.879999999999999893e+00 2.714285965589410266e-01 0.000000000000000000e+00 0.000000000000000000e+00 0.000000000000000000e+00
1.889999999999999902e+00 2.678896300512519923e-01 0.000000000000000000e+00 0.000000000000000000e+00 0.000000000000000000e+00
1.899999999999999911e+00 2.645411621473129915e-01 0.000000000000000000e+00 0.000000000000000000e+00 0.000000000000000000e+00
1.909999999999999920e+00 2.613866422446090021e-01 0.000000000000000000e+00 0.000000000000000000e+00 0.000000000000000000e+00
1.919999999999999929e+00 2.584289463257389841e-01 0.000000000000000000e+00 0.000000000000000000e+00 0.000000000000000000e+00
1.929999999999999938e+00 2.556705165705500105e-01 0.000000000000000000e+00 0.000000000000000000e+00 0.000000000000000000e+00
1.939999999999999947e+00 2.531132312139059981e-01 0.000000000000000000e+00 0.000000000000000000e+00 0.000000000000000000e+00
1.949999999999999956e+00 2.507585288899970011e-01 0.000000000000000000e+00 0.000000000000000000e+00 0.000000000000000000e+00
1.959999999999999964e+00 2.486072978826170121e-01 0.000000000000000000e+00 0.000000000000000000e+00 0.000000000000000000e+00
1.969999999999999973e+00 2.466599854606159881e-01 0.000000000000000000e+00 0.000000000000000000e+00 0.000000000000000000e+00
1.979999999999999982e+00 2.449165068474480067e-01 0.000000000000000000e+00 0.000000000000000000e+00 0.000000000000000000e+00
1.989999999999999991e+00 2.433763399631299895e-01 0.000000000000000000e+00 0.000000000000000000e+00 0.000000000000000000e+00
2.000000000000000000e+00 2.420384524913629931e-01 0.000000000000000000e+00 0.000000000000000000e+00 0.000000000000000000e+00
2.009999999999999787e+00 2.409013829591170053e-01 0.000000000000000000e+00 0.000000000000000000e+00 0.000000000000000000e+00
2.020000000000000018e+00 2.399631853273259952e-01 0.000000000000000000e+00 0.000000000000000000e+00 0.000000000000000000e+00
2.029999999999999805e+00 2.392214973516680054e-01 0.000000000000000000e+00 0.000000000000000000e+00 0.000000000000000000e+00
2.040000000000000036e+00 2.386735008082470078e-01 0.000000000000000000e+00 0.000000000000000000e+00 0.000000000000000000e+00
2.049999999999999822e+00 2.383159783623939876e-01 0.000000000000000000e+00 0.000000000000000000e+00 0.000000000000000000e+00
2.060000000000000053e+00 2.381452883771590090e-01 0.000000000000000000e+00 0.000000000000000000e+00 0.000000000000000000e+00
2.069999999999999840e+00 2.381574113785280000e-01 0.000000000000000000e+00 0.000000000000000000e+00 0.000000000000000000e+00
2.080000000000000071e+00 2.383479376469790079e-01 0.000000000000000000e+00 0.000000000000000000e+00 0.000000000000000000e+00
2.089999999999999858e+00 2.387121044567009909e-01 0.000000000000000000e+00 0.000000000000000000e+00 0.000000000000000000e+00
2.100000000000000089e+00 2.392447952765580088e-01 0.000000000000000000e+00 0.000000000000000000e+00 0.000000000000000000e+00
2.109999999999999876e+00 2.399405687354360106e-01 0.000000000000000000e+00 0.000000000000000000e+00 0.000000000000000000e+00
2.120000000000000107e+00 2.407936679461530061e-01 0.000000000000000000e+00 0.000000000000000000e+00 0.000000000000000000e+00
2.129999999999999893e+00 2.417980421382709966e-01 0.000000000000000000e+00 0.000000000000000000e+00 0.000000000000000000e+00
2.140000000000000124e+00 2.429473649939589974e-01 0.000000000000000000e+00 0.000000000000000000e+00 0.000000000000000000e+00
2.149999999999999911e+00 2.442350496575199925e-01 0.000000000000000000e+00 0.000000000000000000e+00 0.000000000000000000e+00
2.160000000000000142e+00 2.456542749692950112e-01 0.000000000000000000e+00 0.000000000000000000e+00 0.000000000000000000e+00
2.169999999999999929e+00 2.471979945261529865e-01 0.000000000000000000e+00 0.000000000000000000e+00 0.000000000000000000e+00
2.180000000000000160e+00 2.488589698089080093e-01 0.000000000000000000e+00 0.000000000000000000e+00 0.000000000000000000e+00
2.189999999999999947e+00 2.506297737678049864e-01 0.000000000000000000e+00 0.000000000000000000e+00 0.000000000000000000e+00
2.200000000000000178e+00 2.525028300736770204e-01 0.000000000000000000e+00 0.000000000000000000e+00 0.000000000000000000e+00
2.209999999999999964e+00 2.544704116799729743e-01 0.000000000000000000e+00 0.000000000000000000e+00 0.000000000000000000e+00
2.220000000000000195e+00 2.565246852775669995e-01 0.000000000000000000e+00 0.000000000000000000e+00 0.000000000000000000e+00
2.229999999999999982e+00 2.586577051268250105e-01 0.000000000000000000e+00 0.000000000000000000e+00 0.000000000000000000e+00
2.240000000000000213e+00 2.608614622326609900e-01 0.000000000000000000e+00 0.000000000000000000e+00 0.000000000000000000e+00
2.250000000000000000e+00 2.631278737434000203e-01 0.000000000000000000e+00 0.000000000000000000e+00 0.000000000000000000e+00
2.259999999999999787e+00 2.654488359680349796e-01 0.000000000000000000e+00 0.000000000000000000e+00 0.000000000000000000e+00
2.270000000000000018e+00 2.678162095155040001e-01 0.000000000000000000e+00 0.000000000000000000e+00 0.000000000000000000e+00
2.279999999999999805e+00 2.702218759052270047e-01 0.000000000000000000e+00 0.000000000000000000e+00 0.000000000000000000e+00
2.290000000000000036e+00 2.726577186495450222e-01 0.000000000000000000e+00 0.000000000000000000e+00 0.000000000000000000e+00
2.299999999999999822e+00 2.751156825811120199e-01 0.000000000000000000e+00 0.000000000000000000e+00 0.000000000000000000e+00
2.310000000000000053e+00 2.775877509897750062e-01 0.000000000000000000e+00 0.000000000000000000e+00 0.000000000000000000e+00
2.319999999999999840e+00 2.800660076052109981e-01 0.000000000000000000e+00 0.000000000000000000e+00 0.000000000000000000e+00
2.330000000000000071e+00 2.825426099466569752e-01 0.000000000000000000e+00 0.000000000000000000e+00 0.000000000000000000e+00
2.339999999999999858e+00 2.850098530588839885e-01 0.000000000000000000e+00 0.000000000000000000e+00 0.000000000000000000e+00
2.350000000000000089e+00 2.874601391671959827e-01 0.000000000000000000e+00 0.000000000000000000e+00 0.000000000000000000e+00
2.359999999999999876e+00 2.898860432564889789e-01 0.000000000000000000e+00 0.000000000000000000e+00 0.000000000000000000e+00
2.370000000000000107e+00 2.922802791786159871e-01 0.000000000000000000e+00 0.000000000000000000e+00 0.000000000000000000e+00
2.379999999999999893e+00 2.946357661360690106e-01 0.000000000000000000e+00 0.000000000000000000e+00 0.000000000000000000e+00
2.390000000000000124e+00 2.969455913486009901e-01 0.000000000000000000e+00 0.000000000000000000e+00 0.000000000000000000e+00
2.399999999999999911e+00 2.992030776468410092e-01 0.000000000000000000e+00 0.000000000000000000e+00 0.000000000000000000e+00
2.410000000000000142e+00 3.014017428630599849e-01 0.000000000000000000e+00 0.000000000000000000e+00 0.000000000000000000e+00
2.419999999999999929e+00 3.035353675533610240e-01 0.000000000000000000e+00 0.000000000000000000e+00 0.000000000000000000e+00
2.430000000000000160e+00 3.055979512636020079e-01 0.000000000000000000e+00 0.000000000000000000e+00 0.000000000000000000e+00
2.439999999999999947e+00 3.075837806658269780e-01 0.000000000000000000e+00 0.000000000000000000e+00 0.000000000000000000e+00
2.450000000000000178e+00 3.094873828971890228e-01 0.000000000000000000e+00 0.000000000000000000e+00 0.000000000000000000e+00
2.459999999999999964e+00 3.113035931012980151e-01 0.000000000000000000e+00 0.000000000000000000e+00 0.000000000000000000e+00
2.470000000000000195e+00 3.130275050449989882e-01 0.000000000000000000e+00 0.000000000000000000e+00 0.000000000000000000e+00
2.479999999999999982e+00 3.146545384034579729e-01 0.000000000000000000e+00 0.000000000000000000e+00 0.000000000000000000e+00
2.490000000000000213e+00 3.161803868975899823e-01 0.000000000000000000e+00 0.000000000000000000e+00 0.000000000000000000e+00
2.500000000000000000e+00 3.176010842975620085e-01 0.000000000000000000e+00 0.000000000000000000e+00 0.000000000000000000e+00
2.509999999999999787e+00 3.189129503468269844e-01 0.000000000000000000e+00 0.000000000000000000e+00 0.000000000000000000e+00
2.520000000000000018e+00 3.201126558552440104e-01 0.000000000000000000e+00 0.000000000000000000e+00 0.000000000000000000e+00
2.529999999999999805e+00 3.211971666933399749e-01 0.000000000000000000e+00 0.000000000000000000e+00 0.000000000000000000e+00
2.540000000000000036e+00 3.221638069637570156e-01 0.000000000000000000e+00 0.000000000000000000e+00 0.000000000000000000e+00
2.549999999999999822e+00 3.230102013802439997e-01 0.000000000000000000e+00 0.000000000000000000e+00 0.000000000000000000e+00
2.560000000000000053e+00 3.237343369146890026e-01 0.000000000000000000e+00 0.000000000000000000e+00 0.000000000000000000e+00
2.569999999999999840e+00 3.243345038659100066e-01 0.000000000000000000e+00 0.000000000000000000e+00 0.000000000000000000e+00
2.580000000000000071e+00 3.248093550238659866e-01 0.000000000000000000e+00 0.000000000000000000e+00 0.000000000000000000e+00
2.589999999999999858e+00 3.251578457766610142e-01 0.000000000000000000e+00 0.000000000000000000e+00 0.000000000000000000e+00
2.600000000000000089e+00 3.253792912026770012e-01 0.000000000000000000e+00 0.000000000000000000e+00 0.000000000000000000e+00
2.609999999999999876e+00 3.254733055213909765e-01 0.000000000000000000e+00 0.000000000000000000e+00 0.000000000000000000e+00
2.620000000000000107e+00 3.254398562574319920e-01 0.000000000000000000e+00 0.000000000000000000e+00 0.000000000000000000e+00
2.629999999999999893e+00 3.252792033766430113e-01 0.000000000000000000e+00 0.000000000000000000e+00 0.000000000000000000e+00
2.640000000000000124e+00 3.249919509619579872e-01 0.000000000000000000e+00 0.000000000000000000e+00 0.000000000000000000e+00
2.649999999999999911e+00 3.245789863068200276e-01 0.000000000000000000e+00 0.000000000000000000e+00 0.000000000000000000e+00
2.660000000000000142e+00 3.240415283916580069e-01 0.000000000000000000e+00 0.000000000000000000e+00 0.000000000000000000e+00
2.669999999999999929e+00 3.233810672309579970e-01 0.000000000000000000e+00 0.000000000000000000e+00 0.000000000000000000e+00
2.680000000000000160e+00 3.225994096333479888e-01 0.000000000000000000e+00 0.000000000000000000e+00 0.000000000000000000e+00
2.689999999999999947e+00 3.216986190242849819e-01 0.000000000000000000e+00 0.000000000000000000e+00 0.000000000000000000e+00
2.700000000000000178e+00 3.206810579320130139e-01 0.000000000000000000e+00 0.000000000000000000e+00 0.000000000000000000e+00
2.709999999999999964e+00 3.195493285187069876e-01 0.000000000000000000e+00 0.000000000000000000e+00 0.000000000000000000e+00
2.720000000000000195e+00 3.183063123255530091e-01 0.000000000000000000e+00 0.000000000000000000e+00 0.000000000000000000e+00
2.729999999999999982e+00 3.169551116804840141e-01 0.000000000000000000e+00 0.000000000000000000e+00 0.000000000000000000e+00
2.740000000000000213e+00 3.154990862785340133e-01 0.000000000000000000e+00 0.000000000000000000e+00 0.000000000000000000e+00
2.750000000000000000e+00 3.139417956487490224e-01 0.000000000000000000e+00 0.000000000000000000e+00 0.000000000000000000e+00
2.759999999999999787e+00 3.122870331258230103e-01 0.000000000000000000e+00 0.000000000000000000e+00 0.000000000000000000e+00
2.770000000000000018e+00 3.105387695268910231e-01 0.000000000000000000e+00 0.000000000000000000e+00 0.000000000000000000e+00
2.779999999999999805e+00 3.087011841580920013e-01 0.000000000000000000e+00 0.000000000000000000e+00 0.000000000000000000e+00
2.790000000000000036e+00 3.067786098925109894e-01 0.000000000000000000e+00 0.000000000000000000e+00 0.000000000000000000e+00
2.799999999999999822e+00 3.047755617223280034e-01 0.000000000000000000e+00 0.000000000000000000e+00 0.000000000000000000e+00
2.810000000000000053e+00 3.026966834360619862e-01 0.000000000000000000e+00 0.000000000000000000e+00 0.000000000000000000e+00
2.819999999999999840e+00 3.005467733431410049e-01 0.000000000000000000e+00 0.000000000000000000e+00 0.000000000000000000e+00
2.830000000000000071e+00 2.983307328226300070e-01 0.000000000000000000e+00 0.000000000000000000e+00 0.000000000000000000e+00
2.839999999999999858e+00 2.960535896040840109e-01 0.000000000000000000e+00 0.000000000000000000e+00 0.000000000000000000e+00
2.850000000000000089e+00 2.937204485119809805e-01 0.000000000000000000e+00 0.000000000000000000e+00 0.000000000000000000e+00
2.859999999999999876e+00 2.913365118137349885e-01 0.000000000000000000e+00 0.000000000000000000e+00 0.000000000000000000e+00
2.870000000000000107e+00 2.889070326015409917e-01 0.000000000000000000e+00 0.000000000000000000e+00 0.000000000000000000e+00
2.879999999999999893e+00 2.864373323749029865e-01 0.000000000000000000e+00 0.000000000000000000e+00 0.000000000000000000e+00
2.890000000000000124e+00 2.839327575690980265e-01 0.000000000000000000e+00 0.000000000000000000e+00 0.000000000000000000e+00
2.899999999999999911e+00 2.813986937108429731e-01 0.000000000000000000e+00 0.000000000000000000e+00 0.000000000000000000e+00
2.910000000000000142e+00 2.788405257598159936e-01 0.000000000000000000e+00 0.000000000000000000e+00 0.000000000000000000e+00
2.919999999999999929e+00 2.762636487252579931e-01 0.000000000000000000e+00 0.000000000000000000e+00 0.000000000000000000e+00
2.930000000000000160e+00 2.736734325185289918e-01 0.000000000000000000e+00 0.000000000000000000e+00 0.000000000000000000e+00
2.939999999999999947e+00 2.710752282245930123e-01 0.000000000000000000e+00 0.000000000000000000e+00 0.000000000000000000e+00
2.950000000000000178e+00 2.684743383408559891e-01 0.000000000000000000e+00 0.000000000000000000e+00 0.000000000000000000e+00
2.959999999999999964e+00 2.658760183113790254e-01 0.000000000000000000e+00 0.000000000000000000e+00 0.000000000000000000e+00
2.970000000000000195e+00 2.632854529436050028e-01 0.000000000000000000e+00 0.000000000000000000e+00 0.000000000000000000e+00
2.979999999999999982e+00 2.607077524193799900e-01 0.000000000000000000e+00 0.000000000000000000e+00 0.000000000000000000e+00
2.990000000000000213e+00 2.581479358328739870e-01 0.000000000000000000e+00 0.000000000000000000e+00 0.000000000000000000e+00
3.000000000000000000e+00 2.556109211161239902e-01 0.000000000000000000e+00 0.000000000000000000e+00 0.000000000000000000e+00
3.009999999999999787e+00 2.531015163536670110e-01 0.000000000000000000e+00 0.000000000000000000e+00 0.000000000000000000e+00
3.020000000000000018e+00 2.506244031809879980e-01 0.000000000000000000e+00 0.000000000000000000e+00 0.000000000000000000e+00
3.029999999999999805e+00 2.481841366131539994e-01 0.000000000000000000e+00 0.000000000000000000e+00 0.000000000000000000e+00
3.040000000000000036e+00 2.457851213869680085e-01 0.000000000000000000e+00 0.000000000000000000e+00 0.000000000000000000e+00
3.049999999999999822e+00 2.434316205270810052e-01 0.000000000000000000e+00 0.000000000000000000e+00 0.000000000000000000e+00
3.060000000000000053e+00 2.411277249091050012e-01 0.000000000000000000e+00 0.000000000000000000e+00 0.000000000000000000e+00
3.069999999999999840e+00 2.388773707890849973e-01 0.000000000000000000e+00 0.000000000000000000e+00 0.000000000000000000e+00
3.080000000000000071e+00 2.366843022849539901e-01 0.000000000000000000e+00 0.000000000000000000e+00 0.000000000000000000e+00
3.089999999999999858e+00 2.345520974700660011e-01 0.000000000000000000e+00 0.000000000000000000e+00 0.000000000000000000e+00
3.100000000000000089e+00 2.324841249620250017e-01 0.000000000000000000e+00 0.000000000000000000e+00 0.000000000000000000e+00
3.109999999999999876e+00 2.304835781675770023e-01 0.000000000000000000e+00 0.000000000000000000e+00 0.000000000000000000e+00
3.120000000000000107e+00 2.285534259216649988e-01 0.000000000000000000e+00 0.000000000000000000e+00 0.000000000000000000e+00
3.129999999999999893e+00 2.266964539381779997e-01 0.000000000000000000e+00 0.000000000000000000e+00 0.000000000000000000e+00
3.140000000000000124e+00 2.249152114572849914e-01 0.000000000000000000e+00 0.000000000000000000e+00 0.000000000000000000e+00
3.149999999999999911e+00 2.232120589938640098e-01 0.000000000000000000e+00 0.000000000000000000e+00 0.000000000000000000e+00
3.160000000000000142e+00 2.215891110108459960e-01 0.000000000000000000e+00 0.000000000000000000e+00 0.000000000000000000e+00
3.169999999999999929e+00 2.200482887803399956e-01 0.000000000000000000e+00 0.000000000000000000e+00 0.000000000000000000e+00
3.180000000000000160e+00 2.185912614040430024e-01 0.000000000000000000e+00 0.000000000000000000e+00 0.000000000000000000e+00
3.189999999999999947e+00 2.172195026972179865e-01 0.000000000000000000e+00 0.000000000000000000e+00 0.000000000000000000e+00
3.200000000000000178e+00 2.159342304252800104e-01 0.000000000000000000e+00 0.000000000000000000e+00 0.000000000000000000e+00
3.209999999999999964e+00 2.147364661210859893e-01 0.000000000000000000e+00 0.000000000000000000e+00 0.000000000000000000e+00
3.220000000000000195e+00 2.136269747988930046e-01 0.000000000000000000e+00 0.000000000000000000e+00 0.000000000000000000e+00
3.229999999999999982e+00 2.126063266980539879e-01 0.000000000000000000e+00 0.000000000000000000e+00 0.000000000000000000e+00
3.240000000000000213e+00 2.116748370985249983e-01 0.000000000000000000e+00 0.000000000000000000e+00 0.000000000000000000e+00
3.250000000000000000e+00 2.108326291730530100e-01 0.000000000000000000e+00 0.000000000000000000e+00 0.000000000000000000e+00
3.259999999999999787e+00 2.100795758446230010e-01 0.000000000000000000e+00 0.000000000000000000e+00 0.000000000000000000e+00
3.270000000000000018e+00 2.094153629462690014e-01 0.000000000000000000e+00 0.000000000000000000e+00 0.000000000000000000e+00
3.279999999999999805e+00 2.088394325343269908e-01 0.000000000000000000e+00 0.000000000000000000e+00 0.000000000000000000e+00
3.290000000000000036e+00 2.083510458346120031e-01 0.000000000000000000e+00 0.000000000000000000e+00 0.000000000000000000e+00
3.299999999999999822e+00 2.079492295338299934e-01 0.000000000000000000e+00 0.000000000000000000e+00 0.000000000000000000e+00
3.310000000000000053e+00 2.076328379232990073e-01 0.000000000000000000e+00 0.000000000000000000e+00 0.000000000000000000e+00
3.319999999999999840e+00 2.074005014827610127e-01 0.000000000000000000e+00 0.000000000000000000e+00 0.000000000000000000e+00
3.330000000000000071e+00 2.072506879262409896e-01 0.000000000000000000e+00 0.000000000000000000e+00 0.000000000000000000e+00
3.339999999999999858e+00 2.071816541985539994e-01 0.000000000000000000e+00 0.000000000000000000e+00 0.000000000000000000e+00
3.350000000000000089e+00 2.071915060002290088e-01 0.000000000000000000e+00 0.000000000000000000e+00 0.000000000000000000e+00
3.359999999999999876e+00 2.072781525143579939e-01 0.000000000000000000e+00 0.000000000000000000e+00 0.000000000000000000e+00
3.370000000000000107e+00 2.074393642646349956e-01 0.000000000000000000e+00 0.000000000000000000e+00 0.000000000000000000e+00
3.379999999999999893e+00 2.076727313356709903e-01 0.000000000000000000e+00 0.000000000000000000e+00 0.000000000000000000e+00
3.390000000000000124e+00 2.079757192716820136e-01 0.000000000000000000e+00 0.000000000000000000e+00 0.000000000000000000e+00
3.399999999999999911e+00 2.083456301698899948e-01 0.000000000000000000e+00 0.000000000000000000e+00 0.000000000000000000e+00
3.410000000000000142e+00 2.087796565525029957e-01 0.000000000000000000e+00 0.000000000000000000e+00 0.000000000000000000e+00
3.419999999999999929e+00 2.092748458209690021e-01 0.000000000000000000e+00 0.000000000000000000e+00 0.000000000000000000e+00
3.430000000000000160e+00 2.098281518981590099e-01 0.000000000000000000e+00 0.000000000000000000e+00 0.000000000000000000e+00
3.439999999999999947e+00 2.104364025085870005e-01 0.000000000000000000e+00 0.000000000000000000e+00 0.000000000000000000e+00
3.450000000000000178e+00 2.110963485575020060e-01 0.000000000000000000e+00 0.000000000000000000e+00 0.000000000000000000e+00
3.459999999999999964e+00 2.118046345262880048e-01 0.000000000000000000e+00 0.000000000000000000e+00 0.000000000000000000e+00
3.470000000000000195e+00 2.125578454463590006e-01 0.000000000000000000e+00 0.000000000000000000e+00 0.000000000000000000e+00
3.479999999999999982e+00 2.133524799586850040e-01 0.000000000000000000e+00 0.000000000000000000e+00 0.000000000000000000e+00
3.490000000000000213e+00 2.141849948575360041e-01 0.000000000000000000e+00 0.000000000000000000e+00 0.000000000000000000e+00
3.500000000000000000e+00 2.150517809750810139e-01 0.000000000000000000e+00 0.000000000000000000e+00 0.000000000000000000e+00
3.509999999999999787e+00 2.159492051876419905e-01 0.000000000000000000e+00 0.000000000000000000e+00 0.000000000000000000e+00
3.520000000000000018e+00 2.168735887518410121e-01 0.000000000000000000e+00 0.000000000000000000e+00 0.000000000000000000e+00
3.529999999999999805e+00 2.178212467434499922e-01 0.000000000000000000e+00 0.000000000000000000e+00 0.000000000000000000e+00
3.540000000000000036e+00 2.187884689284479989e-01 0.000000000000000000e+00 0.000000000000000000e+00 0.000000000000000000e+00
3.549999999999999822e+00 2.197715565544089977e-01 0.000000000000000000e+00 0.000000000000000000e+00 0.000000000000000000e+00
3.560000000000000053e+00 2.207668054382030121e-01 0.000000000000000000e+00 0.000000000000000000e+00 0.000000000000000000e+00
3.569999999999999840e+00 2.217705400763949897e-01 0.000000000000000000e+00 0.000000000000000000e+00 0.000000000000000000e+00
3.580000000000000071e+00 2.227790989937719901e-01 0.000000000000000000e+00 0.000000000000000000e+00 0.000000000000000000e+00
3.589999999999999858e+00 2.237888661148390024e-01 0.000000000000000000e+00 0.000000000000000000e+00 0.000000000000000000e+00
3.600000000000000089e+00 2.247962580919360132e-01 0.000000000000000000e+00 0.000000000000000000e+00 0.000000000000000000e+00
3.609999999999999876e+00 2.257977529015079976e-01 0.000000000000000000e+00 0.000000000000000000e+00 0.000000000000000000e+00
3.620000000000000107e+00 2.267898791909239986e-01 0.000000000000000000e+00 0.000000000000000000e+00 0.000000000000000000e+00
3.629999999999999893e+00 2.277692420542929974e-01 0.000000000000000000e+00 0.000000000000000000e+00 0.000000000000000000e+00
3.640000000000000124e+00 2.287325141428810105e-01 0.000000000000000000e+00 0.000000000000000000e+00 0.000000000000000000e+00
3.649999999999999911e+00 2.296764585902690003e-01 0.000000000000000000e+00 0.000000000000000000e+00 0.000000000000000000e+00
3.660000000000000142e+00 2.305979219330069885e-01 0.000000000000000000e+00 0.000000000000000000e+00 0.000000000000000000e+00
3.669999999999999929e+00 2.314938541469150068e-01 0.000000000000000000e+00 0.000000000000000000e+00 0.000000000000000000e+00
3.680000000000000160e+00 2.323613031508260096e-01 0.000000000000000000e+00 0.000000000000000000e+00 0.000000000000000000e+00
3.689999999999999947e+00 2.331974319358390002e-01 0.000000000000000000e+00 0.000000000000000000e+00 0.000000000000000000e+00
3.700000000000000178e+00 2.339995147067820136e-01 0.000000000000000000e+00 0.000000000000000000e+00 0.000000000000000000e+00
3.709999999999999964e+00 2.347649510694919950e-01 0.000000000000000000e+00 0.000000000000000000e+00 0.000000000000000000e+00
3.720000000000000195e+00 2.354912636198270015e-01 0.000000000000000000e+00 0.000000000000000000e+00 0.000000000000000000e+00
3.729999999999999982e+00 2.361761091915390021e-01 0.000000000000000000e+00 0.000000000000000000e+00 0.000000000000000000e+00
3.740000000000000213e+00 2.368172779391919947e-01 0.000000000000000000e+00 0.000000000000000000e+00 0.000000000000000000e+00
3.750000000000000000e+00 2.374127016193590123e-01 0.000000000000000000e+00 0.000000000000000000e+00 0.000000000000000000e+00
3.759999999999999787e+00 2.379604540256020084e-01 0.000000000000000000e+00 0.000000000000000000e+00 0.000000000000000000e+00
3.770000000000000018e+00 2.384587563313929903e-01 0.000000000000000000e+00 0.000000000000000000e+00 0.000000000000000000e+00
3.779999999999999805e+00 2.389059788980809895e-01 0.000000000000000000e+00 0.000000000000000000e+00 0.000000000000000000e+00
3.790000000000000036e+00 2.393006436612969967e-01 0.000000000000000000e+00 0.000000000000000000e+00 0.000000000000000000e+00
3.799999999999999822e+00 2.396414272344150054e-01 0.000000000000000000e+00 0.000000000000000000e+00 0.000000000000000000e+00
3.810000000000000053e+00 2.399271603943740061e-01 0.000000000000000000e+00 0.000000000000000000e+00 0.000000000000000000e+00
3.819999999999999840e+00 2.401568324558989997e-01 0.000000000000000000e+00 0.000000000000000000e+00 0.000000000000000000e+00
3.830000000000000071e+00 2.403295878544680075e-01 0.000000000000000000e+00 0.000000000000000000e+00 0.000000000000000000e+00
3.839999999999999858e+00 2.404447317874650047e-01 0.000000000000000000e+00 0.000000000000000000e+00 0.000000000000000000e+00
3.850000000000000089e+00 2.405017239782570038e-01 0.000000000000000000e+00 0.000000000000000000e+00 0.000000000000000000e+00
3.859999999999999876e+00 2.405001854979169906e-01 0.000000000000000000e+00 0.000000000000000000e+00 0.000000000000000000e+00
3.870000000000000107e+00 2.404398897321670114e-01 0.000000000000000000e+00 0.000000000000000000e+00 0.000000000000000000e+00
3.879999999999999893e+00 2.403207704547460077e-01 0.000000000000000000e+00 0.000000000000000000e+00 0.000000000000000000e+00
3.890000000000000124e+00 2.401429101091900054e-01 0.000000000000000000e+00 0.000000000000000000e+00 0.000000000000000000e+00
3.899999999999999911e+00 2.399065489755760061e-01 0.000000000000000000e+00 0.000000000000000000e+00 0.000000000000000000e+00
3.910000000000000142e+00 2.396120708231790075e-01 0.000000000000000000e+00 0.000000000000000000e+00 0.000000000000000000e+00
3.919999999999999929e+00 2.392600133070620083e-01 0.000000000000000000e+00 0.000000000000000000e+00 0.000000000000000000e+00
3.930000000000000160e+00 2.388510511293339966e-01 0.000000000000000000e+00 0.000000000000000000e+00 0.000000000000000000e+00
3.939999999999999947e+00 2.383860074370350024e-01 0.000000000000000000e+00 0.000000000000000000e+00 0.000000000000000000e+00
3.950000000000000178e+00 2.378658345911990046e-01 0.000000000000000000e+00 0.000000000000000000e+00 0.000000000000000000e+00
3.959999999999999964e+00 2.372916267464340034e-01 0.000000000000000000e+00 0.000000000000000000e+00 0.000000000000000000e+00
3.970000000000000195e+00 2.366645983908199913e-01 0.000000000000000000e+00 0.000000000000000000e+00 0.000000000000000000e+00
3.979999999999999982e+00 2.359860978176510082e-01 0.000000000000000000e+00 0.000000000000000000e+00 0.000000000000000000e+00
3.990000000000000213e+00 2.352575835887339983e-01 0.000000000000000000e+00 0.000000000000000000e+00 0.000000000000000000e+00
4.000000000000000000e+00 2.344806390887750058e-01 0.000000000000000000e+00 0.000000000000000000e+00 0.000000000000000000e+00
4.009999999999999787e+00 2.336569471013300037e-01 0.000000000000000000e+00 0.000000000000000000e+00 0.000000000000000000e+00
4.019999999999999574e+00 2.327883051137449866e-01 0.000000000000000000e+00 0.000000000000000000e+00 0.000000000000000000e+00
4.030000000000000249e+00 2.318765982207670051e-01 0.000000000000000000e+00 0.000000000000000000e+00 0.000000000000000000e+00
4.040000000000000036e+00 2.309238153351899914e-01 0.000000000000000000e+00 0.000000000000000000e+00 0.000000000000000000e+00
4.049999999999999822e+00 2.299320206446910098e-01 0.000000000000000000e+00 0.000000000000000000e+00 0.000000000000000000e+00
4.059999999999999609e+00 2.289033703688229948e-01 0.000000000000000000e+00 0.000000000000000000e+00 0.000000000000000000e+00
4.070000000000000284e+00 2.278400830571440105e-01 0.000000000000000000e+00 0.000000000000000000e+00 0.000000000000000000e+00
4.080000000000000071e+00 2.267444569647119879e-01 0.000000000000000000e+00 0.000000000000000000e+00 0.000000000000000000e+00
4.089999999999999858e+00 2.256188394628420024e-01 0.000000000000000000e+00 0.000000000000000000e+00 0.000000000000000000e+00
4.099999999999999645e+00 2.244656446663199911e-01 0.000000000000000000e+00 0.000000000000000000e+00 0.000000000000000000e+00
4.110000000000000320e+00 2.232873223196190082e-01 0.000000000000000000e+00 0.000000000000000000e+00 0.000000000000000000e+00
4.120000000000000107e+00 2.220863756253529941e-01 0.000000000000000000e+00 0.000000000000000000e+00 0.000000000000000000e+00
4.129999999999999893e+00 2.208653299350369914e-01 0.000000000000000000e+00 0.000000000000000000e+00 0.000000000000000000e+00
4.139999999999999680e+00 2.196267504151599992e-01 0.000000000000000000e+00 0.000000000000000000e+00 0.000000000000000000e+00
4.150000000000000355e+00 2.183732317623920116e-01 0.000000000000000000e+00 0.000000000000000000e+00 0.000000000000000000e+00
4.160000000000000142e+00 2.171073299211780105e-01 0.000000000000000000e+00 0.000000000000000000e+00 0.000000000000000000e+00
4.169999999999999929e+00 2.158316700922739972e-01 0.000000000000000000e+00 0.000000000000000000e+00 0.000000000000000000e+00
4.179999999999999716e+00 2.145488473745459923e-01 0.000000000000000000e+00 0.000000000000000000e+00 0.000000000000000000e+00
4.190000000000000391e+00 2.132614624717709961e-01 0.000000000000000000e+00 0.000000000000000000e+00 0.000000000000000000e+00
4.200000000000000178e+00 2.119720973407530074e-01 0.000000000000000000e+00 0.000000000000000000e+00 0.000000000000000000e+00
4.209999999999999964e+00 2.106833204284410122e-01 0.000000000000000000e+00 0.000000000000000000e+00 0.000000000000000000e+00
4.219999999999999751e+00 2.093976836836050071e-01 0.000000000000000000e+00 0.000000000000000000e+00 0.000000000000000000e+00
4.230000000000000426e+00 2.081176643426780049e-01 0.000000000000000000e+00 0.000000000000000000e+00 0.000000000000000000e+00
4.240000000000000213e+00 2.068457528643959931e-01 0.000000000000000000e+00 0.000000000000000000e+00 0.000000000000000000e+00
4.250000000000000000e+00 2.055843724667990036e-01 0.000000000000000000e+00 0.000000000000000000e+00 0.000000000000000000e+00
4.259999999999999787e+00 2.043359055249699963e-01 0.000000000000000000e+00 0.000000000000000000e+00 0.000000000000000000e+00
4.269999999999999574e+00 2.031026754287010017e-01 0.000000000000000000e+00 0.000000000000000000e+00 0.000000000000000000e+00
4.280000000000000249e+00 2.018869492632069940e-01 0.000000000000000000e+00 0.000000000000000000e+00 0.000000000000000000e+00
4.290000000000000036e+00 2.006909333799540007e-01 0.000000000000000000e+00 0.000000000000000000e+00 0.000000000000000000e+00
4.299999999999999822e+00 1.995167422562099946e-01 0.000000000000000000e+00 0.000000000000000000e+00 0.000000000000000000e+00
4.309999999999999609e+00 1.983664412484379969e-01 0.000000000000000000e+00 0.000000000000000000e+00 0.000000000000000000e+00
4.320000000000000284e+00 1.972420062326299961e-01 0.000000000000000000e+00 0.000000000000000000e+00 0.000000000000000000e+00
4.330000000000000071e+00 1.961453321437749975e-01 0.000000000000000000e+00 0.000000000000000000e+00 0.000000000000000000e+00
4.339999999999999858e+00 1.950782264806500133e-01 0.000000000000000000e+00 0.000000000000000000e+00 0.000000000000000000e+00
4.349999999999999645e+00 1.940424050436629910e-01 0.000000000000000000e+00 0.000000000000000000e+00 0.000000000000000000e+00
4.360000000000000320e+00 1.930394900513839884e-01 0.000000000000000000e+00 0.000000000000000000e+00 0.000000000000000000e+00
4.370000000000000107e+00 1.920710081358200094e-01 0.000000000000000000e+00 0.000000000000000000e+00 0.000000000000000000e+00
4.379999999999999893e+00 1.911383834565660023e-01 0.000000000000000000e+00 0.000000000000000000e+00 0.000000000000000000e+00
4.389999999999999680e+00 1.902429362770529930e-01 0.000000000000000000e+00 0.000000000000000000e+00 0.000000000000000000e+00
4.400000000000000355e+00 1.893858896384580104e-01 0.000000000000000000e+00 0.000000000000000000e+00 0.000000000000000000e+00
4.410000000000000142e+00 1.885683494674849914e-01 0.000000000000000000e+00 0.000000000000000000e+00 0.000000000000000000e+00
4.419999999999999929e+00 1.877913213782470003e-01 0.000000000000000000e+00 0.000000000000000000e+00 0.000000000000000000e+00
4.429999999999999716e+00 1.870556946191850034e-01 0.000000000000000000e+00 0.000000000000000000e+00 0.000000000000000000e+00
4.440000000000000391e+00 1.863622451613579922e-01 0.000000000000000000e+00 0.000000000000000000e+00 0.000000000000000000e+00
4.450000000000000178e+00 1.857116527511409876e-01 0.000000000000000000e+00 0.000000000000000000e+00 0.000000000000000000e+00
4.459999999999999964e+00 1.851044646952290096e-01 0.000000000000000000e+00 0.000000000000000000e+00 0.000000000000000000e+00
4.469999999999999751e+00 1.845411293189309909e-01 0.000000000000000000e+00 0.000000000000000000e+00 0.000000000000000000e+00
4.480000000000000426e+00 1.840219728892190099e-01 0.000000000000000000e+00 0.000000000000000000e+00 0.000000000000000000e+00
4.490000000000000213e+00 1.835472059509080101e-01 0.000000000000000000e+00 0.000000000000000000e+00 0.000000000000000000e+00
4.500000000000000000e+00 1.831169513395549953e-01 0.000000000000000000e+00 0.000000000000000000e+00 0.000000000000000000e+00
4.509999999999999787e+00 1.827311913769670004e-01 0.000000000000000000e+00 0.000000000000000000e+00 0.000000000000000000e+00
4.519999999999999574e+00 1.823898167801089876e-01 0.000000000000000000e+00 0.000000000000000000e+00 0.000000000000000000e+00
4.530000000000000249e+00 1.820925991601859972e-01 0.000000000000000000e+00 0.000000000000000000e+00 0.000000000000000000e+00
4.540000000000000036e+00 1.818391999582059937e-01 0.000000000000000000e+00 0.000000000000000000e+00 0.000000000000000000e+00
4.549999999999999822e+00 1.816292020840399868e-01 0.000000000000000000e+00 0.000000000000000000e+00 0.000000000000000000e+00
4.559999999999999609e+00 1.814620536895009961e-01 0.000000000000000000e+00 0.000000000000000000e+00 0.000000000000000000e+00
4.570000000000000284e+00 1.813371221607369965e-01 0.000000000000000000e+00 0.000000000000000000e+00 0.000000000000000000e+00
4.580000000000000071e+00 1.812536656615889863e-01 0.000000000000000000e+00 0.000000000000000000e+00 0.000000000000000000e+00
4.589999999999999858e+00 1.812108427726989990e-01 0.000000000000000000e+00 0.000000000000000000e+00 0.000000000000000000e+00
4.599999999999999645e+00 1.812077536734429950e-01 0.000000000000000000e+00 0.000000000000000000e+00 0.000000000000000000e+00
4.610000000000000320e+00 1.812433702507300071e-01 0.000000000000000000e+00 0.000000000000000000e+00 0.000000000000000000e+00
4.620000000000000107e+00 1.813166013261879872e-01 0.000000000000000000e+00 0.000000000000000000e+00 0.000000000000000000e+00
4.629999999999999893e+00 1.814262631829380024e-01 0.000000000000000000e+00 0.000000000000000000e+00 0.000000000000000000e+00
4.639999999999999680e+00 1.815710902793979953e-01 0.000000000000000000e+00 0.000000000000000000e+00 0.000000000000000000e+00
4.650000000000000355e+00 1.817497738944930108e-01 0.000000000000000000e+00 0.000000000000000000e+00 0.000000000000000000e+00
4.660000000000000142e+00 1.819608992431029915e-01 0.000000000000000000e+00 0.000000000000000000e+00 0.000000000000000000e+00
4.669999999999999929e+00 1.822030067434229905e-01 0.000000000000000000e+00 0.000000000000000000e+00 0.000000000000000000e+00
4.679999999999999716e+00 1.824745648521090002e-01 0.000000000000000000e+00 0.000000000000000000e+00 0.000000000000000000e+00
4.690000000000000391e+00 1.827739805612839941e-01 0.000000000000000000e+00 0.000000000000000000e+00 0.000000000000000000e+00
4.700000000000000178e+00 1.830996428896249917e-01 0.000000000000000000e+00 0.000000000000000000e+00 0.000000000000000000e+00
4.709999999999999964e+00 1.834498534414679971e-01 0.000000000000000000e+00 0.000000000000000000e+00 0.000000000000000000e+00
4.719999999999999751e+00 1.838228922575269875e-01 0.000000000000000000e+00 0.000000000000000000e+00 0.000000000000000000e+00
4.730000000000000426e+00 1.842169913554989880e-01 0.000000000000000000e+00 0.000000000000000000e+00 0.000000000000000000e+00
4.740000000000000213e+00 1.846303443165500102e-01 0.000000000000000000e+00 0.000000000000000000e+00 0.000000000000000000e+00
4.750000000000000000e+00 1.850611527548010060e-01 0.000000000000000000e+00 0.000000000000000000e+00 0.000000000000000000e+00
4.759999999999999787e+00 1.855075527835239879e-01 0.000000000000000000e+00 0.000000000000000000e+00 0.000000000000000000e+00
4.769999999999999574e+00 1.859676829537039999e-01 0.000000000000000000e+00 0.000000000000000000e+00 0.000000000000000000e+00
4.780000000000000249e+00 1.864396594742419866e-01 0.000000000000000000e+00 0.000000000000000000e+00 0.000000000000000000e+00
4.790000000000000036e+00 1.869215846200739939e-01 0.000000000000000000e+00 0.000000000000000000e+00 0.000000000000000000e+00
4.799999999999999822e+00 1.874115916631929890e-01 0.000000000000000000e+00 0.000000000000000000e+00 0.000000000000000000e+00
4.809999999999999609e+00 1.879077743615250040e-01 0.000000000000000000e+00 0.000000000000000000e+00 0.000000000000000000e+00
4.820000000000000284e+00 1.884082522962249873e-01 0.000000000000000000e+00 0.000000000000000000e+00 0.000000000000000000e+00
4.830000000000000071e+00 1.889111474877719909e-01 0.000000000000000000e+00 0.000000000000000000e+00 0.000000000000000000e+00
4.839999999999999858e+00 1.894145929389680072e-01 0.000000000000000000e+00 0.000000000000000000e+00 0.000000000000000000e+00
4.849999999999999645e+00 1.899167701627759997e-01 0.000000000000000000e+00 0.000000000000000000e+00 0.000000000000000000e+00
4.860000000000000320e+00 1.904158513183419887e-01 0.000000000000000000e+00 0.000000000000000000e+00 0.000000000000000000e+00
4.870000000000000107e+00 1.909100536776009993e-01 0.000000000000000000e+00 0.000000000000000000e+00 0.000000000000000000e+00
4.879999999999999893e+00 1.913976204384109925e-01 0.000000000000000000e+00 0.000000000000000000e+00 0.000000000000000000e+00
4.889999999999999680e+00 1.918768378046490086e-01 0.000000000000000000e+00 0.000000000000000000e+00 0.000000000000000000e+00
4.900000000000000355e+00 1.923460274782650137e-01 0.000000000000000000e+00 0.000000000000000000e+00 0.000000000000000000e+00
4.910000000000000142e+00 1.928035525530860106e-01 0.000000000000000000e+00 0.000000000000000000e+00 0.000000000000000000e+00
4.919999999999999929e+00 1.932478456753770057e-01 0.000000000000000000e+00 0.000000000000000000e+00 0.000000000000000000e+00
4.929999999999999716e+00 1.936773666308209962e-01 0.000000000000000000e+00 0.000000000000000000e+00 0.000000000000000000e+00
4.940000000000000391e+00 1.940906430709999908e-01 0.000000000000000000e+00 0.000000000000000000e+00 0.000000000000000000e+00
4.950000000000000178e+00 1.944862557322160068e-01 0.000000000000000000e+00 0.000000000000000000e+00 0.000000000000000000e+00
4.959999999999999964e+00 1.948628443854900083e-01 0.000000000000000000e+00 0.000000000000000000e+00 0.000000000000000000e+00
4.969999999999999751e+00 1.952191307474450133e-01 0.000000000000000000e+00 0.000000000000000000e+00 0.000000000000000000e+00
4.980000000000000426e+00 1.955538829455789884e-01 0.000000000000000000e+00 0.000000000000000000e+00 0.000000000000000000e+00
4.990000000000000213e+00 1.958659484465629930e-01 0.000000000000000000e+00 0.000000000000000000e+00 0.000000000000000000e+00
5.000000000000000000e+00 1.961542424080099933e-01 0.000000000000000000e+00 0.000000000000000000e+00 0.000000000000000000e+00
5.009999999999999787e+00 1.964177571114610055e-01 0.000000000000000000e+00 0.000000000000000000e+00 0.000000000000000000e+00
5.019999999999999574e+00 1.966555573297389947e-01 0.000000000000000000e+00 0.000000000000000000e+00 0.000000000000000000e+00
5.030000000000000249e+00 1.968667875775889919e-01 0.000000000000000000e+00 0.000000000000000000e+00 0.000000000000000000e+00
5.040000000000000036e+00 1.970506685199230057e-01 0.000000000000000000e+00 0.000000000000000000e+00 0.000000000000000000e+00
5.049999999999999822e+00 1.972064989416670022e-01 0.000000000000000000e+00 0.000000000000000000e+00 0.000000000000000000e+00
5.059999999999999609e+00 1.973336684575709987e-01 0.000000000000000000e+00 0.000000000000000000e+00 0.000000000000000000e+00
5.070000000000000284e+00 1.974316363628139948e-01 0.000000000000000000e+00 0.000000000000000000e+00 0.000000000000000000e+00
5.080000000000000071e+00 1.974999495655440085e-01 0.000000000000000000e+00 0.000000000000000000e+00 0.000000000000000000e+00
5.089999999999999858e+00 1.975382355247790045e-01 0.000000000000000000e+00 0.000000000000000000e+00 0.000000000000000000e+00
5.099999999999999645e+00 1.975462054518110078e-01 0.000000000000000000e+00 0.000000000000000000e+00 0.000000000000000000e+00
5.110000000000000320e+00 1.975236521158640068e-01 0.000000000000000000e+00 0.000000000000000000e+00 0.000000000000000000e+00
5.120000000000000107e+00 1.974704513519320026e-01 0.000000000000000000e+00 0.000000000000000000e+00 0.000000000000000000e+00
5.129999999999999893e+00 1.973865599112150093e-01 0.000000000000000000e+00 0.000000000000000000e+00 0.000000000000000000e+00
5.139999999999999680e+00 1.972720160537579925e-01 0.000000000000000000e+00 0.000000000000000000e+00 0.000000000000000000e+00
5.150000000000000355e+00 1.971269378562220120e-01 0.000000000000000000e+00 0.000000000000000000e+00 0.000000000000000000e+00
5.160000000000000142e+00 1.969515225239029943e-01 0.000000000000000000e+00 0.000000000000000000e+00 0.000000000000000000e+00
5.169999999999999929e+00 1.967460451099720120e-01 0.000000000000000000e+00 0.000000000000000000e+00 0.000000000000000000e+00
5.179999999999999716e+00 1.965108566697660042e-01 0.000000000000000000e+00 0.000000000000000000e+00 0.000000000000000000e+00
5.190000000000000391e+00 1.962463834276380048e-01 0.000000000000000000e+00 0.000000000000000000e+00 0.000000000000000000e+00
5.200000000000000178e+00 1.959531252303549909e-01 0.000000000000000000e+00 0.000000000000000000e+00 0.000000000000000000e+00
5.209999999999999964e+00 1.956316491392909862e-01 0.000000000000000000e+00 0.000000000000000000e+00 0.000000000000000000e+00
5.219999999999999751e+00 1.952825953361040090e-01 0.000000000000000000e+00 0.000000000000000000e+00 0.000000000000000000e+00
5.230000000000000426e+00 1.949066678569749966e-01 0.000000000000000000e+00 0.000000000000000000e+00 0.000000000000000000e+00
5.240000000000000213e+00 1.945046364244270021e-01 0.000000000000000000e+00 0.000000000000000000e+00 0.000000000000000000e+00
5.250000000000000000e+00 1.940773334849049958e-01 0.000000000000000000e+00 0.000000000000000000e+00 0.000000000000000000e+00
5.259999999999999787e+00 1.936256429824080028e-01 0.000000000000000000e+00 0.000000000000000000e+00 0.000000000000000000e+00
5.269999999999999574e+00 1.931505133913209993e-01 0.000000000000000000e+00 0.000000000000000000e+00 0.000000000000000000e+00
5.280000000000000249e+00 1.926529413661209889e-01 0.000000000000000000e+00 0.000000000000000000e+00 0.000000000000000000e+00
5.290000000000000036e+00 1.921339762432699994e-01 0.000000000000000000e+00 0.000000000000000000e+00 0.000000000000000000e+00
5.299999999999999822e+00 1.915947160748570077e-01 0.000000000000000000e+00 0.000000000000000000e+00 0.000000000000000000e+00
5.309999999999999609e+00 1.910362909275090115e-01 0.000000000000000000e+00 0.000000000000000000e+00 0.000000000000000000e+00
5.320000000000000284e+00 1.904598847417360019e-01 0.000000000000000000e+00 0.000000000000000000e+00 0.000000000000000000e+00
5.330000000000000071e+00 1.898667111718599920e-01 0.000000000000000000e+00 0.000000000000000000e+00 0.000000000000000000e+00
5.339999999999999858e+00 1.892580208181089962e-01 0.000000000000000000e+00 0.000000000000000000e+00 0.000000000000000000e+00
5.349999999999999645e+00 1.886350964076149994e-01 0.000000000000000000e+00 0.000000000000000000e+00 0.000000000000000000e+00
5.360000000000000320e+00 1.879992334801260101e-01 0.000000000000000000e+00 0.000000000000000000e+00 0.000000000000000000e+00
5.370000000000000107e+00 1.873517663983620130e-01 0.000000000000000000e+00 0.000000000000000000e+00 0.000000000000000000e+00
5.379999999999999893e+00 1.866940403792219927e-01 0.000000000000000000e+00 0.000000000000000000e+00 0.000000000000000000e+00
5.389999999999999680e+00 1.860274204575239898e-01 0.000000000000000000e+00 0.000000000000000000e+00 0.000000000000000000e+00
5.400000000000000355e+00 1.853532863945339948e-01 0.000000000000000000e+00 0.000000000000000000e+00 0.000000000000000000e+00
5.410000000000000142e+00 1.846730094002559941e-01 0.000000000000000000e+00 0.000000000000000000e+00 0.000000000000000000e+00
5.419999999999999929e+00 1.839879854386879954e-01 0.000000000000000000e+00 0.000000000000000000e+00 0.000000000000000000e+00
5.429999999999999716e+00 1.832996015406689883e-01 0.000000000000000000e+00 0.000000000000000000e+00 0.000000000000000000e+00
5.440000000000000391e+00 1.826092469330860002e-01 0.000000000000000000e+00 0.000000000000000000e+00 0.000000000000000000e+00
5.450000000000000178e+00 1.819183074215739992e-01 0.000000000000000000e+00 0.000000000000000000e+00 0.000000000000000000e+00
5.459999999999999964e+00 1.812281437888940139e-01 0.000000000000000000e+00 0.000000000000000000e+00 0.000000000000000000e+00
5.469999999999999751e+00 1.805401226247410063e-01 0.000000000000000000e+00 0.000000000000000000e+00 0.000000000000000000e+00
5.480000000000000426e+00 1.798555849429019915e-01 0.000000000000000000e+00 0.000000000000000000e+00 0.000000000000000000e+00
5.490000000000000213e+00 1.791758570753249902e-01 0.000000000000000000e+00 0.000000000000000000e+00 0.000000000000000000e+00
5.500000000000000000e+00 1.785022456753679876e-01 0.000000000000000000e+00 0.000000000000000000e+00 0.000000000000000000e+00
5.509999999999999787e+00 1.778360138018379999e-01 0.000000000000000000e+00 0.000000000000000000e+00 0.000000000000000000e+00
5.519999999999999574e+00 1.771784170806159908e-01 0.000000000000000000e+00 0.000000000000000000e+00 0.000000000000000000e+00
5.530000000000000249e+00 1.765306767247190045e-01 0.000000000000000000e+00 0.000000000000000000e+00 0.000000000000000000e+00
5.540000000000000036e+00 1.758939606774539977e-01 0.000000000000000000e+00 0.000000000000000000e+00 0.000000000000000000e+00
5.549999999999999822e+00 1.752694221515030126e-01 0.000000000000000000e+00 0.000000000000000000e+00 0.000000000000000000e+00
5.559999999999999609e+00 1.746581710291610079e-01 0.000000000000000000e+00 0.000000000000000000e+00 0.000000000000000000e+00
5.570000000000000284e+00 1.740612582642510064e-01 0.000000000000000000e+00 0.000000000000000000e+00 0.000000000000000000e+00
5.580000000000000071e+00 1.734797103303890031e-01 0.000000000000000000e+00 0.000000000000000000e+00 0.000000000000000000e+00
5.589999999999999858e+00 1.729145038108109989e-01 0.000000000000000000e+00 0.000000000000000000e+00 0.000000000000000000e+00
5.599999999999999645e+00 1.723665517784770118e-01 0.000000000000000000e+00 0.000000000000000000e+00 0.000000000000000000e+00
5.610000000000000320e+00 1.718367343920849943e-01 0.000000000000000000e+00 0.000000000000000000e+00 0.000000000000000000e+00
5.620000000000000107e+00 1.713258714447160047e-01 0.000000000000000000e+00 0.000000000000000000e+00 0.000000000000000000e+00
5.629999999999999893e+00 1.708347318608930132e-01 0.000000000000000000e+00 0.000000000000000000e+00 0.000000000000000000e+00
5.639999999999999680e+00 1.703640306766139867e-01 0.000000000000000000e+00 0.000000000000000000e+00 0.000000000000000000e+00
5.650000000000000355e+00 1.699144164012849900e-01 0.000000000000000000e+00 0.000000000000000000e+00 0.000000000000000000e+00
5.660000000000000142e+00 1.694864914834529890e-01 0.000000000000000000e+00 0.000000000000000000e+00 0.000000000000000000e+00
5.669999999999999929e+00 1.690807942463870006e-01 0.000000000000000000e+00 0.000000000000000000e+00 0.000000000000000000e+00
5.679999999999999716e+00 1.686978052828619901e-01 0.000000000000000000e+00 0.000000000000000000e+00 0.000000000000000000e+00
5.690000000000000391e+00 1.683379436361809867e-01 0.000000000000000000e+00 0.000000000000000000e+00 0.000000000000000000e+00
5.700000000000000178e+00 1.680015685729989994e-01 0.000000000000000000e+00 0.000000000000000000e+00 0.000000000000000000e+00
5.709999999999999964e+00 1.676889784340090117e-01 0.000000000000000000e+00 0.000000000000000000e+00 0.000000000000000000e+00
5.719999999999999751e+00 1.674004081280560108e-01 0.000000000000000000e+00 0.000000000000000000e+00 0.000000000000000000e+00
5.730000000000000426e+00 1.671360337186570122e-01 0.000000000000000000e+00 0.000000000000000000e+00 0.000000000000000000e+00
5.740000000000000213e+00 1.668959689466880114e-01 0.000000000000000000e+00 0.000000000000000000e+00 0.000000000000000000e+00
5.750000000000000000e+00 1.666802666761320051e-01 0.000000000000000000e+00 0.000000000000000000e+00 0.000000000000000000e+00
5.759999999999999787e+00 1.664889195584960124e-01 0.000000000000000000e+00 0.000000000000000000e+00 0.000000000000000000e+00
5.769999999999999574e+00 1.663218595308360026e-01 0.000000000000000000e+00 0.000000000000000000e+00 0.000000000000000000e+00
5.780000000000000249e+00 1.661789582448980063e-01 0.000000000000000000e+00 0.000000000000000000e+00 0.000000000000000000e+00
5.790000000000000036e+00 1.660600340924369978e-01 0.000000000000000000e+00 0.000000000000000000e+00 0.000000000000000000e+00
5.799999999999999822e+00 1.659648420913850120e-01 0.000000000000000000e+00 0.000000000000000000e+00 0.000000000000000000e+00
5.809999999999999609e+00 1.658930836399049868e-01 0.000000000000000000e+00 0.000000000000000000e+00 0.000000000000000000e+00
5.820000000000000284e+00 1.658444039231919964e-01 0.000000000000000000e+00 0.000000000000000000e+00 0.000000000000000000e+00
5.830000000000000071e+00 1.658183961114859939e-01 0.000000000000000000e+00 0.000000000000000000e+00 0.000000000000000000e+00
5.839999999999999858e+00 1.658145992187040063e-01 0.000000000000000000e+00 0.000000000000000000e+00 0.000000000000000000e+00
5.849999999999999645e+00 1.658324999256159948e-01 0.000000000000000000e+00 0.000000000000000000e+00 0.000000000000000000e+00
5.860000000000000320e+00 1.658715465866139882e-01 0.000000000000000000e+00 0.000000000000000000e+00 0.000000000000000000e+00
5.870000000000000107e+00 1.659311287009689884e-01 0.000000000000000000e+00 0.000000000000000000e+00 0.000000000000000000e+00
5.879999999999999893e+00 1.660105959175660062e-01 0.000000000000000000e+00 0.000000000000000000e+00 0.000000000000000000e+00
5.889999999999999680e+00 1.661092532474839900e-01 0.000000000000000000e+00 0.000000000000000000e+00 0.000000000000000000e+00
5.900000000000000355e+00 1.662263672068229892e-01 0.000000000000000000e+00 0.000000000000000000e+00 0.000000000000000000e+00
5.910000000000000142e+00 1.663611630509400086e-01 0.000000000000000000e+00 0.000000000000000000e+00 0.000000000000000000e+00
5.919999999999999929e+00 1.665128327479389880e-01 0.000000000000000000e+00 0.000000000000000000e+00 0.000000000000000000e+00
5.929999999999999716e+00 1.666805312146530105e-01 0.000000000000000000e+00 0.000000000000000000e+00 0.000000000000000000e+00
5.940000000000000391e+00 1.668633795708260037e-01 0.000000000000000000e+00 0.000000000000000000e+00 0.000000000000000000e+00
5.950000000000000178e+00 1.670604842126280076e-01 0.000000000000000000e+00 0.000000000000000000e+00 0.000000000000000000e+00
5.959999999999999964e+00 1.672709086340599949e-01 0.000000000000000000e+00 0.000000000000000000e+00 0.000000000000000000e+00
5.969999999999999751e+00 1.674937000291409905e-01 0.000000000000000000e+00 0.000000000000000000e+00 0.000000000000000000e+00
5.980000000000000426e+00 1.677278815599080042e-01 0.000000000000000000e+00 0.000000000000000000e+00 0.000000000000000000e+00
5.990000000000000213e+00 1.679724608807560138e-01 0.000000000000000000e+00 0.000000000000000000e+00 0.000000000000000000e+00
6.000000000000000000e+00 1.682264265020680105e-01 0.000000000000000000e+00 0.000000000000000000e+00 0.000000000000000000e+00
6.009999999999999787e+00 1.684887512875639926e-01 0.000000000000000000e+00 0.000000000000000000e+00 0.000000000000000000e+00
6.019999999999999574e+00 1.687584125201559981e-01 0.000000000000000000e+00 0.000000000000000000e+00 0.000000000000000000e+00
6.030000000000000249e+00 1.690343625869910049e-01 0.000000000000000000e+00 0.000000000000000000e+00 0.000000000000000000e+00
6.040000000000000036e+00 1.693155561409979970e-01 0.000000000000000000e+00 0.000000000000000000e+00 0.000000000000000000e+00
6.049999999999999822e+00 1.696009431063900119e-01 0.000000000000000000e+00 0.000000000000000000e+00 0.000000000000000000e+00
6.059999999999999609e+00 1.698894764567659976e-01 0.000000000000000000e+00 0.000000000000000000e+00 0.000000000000000000e+00
6.070000000000000284e+00 1.701801090177260112e-01 0.000000000000000000e+00 0.000000000000000000e+00 0.000000000000000000e+00
6.080000000000000071e+00 1.704718022532870081e-01 0.000000000000000000e+00 0.000000000000000000e+00 0.000000000000000000e+00
6.089999999999999858e+00 1.707635225370489895e-01 0.000000000000000000e+00 0.000000000000000000e+00 0.000000000000000000e+00
6.099999999999999645e+00 1.710542446262350025e-01 0.000000000000000000e+00 0.000000000000000000e+00 0.000000000000000000e+00
6.110000000000000320e+00 1.713429703435989937e-01 0.000000000000000000e+00 0.000000000000000000e+00 0.000000000000000000e+00
6.120000000000000107e+00 1.716287009555949872e-01 0.000000000000000000e+00 0.000000000000000000e+00 0.000000000000000000e+00
6.129999999999999893e+00 1.719104627594719992e-01 0.000000000000000000e+00 0.000000000000000000e+00 0.000000000000000000e+00
6.139999999999999680e+00 1.721872998715910097e-01 0.000000000000000000e+00 0.000000000000000000e+00 0.000000000000000000e+00
6.150000000000000355e+00 1.724582814572689915e-01 0.000000000000000000e+00 0.000000000000000000e+00 0.000000000000000000e+00
6.160000000000000142e+00 1.727224985335329976e-01 0.000000000000000000e+00 0.000000000000000000e+00 0.000000000000000000e+00
6.169999999999999929e+00 1.729790715044919880e-01 0.000000000000000000e+00 0.000000000000000000e+00 0.000000000000000000e+00
6.179999999999999716e+00 1.732271466889510059e-01 0.000000000000000000e+00 0.000000000000000000e+00 0.000000000000000000e+00
6.190000000000000391e+00 1.734658991244359960e-01 0.000000000000000000e+00 0.000000000000000000e+00 0.000000000000000000e+00
6.200000000000000178e+00 1.736945476979049885e-01 0.000000000000000000e+00 0.000000000000000000e+00 0.000000000000000000e+00
6.209999999999999964e+00 1.739123320353639923e-01 0.000000000000000000e+00 0.000000000000000000e+00 0.000000000000000000e+00
6.219999999999999751e+00 1.741185333371300104e-01 0.000000000000000000e+00 0.000000000000000000e+00 0.000000000000000000e+00
6.230000000000000426e+00 1.743124679651520126e-01 0.000000000000000000e+00 0.000000000000000000e+00 0.000000000000000000e+00
6.240000000000000213e+00 1.744934928763789972e-01 0.000000000000000000e+00 0.000000000000000000e+00 0.000000000000000000e+00
6.250000000000000000e+00 1.746610027404139898e-01 0.000000000000000000e+00 0.000000000000000000e+00 0.000000000000000000e+00
6.259999999999999787e+00 1.748144352970650017e-01 0.000000000000000000e+00 0.000000000000000000e+00 0.000000000000000000e+00
6.269999999999999574e+00 1.749532682790050087e-01 0.000000000000000000e+00 0.000000000000000000e+00 0.000000000000000000e+00
6.280000000000000249e+00 1.750770211275489985e-01 0.000000000000000000e+00 0.000000000000000000e+00 0.000000000000000000e+00
6.290000000000000036e+00 1.751852653366370027e-01 0.000000000000000000e+00 0.000000000000000000e+00 0.000000000000000000e+00
6.299999999999999822e+00 1.752776073847230054e-01 0.000000000000000000e+00 0.000000000000000000e+00 0.000000000000000000e+00
6.309999999999999609e+00 1.753537030514739914e-01 0.000000000000000000e+00 0.000000000000000000e+00 0.000000000000000000e+00
6.320000000000000284e+00 1.754132523596889925e-01 0.000000000000000000e+00 0.000000000000000000e+00 0.000000000000000000e+00
6.330000000000000071e+00 1.754560025630340081e-01 0.000000000000000000e+00 0.000000000000000000e+00 0.000000000000000000e+00
6.339999999999999858e+00 1.754817457466580077e-01 0.000000000000000000e+00 0.000000000000000000e+00 0.000000000000000000e+00
6.349999999999999645e+00 1.754903215473649913e-01 0.000000000000000000e+00 0.000000000000000000e+00 0.000000000000000000e+00
6.360000000000000320e+00 1.754816146119179965e-01 0.000000000000000000e+00 0.000000000000000000e+00 0.000000000000000000e+00
6.370000000000000107e+00 1.754555550398909924e-01 0.000000000000000000e+00 0.000000000000000000e+00 0.000000000000000000e+00
6.379999999999999893e+00 1.754121234195460122e-01 0.000000000000000000e+00 0.000000000000000000e+00 0.000000000000000000e+00
6.389999999999999680e+00 1.753513405937610070e-01 0.000000000000000000e+00 0.000000000000000000e+00 0.000000000000000000e+00
6.400000000000000355e+00 1.752732747028299953e-01 0.000000000000000000e+00 0.000000000000000000e+00 0.000000000000000000e+00
6.410000000000000142e+00 1.751780378396360083e-01 0.000000000000000000e+00 0.000000000000000000e+00 0.000000000000000000e+00
6.419999999999999929e+00 1.750657864261180030e-01 0.000000000000000000e+00 0.000000000000000000e+00 0.000000000000000000e+00
6.429999999999999716e+00 1.749367194439830075e-01 0.000000000000000000e+00 0.000000000000000000e+00 0.000000000000000000e+00
6.440000000000000391e+00 1.747910784632629999e-01 0.000000000000000000e+00 0.000000000000000000e+00 0.000000000000000000e+00
6.450000000000000178e+00 1.746291458428090027e-01 0.000000000000000000e+00 0.000000000000000000e+00 0.000000000000000000e+00
6.459999999999999964e+00 1.744512439409499904e-01 0.000000000000000000e+00 0.000000000000000000e+00 0.000000000000000000e+00
6.469999999999999751e+00 1.742577349479519921e-01 0.000000000000000000e+00 0.000000000000000000e+00 0.000000000000000000e+00
6.480000000000000426e+00 1.740490177064960009e-01 0.000000000000000000e+00 0.000000000000000000e+00 0.000000000000000000e+00
6.490000000000000213e+00 1.738255275752179918e-01 0.000000000000000000e+00 0.000000000000000000e+00 0.000000000000000000e+00
6.500000000000000000e+00 1.735877350306599953e-01 0.000000000000000000e+00 0.000000000000000000e+00 0.000000000000000000e+00
6.509999999999999787e+00 1.733361436797480060e-01 0.000000000000000000e+00 0.000000000000000000e+00 0.000000000000000000e+00
6.519999999999999574e+00 1.730712892547630055e-01 0.000000000000000000e+00 0.000000000000000000e+00 0.000000000000000000e+00
6.530000000000000249e+00 1.727937380192759997e-01 0.000000000000000000e+00 0.000000000000000000e+00 0.000000000000000000e+00
6.540000000000000036e+00 1.725040828308609941e-01 0.000000000000000000e+00 0.000000000000000000e+00 0.000000000000000000e+00
6.549999999999999822e+00 1.722029455590800007e-01 0.000000000000000000e+00 0.000000000000000000e+00 0.000000000000000000e+00
6.559999999999999609e+00 1.718909716210769989e-01 0.000000000000000000e+00 0.000000000000000000e+00 0.000000000000000000e+00
6.570000000000000284e+00 1.715688303950800020e-01 0.000000000000000000e+00 0.000000000000000000e+00 0.000000000000000000e+00
6.580000000000000071e+00 1.712372114831300085e-01 0.000000000000000000e+00 0.000000000000000000e+00 0.000000000000000000e+00
6.589999999999999858e+00 1.708968246942559888e-01 0.000000000000000000e+00 0.000000000000000000e+00 0.000000000000000000e+00
6.599999999999999645e+00 1.705483978287430091e-01 0.000000000000000000e+00 0.000000000000000000e+00 0.000000000000000000e+00
6.610000000000000320e+00 1.701926696244870085e-01 0.000000000000000000e+00 0.000000000000000000e+00 0.000000000000000000e+00
6.620000000000000107e+00 1.698303973231750086e-01 0.000000000000000000e+00 0.000000000000000000e+00 0.000000000000000000e+00
6.629999999999999893e+00 1.694623463919359974e-01 0.000000000000000000e+00 0.000000000000000000e+00 0.000000000000000000e+00
6.639999999999999680e+00 1.690892932205660115e-01 0.000000000000000000e+00 0.000000000000000000e+00 0.000000000000000000e+00
6.650000000000000355e+00 1.687120197744740036e-01 0.000000000000000000e+00 0.000000000000000000e+00 0.000000000000000000e+00
6.660000000000000142e+00 1.683313146606220112e-01 0.000000000000000000e+00 0.000000000000000000e+00 0.000000000000000000e+00
6.669999999999999929e+00 1.679479706575640052e-01 0.000000000000000000e+00 0.000000000000000000e+00 0.000000000000000000e+00
6.679999999999999716e+00 1.675627747640930088e-01 0.000000000000000000e+00 0.000000000000000000e+00 0.000000000000000000e+00
6.690000000000000391e+00 1.671765212363210129e-01 0.000000000000000000e+00 0.000000000000000000e+00 0.000000000000000000e+00
6.700000000000000178e+00 1.667899967382739934e-01 0.000000000000000000e+00 0.000000000000000000e+00 0.000000000000000000e+00
6.709999999999999964e+00 1.664039855379760013e-01 0.000000000000000000e+00 0.000000000000000000e+00 0.000000000000000000e+00
6.719999999999999751e+00 1.660192626683930084e-01 0.000000000000000000e+00 0.000000000000000000e+00 0.000000000000000000e+00
6.730000000000000426e+00 1.656365965406600138e-01 0.000000000000000000e+00 0.000000000000000000e+00 0.000000000000000000e+00
6.740000000000000213e+00 1.652567429249149900e-01 0.000000000000000000e+00 0.000000000000000000e+00 0.000000000000000000e+00
6.750000000000000000e+00 1.648804470253739940e-01 0.000000000000000000e+00 0.000000000000000000e+00 0.000000000000000000e+00
6.759999999999999787e+00 1.645084411130459945e-01 0.000000000000000000e+00 0.000000000000000000e+00 0.000000000000000000e+00
6.769999999999999574e+00 1.641414331509850055e-01 0.000000000000000000e+00 0.000000000000000000e+00 0.000000000000000000e+00
6.780000000000000249e+00 1.637801234128939964e-01 0.000000000000000000e+00 0.000000000000000000e+00 0.000000000000000000e+00
6.790000000000000036e+00 1.634251875599500026e-01 0.000000000000000000e+00 0.000000000000000000e+00 0.000000000000000000e+00
6.799999999999999822e+00 1.630772831428340119e-01 0.000000000000000000e+00 0.000000000000000000e+00 0.000000000000000000e+00
6.809999999999999609e+00 1.627370429148830011e-01 0.000000000000000000e+00 0.000000000000000000e+00 0.000000000000000000e+00
6.820000000000000284e+00 1.624050781958940037e-01 0.000000000000000000e+00 0.000000000000000000e+00 0.000000000000000000e+00
6.830000000000000071e+00 1.620819764968239873e-01 0.000000000000000000e+00 0.000000000000000000e+00 0.000000000000000000e+00
6.839999999999999858e+00 1.617682905672760130e-01 0.000000000000000000e+00 0.000000000000000000e+00 0.000000000000000000e+00
6.849999999999999645e+00 1.614645560792589973e-01 0.000000000000000000e+00 0.000000000000000000e+00 0.000000000000000000e+00
6.860000000000000320e+00 1.611712735693630050e-01 0.000000000000000000e+00 0.000000000000000000e+00 0.000000000000000000e+00
6.870000000000000107e+00 1.608889178403359876e-01 0.000000000000000000e+00 0.000000000000000000e+00 0.000000000000000000e+00
6.879999999999999893e+00 1.606179299681760042e-01 0.000000000000000000e+00 0.000000000000000000e+00 0.000000000000000000e+00
6.889999999999999680e+00 1.603587221313799993e-01 0.000000000000000000e+00 0.000000000000000000e+00 0.000000000000000000e+00
6.900000000000000355e+00 1.601116720015929862e-01 0.000000000000000000e+00 0.000000000000000000e+00 0.000000000000000000e+00
6.910000000000000142e+00 1.598771263203180026e-01 0.000000000000000000e+00 0.000000000000000000e+00 0.000000000000000000e+00
6.919999999999999929e+00 1.596553992958510138e-01 0.000000000000000000e+00 0.000000000000000000e+00 0.000000000000000000e+00
6.929999999999999716e+00 1.594467641336249908e-01 0.000000000000000000e+00 0.000000000000000000e+00 0.000000000000000000e+00
6.940000000000000391e+00 1.592514683563920064e-01 0.000000000000000000e+00 0.000000000000000000e+00 0.000000000000000000e+00
6.950000000000000178e+00 1.590697189583369919e-01 0.000000000000000000e+00 0.000000000000000000e+00 0.000000000000000000e+00
6.959999999999999964e+00 1.589016915385050022e-01 0.000000000000000000e+00 0.000000000000000000e+00 0.000000000000000000e+00
6.969999999999999751e+00 1.587475238185420134e-01 0.000000000000000000e+00 0.000000000000000000e+00 0.000000000000000000e+00
6.980000000000000426e+00 1.586073203685199884e-01 0.000000000000000000e+00 0.000000000000000000e+00 0.000000000000000000e+00
6.990000000000000213e+00 1.584811489173189869e-01 0.000000000000000000e+00 0.000000000000000000e+00 0.000000000000000000e+00
7.000000000000000000e+00 1.583690434509119893e-01 0.000000000000000000e+00 0.000000000000000000e+00 0.000000000000000000e+00
7.009999999999999787e+00 1.582710035768339907e-01 0.000000000000000000e+00 0.000000000000000000e+00 0.000000000000000000e+00
7.019999999999999574e+00 1.581869904596469867e-01 0.000000000000000000e+00 0.000000000000000000e+00 0.000000000000000000e+00
7.030000000000000249e+00 1.581169362866439998e-01 0.000000000000000000e+00 0.000000000000000000e+00 0.000000000000000000e+00
7.040000000000000036e+00 1.580607353661470094e-01 0.000000000000000000e+00 0.000000000000000000e+00 0.000000000000000000e+00
7.049999999999999822e+00 1.580182518636480127e-01 0.000000000000000000e+00 0.000000000000000000e+00 0.000000000000000000e+00
7.059999999999999609e+00 1.579893153537380024e-01 0.000000000000000000e+00 0.000000000000000000e+00 0.000000000000000000e+00
7.070000000000000284e+00 1.579737248513179981e-01 0.000000000000000000e+00 0.000000000000000000e+00 0.000000000000000000e+00
7.080000000000000071e+00 1.579712474551749901e-01 0.000000000000000000e+00 0.000000000000000000e+00 0.000000000000000000e+00
7.089999999999999858e+00 1.579816204811810010e-01 0.000000000000000000e+00 0.000000000000000000e+00 0.000000000000000000e+00
7.099999999999999645e+00 1.580045517983889869e-01 0.000000000000000000e+00 0.000000000000000000e+00 0.000000000000000000e+00
7.110000000000000320e+00 1.580397207535020054e-01 0.000000000000000000e+00 0.000000000000000000e+00 0.000000000000000000e+00
7.120000000000000107e+00 1.580867802920840059e-01 0.000000000000000000e+00 0.000000000000000000e+00 0.000000000000000000e+00
7.129999999999999893e+00 1.581453549555069948e-01 0.000000000000000000e+00 0.000000000000000000e+00 0.000000000000000000e+00
7.139999999999999680e+00 1.582150465625269953e-01 0.000000000000000000e+00 0.000000000000000000e+00 0.000000000000000000e+00
7.150000000000000355e+00 1.582954318189060128e-01 0.000000000000000000e+00 0.000000000000000000e+00 0.000000000000000000e+00
7.160000000000000142e+00 1.583860653849910038e-01 0.000000000000000000e+00 0.000000000000000000e+00 0.000000000000000000e+00
7.169999999999999929e+00 1.584864805871510074e-01 0.000000000000000000e+00 0.000000000000000000e+00 0.000000000000000000e+00
7.179999999999999716e+00 1.585961905527059901e-01 0.000000000000000000e+00 0.000000000000000000e+00 0.000000000000000000e+00
7.190000000000000391e+00 1.587146892993900049e-01 0.000000000000000000e+00 0.000000000000000000e+00 0.000000000000000000e+00
7.200000000000000178e+00 1.588414565942249945e-01 0.000000000000000000e+00 0.000000000000000000e+00 0.000000000000000000e+00
7.209999999999999964e+00 1.589759539291679957e-01 0.000000000000000000e+00 0.000000000000000000e+00 0.000000000000000000e+00
7.219999999999999751e+00 1.591176281148030114e-01 0.000000000000000000e+00 0.000000000000000000e+00 0.000000000000000000e+00
7.230000000000000426e+00 1.592659149730160095e-01 0.000000000000000000e+00 0.000000000000000000e+00 0.000000000000000000e+00
7.240000000000000213e+00 1.594202385326340121e-01 0.000000000000000000e+00 0.000000000000000000e+00 0.000000000000000000e+00
7.250000000000000000e+00 1.595800131853659931e-01 0.000000000000000000e+00 0.000000000000000000e+00 0.000000000000000000e+00
7.259999999999999787e+00 1.597446457121080021e-01 0.000000000000000000e+00 0.000000000000000000e+00 0.000000000000000000e+00
7.269999999999999574e+00 1.599135356704129984e-01 0.000000000000000000e+00 0.000000000000000000e+00 0.000000000000000000e+00
7.280000000000000249e+00 1.600860768619860042e-01 0.000000000000000000e+00 0.000000000000000000e+00 0.000000000000000000e+00
7.290000000000000036e+00 1.602616642662940127e-01 0.000000000000000000e+00 0.000000000000000000e+00 0.000000000000000000e+00
7.299999999999999822e+00 1.604396863873809864e-01 0.000000000000000000e+00 0.000000000000000000e+00 0.000000000000000000e+00
7.309999999999999609e+00 1.606195320589350051e-01 0.000000000000000000e+00 0.000000000000000000e+00 0.000000000000000000e+00
7.320000000000000284e+00 1.608005925149240123e-01 0.000000000000000000e+00 0.000000000000000000e+00 0.000000000000000000e+00
7.330000000000000071e+00 1.609822615581170124e-01 0.000000000000000000e+00 0.000000000000000000e+00 0.000000000000000000e+00
7.339999999999999858e+00 1.611639369048689929e-01 0.000000000000000000e+00 0.000000000000000000e+00 0.000000000000000000e+00
7.349999999999999645e+00 1.613450227109989865e-01 0.000000000000000000e+00 0.000000000000000000e+00 0.000000000000000000e+00
7.360000000000000320e+00 1.615249294362320065e-01 0.000000000000000000e+00 0.000000000000000000e+00 0.000000000000000000e+00
7.370000000000000107e+00 1.617030752921720105e-01 0.000000000000000000e+00 0.000000000000000000e+00 0.000000000000000000e+00
7.379999999999999893e+00 1.618788935275199958e-01 0.000000000000000000e+00 0.000000000000000000e+00 0.000000000000000000e+00
7.389999999999999680e+00 1.620518234221899889e-01 0.000000000000000000e+00 0.000000000000000000e+00 0.000000000000000000e+00
7.400000000000000355e+00 1.622213181097409973e-01 0.000000000000000000e+00 0.000000000000000000e+00 0.000000000000000000e+00
7.410000000000000142e+00 1.623868453398600031e-01 0.000000000000000000e+00 0.000000000000000000e+00 0.000000000000000000e+00
7.419999999999999929e+00 1.625478880841980112e-01 0.000000000000000000e+00 0.000000000000000000e+00 0.000000000000000000e+00
7.429999999999999716e+00 1.627039451158479866e-01 0.000000000000000000e+00 0.000000000000000000e+00 0.000000000000000000e+00
7.440000000000000391e+00 1.628545333823329944e-01 0.000000000000000000e+00 0.000000000000000000e+00 0.000000000000000000e+00
7.450000000000000178e+00 1.629991874599520107e-01 0.000000000000000000e+00 0.000000000000000000e+00 0.000000000000000000e+00
7.459999999999999964e+00 1.631374606588940068e-01 0.000000000000000000e+00 0.000000000000000000e+00 0.000000000000000000e+00
7.469999999999999751e+00 1.632689314171009987e-01 0.000000000000000000e+00 0.000000000000000000e+00 0.000000000000000000e+00
7.480000000000000426e+00 1.633931945155960019e-01 0.000000000000000000e+00 0.000000000000000000e+00 0.000000000000000000e+00
7.490000000000000213e+00 1.635098683305699907e-01 0.000000000000000000e+00 0.000000000000000000e+00 0.000000000000000000e+00
7.500000000000000000e+00 1.636185945345630111e-01 0.000000000000000000e+00 0.000000000000000000e+00 0.000000000000000000e+00
7.509999999999999787e+00 1.637190387161620020e-01 0.000000000000000000e+00 0.000000000000000000e+00 0.000000000000000000e+00
7.519999999999999574e+00 1.638108902504230024e-01 0.000000000000000000e+00 0.000000000000000000e+00 0.000000000000000000e+00
7.530000000000000249e+00 1.638938640638160082e-01 0.000000000000000000e+00 0.000000000000000000e+00 0.000000000000000000e+00
7.540000000000000036e+00 1.639676997546490045e-01 0.000000000000000000e+00 0.000000000000000000e+00 0.000000000000000000e+00
7.549999999999999822e+00 1.640321621510310024e-01 0.000000000000000000e+00 0.000000000000000000e+00 0.000000000000000000e+00
7.559999999999999609e+00 1.640870460148720067e-01 0.000000000000000000e+00 0.000000000000000000e+00 0.000000000000000000e+00
7.570000000000000284e+00 1.641321685538089936e-01 0.000000000000000000e+00 0.000000000000000000e+00 0.000000000000000000e+00
7.580000000000000071e+00 1.641673749931990001e-01 0.000000000000000000e+00 0.000000000000000000e+00 0.000000000000000000e+00
7.589999999999999858e+00 1.641925375703550127e-01 0.000000000000000000e+00 0.000000000000000000e+00 0.000000000000000000e+00
7.599999999999999645e+00 1.642075557859900004e-01 0.000000000000000000e+00 0.000000000000000000e+00 0.000000000000000000e+00
7.610000000000000320e+00 1.642123557488930075e-01 0.000000000000000000e+00 0.000000000000000000e+00 0.000000000000000000e+00
7.620000000000000107e+00 1.642068910317880104e-01 0.000000000000000000e+00 0.000000000000000000e+00 0.000000000000000000e+00
7.629999999999999893e+00 1.641911415925109974e-01 0.000000000000000000e+00 0.000000000000000000e+00 0.000000000000000000e+00
7.639999999999999680e+00 1.641651137077609901e-01 0.000000000000000000e+00 0.000000000000000000e+00 0.000000000000000000e+00
7.650000000000000355e+00 1.641288425300189979e-01 0.000000000000000000e+00 0.000000000000000000e+00 0.000000000000000000e+00
7.660000000000000142e+00 1.640823867227680088e-01 0.000000000000000000e+00 0.000000000000000000e+00 0.000000000000000000e+00
7.669999999999999929e+00 1.640258315764260011e-01 0.000000000000000000e+00 0.000000000000000000e+00 0.000000000000000000e+00
7.679999999999999716e+00 1.639592878065979920e-01 0.000000000000000000e+00 0.000000000000000000e+00 0.000000000000000000e+00
7.690000000000000391e+00 1.638828911154900092e-01 0.000000000000000000e+00 0.000000000000000000e+00 0.000000000000000000e+00
7.700000000000000178e+00 1.637968013237159903e-01 0.000000000000000000e+00 0.000000000000000000e+00 0.000000000000000000e+00
7.709999999999999964e+00 1.637012018252889944e-01 0.000000000000000000e+00 0.000000000000000000e+00 0.000000000000000000e+00
7.719999999999999751e+00 1.635962999573309928e-01 0.000000000000000000e+00 0.000000000000000000e+00 0.000000000000000000e+00
7.730000000000000426e+00 1.634823245880629994e-01 0.000000000000000000e+00 0.000000000000000000e+00 0.000000000000000000e+00
7.740000000000000213e+00 1.633595259566449909e-01 0.000000000000000000e+00 0.000000000000000000e+00 0.000000000000000000e+00
7.750000000000000000e+00 1.632281756995649924e-01 0.000000000000000000e+00 0.000000000000000000e+00 0.000000000000000000e+00
7.759999999999999787e+00 1.630885649670159865e-01 0.000000000000000000e+00 0.000000000000000000e+00 0.000000000000000000e+00
7.769999999999999574e+00 1.629410041575350132e-01 0.000000000000000000e+00 0.000000000000000000e+00 0.000000000000000000e+00
7.780000000000000249e+00 1.627858217765069948e-01 0.000000000000000000e+00 0.000000000000000000e+00 0.000000000000000000e+00
7.790000000000000036e+00 1.626233629415869963e-01 0.000000000000000000e+00 0.000000000000000000e+00 0.000000000000000000e+00
7.799999999999999822e+00 1.624539897928070076e-01 0.000000000000000000e+00 0.000000000000000000e+00 0.000000000000000000e+00
7.809999999999999609e+00 1.622780780771249931e-01 0.000000000000000000e+00 0.000000000000000000e+00 0.000000000000000000e+00
7.820000000000000284e+00 1.620960189499330018e-01 0.000000000000000000e+00 0.000000000000000000e+00 0.000000000000000000e+00
7.830000000000000071e+00 1.619082154390940054e-01 0.000000000000000000e+00 0.000000000000000000e+00 0.000000000000000000e+00
7.839999999999999858e+00 1.617150830017680119e-01 0.000000000000000000e+00 0.000000000000000000e+00 0.000000000000000000e+00
7.849999999999999645e+00 1.615170471605349989e-01 0.000000000000000000e+00 0.000000000000000000e+00 0.000000000000000000e+00
7.860000000000000320e+00 1.613145433237510029e-01 0.000000000000000000e+00 0.000000000000000000e+00 0.000000000000000000e+00
7.870000000000000107e+00 1.611080154285119970e-01 0.000000000000000000e+00 0.000000000000000000e+00 0.000000000000000000e+00
7.879999999999999893e+00 1.608979127394949971e-01 0.000000000000000000e+00 0.000000000000000000e+00 0.000000000000000000e+00
7.889999999999999680e+00 1.606846926732549974e-01 0.000000000000000000e+00 0.000000000000000000e+00 0.000000000000000000e+00
7.900000000000000355e+00 1.604688157021270101e-01 0.000000000000000000e+00 0.000000000000000000e+00 0.000000000000000000e+00
7.910000000000000142e+00 1.602507469533429874e-01 0.000000000000000000e+00 0.000000000000000000e+00 0.000000000000000000e+00
7.919999999999999929e+00 1.600309528936390002e-01 0.000000000000000000e+00 0.000000000000000000e+00 0.000000000000000000e+00
7.929999999999999716e+00 1.598099018754119971e-01 0.000000000000000000e+00 0.000000000000000000e+00 0.000000000000000000e+00
7.940000000000000391e+00 1.595880625523500018e-01 0.000000000000000000e+00 0.000000000000000000e+00 0.000000000000000000e+00
7.950000000000000178e+00 1.593658995737629869e-01 0.000000000000000000e+00 0.000000000000000000e+00 0.000000000000000000e+00
7.959999999999999964e+00 1.591438786890219947e-01 0.000000000000000000e+00 0.000000000000000000e+00 0.000000000000000000e+00
7.969999999999999751e+00 1.589224594866610052e-01 0.000000000000000000e+00 0.000000000000000000e+00 0.000000000000000000e+00
7.980000000000000426e+00 1.587020986662210087e-01 0.000000000000000000e+00 0.000000000000000000e+00 0.000000000000000000e+00
7.990000000000000213e+00 1.584832457146450047e-01 0.000000000000000000e+00 0.000000000000000000e+00 0.000000000000000000e+00
8.000000000000000000e+00 1.582663443334819953e-01 0.000000000000000000e+00 0.000000000000000000e+00 0.000000000000000000e+00
8.009999999999999787e+00 1.580518308263690053e-01 0.000000000000000000e+00 0.000000000000000000e+00 0.000000000000000000e+00
8.019999999999999574e+00 1.578401284785380110e-01 0.000000000000000000e+00 0.000000000000000000e+00 0.000000000000000000e+00
8.029999999999999361e+00 1.576316558048060090e-01 0.000000000000000000e+00 0.000000000000000000e+00 0.000000000000000000e+00
8.039999999999999147e+00 1.574268165549319864e-01 0.000000000000000000e+00 0.000000000000000000e+00 0.000000000000000000e+00
8.050000000000000711e+00 1.572260052466480096e-01 0.000000000000000000e+00 0.000000000000000000e+00 0.000000000000000000e+00
8.060000000000000497e+00 1.570296016031620112e-01 0.000000000000000000e+00 0.000000000000000000e+00 0.000000000000000000e+00
8.070000000000000284e+00 1.568379732354119871e-01 0.000000000000000000e+00 0.000000000000000000e+00 0.000000000000000000e+00
8.080000000000000071e+00 1.566514720831979901e-01 0.000000000000000000e+00 0.000000000000000000e+00 0.000000000000000000e+00
8.089999999999999858e+00 1.564704359093030128e-01 0.000000000000000000e+00 0.000000000000000000e+00 0.000000000000000000e+00
8.099999999999999645e+00 1.562951871422789962e-01 0.000000000000000000e+00 0.000000000000000000e+00 0.000000000000000000e+00
8.109999999999999432e+00 1.561260274705509876e-01 0.000000000000000000e+00 0.000000000000000000e+00 0.000000000000000000e+00
8.119999999999999218e+00 1.559632464099789950e-01 0.000000000000000000e+00 0.000000000000000000e+00 0.000000000000000000e+00
8.130000000000000782e+00 1.558071125483239949e-01 0.000000000000000000e+00 0.000000000000000000e+00 0.000000000000000000e+00
8.140000000000000568e+00 1.556578779054340056e-01 0.000000000000000000e+00 0.000000000000000000e+00 0.000000000000000000e+00
8.150000000000000355e+00 1.555157762859130099e-01 0.000000000000000000e+00 0.000000000000000000e+00 0.000000000000000000e+00
8.160000000000000142e+00 1.553810168558260041e-01 0.000000000000000000e+00 0.000000000000000000e+00 0.000000000000000000e+00
8.169999999999999929e+00 1.552537962597360099e-01 0.000000000000000000e+00 0.000000000000000000e+00 0.000000000000000000e+00
8.179999999999999716e+00 1.551342855043250091e-01 0.000000000000000000e+00 0.000000000000000000e+00 0.000000000000000000e+00
8.189999999999999503e+00 1.550226394020390031e-01 0.000000000000000000e+00 0.000000000000000000e+00 0.000000000000000000e+00
8.199999999999999289e+00 1.549189895198919975e-01 0.000000000000000000e+00 0.000000000000000000e+00 0.000000000000000000e+00
8.210000000000000853e+00 1.548234485852509890e-01 0.000000000000000000e+00 0.000000000000000000e+00 0.000000000000000000e+00
8.220000000000000639e+00 1.547361090263399963e-01 0.000000000000000000e+00 0.000000000000000000e+00 0.000000000000000000e+00
8.230000000000000426e+00 1.546570378754240083e-01 0.000000000000000000e+00 0.000000000000000000e+00 0.000000000000000000e+00
8.240000000000000213e+00 1.545862875964159888e-01 0.000000000000000000e+00 0.000000000000000000e+00 0.000000000000000000e+00
8.250000000000000000e+00 1.545238843479689872e-01 0.000000000000000000e+00 0.000000000000000000e+00 0.000000000000000000e+00
8.259999999999999787e+00 1.544698378288769935e-01 0.000000000000000000e+00 0.000000000000000000e+00 0.000000000000000000e+00
8.269999999999999574e+00 1.544241344122490034e-01 0.000000000000000000e+00 0.000000000000000000e+00 0.000000000000000000e+00
8.279999999999999361e+00 1.543867418630900101e-01 0.000000000000000000e+00 0.000000000000000000e+00 0.000000000000000000e+00
8.289999999999999147e+00 1.543576082377620118e-01 0.000000000000000000e+00 0.000000000000000000e+00 0.000000000000000000e+00
8.300000000000000711e+00 1.543366574314390116e-01 0.000000000000000000e+00 0.000000000000000000e+00 0.000000000000000000e+00
8.310000000000000497e+00 1.543237999979210073e-01 0.000000000000000000e+00 0.000000000000000000e+00 0.000000000000000000e+00
8.320000000000000284e+00 1.543189217169959881e-01 0.000000000000000000e+00 0.000000000000000000e+00 0.000000000000000000e+00
8.330000000000000071e+00 1.543218941587659876e-01 0.000000000000000000e+00 0.000000000000000000e+00 0.000000000000000000e+00
8.339999999999999858e+00 1.543325679484429946e-01 0.000000000000000000e+00 0.000000000000000000e+00 0.000000000000000000e+00
8.349999999999999645e+00 1.543507776177809876e-01 0.000000000000000000e+00 0.000000000000000000e+00 0.000000000000000000e+00
8.359999999999999432e+00 1.543763407527179998e-01 0.000000000000000000e+00 0.000000000000000000e+00 0.000000000000000000e+00
8.369999999999999218e+00 1.544090554506230006e-01 0.000000000000000000e+00 0.000000000000000000e+00 0.000000000000000000e+00
8.380000000000000782e+00 1.544487085068569909e-01 0.000000000000000000e+00 0.000000000000000000e+00 0.000000000000000000e+00
8.390000000000000568e+00 1.544950663695489890e-01 0.000000000000000000e+00 0.000000000000000000e+00 0.000000000000000000e+00
8.400000000000000355e+00 1.545478853922120088e-01 0.000000000000000000e+00 0.000000000000000000e+00 0.000000000000000000e+00
8.410000000000000142e+00 1.546069054811879950e-01 0.000000000000000000e+00 0.000000000000000000e+00 0.000000000000000000e+00
8.419999999999999929e+00 1.546718549467870074e-01 0.000000000000000000e+00 0.000000000000000000e+00 0.000000000000000000e+00
8.429999999999999716e+00 1.547424498633220014e-01 0.000000000000000000e+00 0.000000000000000000e+00 0.000000000000000000e+00
8.439999999999999503e+00 1.548183927048190078e-01 0.000000000000000000e+00 0.000000000000000000e+00 0.000000000000000000e+00
8.449999999999999289e+00 1.548993790872489895e-01 0.000000000000000000e+00 0.000000000000000000e+00 0.000000000000000000e+00
8.460000000000000853e+00 1.549850899400810056e-01 0.000000000000000000e+00 0.000000000000000000e+00 0.000000000000000000e+00
8.470000000000000639e+00 1.550752017697639984e-01 0.000000000000000000e+00 0.000000000000000000e+00 0.000000000000000000e+00
8.480000000000000426e+00 1.551693806071610116e-01 0.000000000000000000e+00 0.000000000000000000e+00 0.000000000000000000e+00
8.490000000000000213e+00 1.552672865318099893e-01 0.000000000000000000e+00 0.000000000000000000e+00 0.000000000000000000e+00
8.500000000000000000e+00 1.553685728628680096e-01 0.000000000000000000e+00 0.000000000000000000e+00 0.000000000000000000e+00
8.509999999999999787e+00 1.554728877654860120e-01 0.000000000000000000e+00 0.000000000000000000e+00 0.000000000000000000e+00
8.519999999999999574e+00 1.555798747678669991e-01 0.000000000000000000e+00 0.000000000000000000e+00 0.000000000000000000e+00
8.529999999999999361e+00 1.556891749198230090e-01 0.000000000000000000e+00 0.000000000000000000e+00 0.000000000000000000e+00
8.539999999999999147e+00 1.558004259739980135e-01 0.000000000000000000e+00 0.000000000000000000e+00 0.000000000000000000e+00
8.550000000000000711e+00 1.559132635923559940e-01 0.000000000000000000e+00 0.000000000000000000e+00 0.000000000000000000e+00
8.560000000000000497e+00 1.560273236441790112e-01 0.000000000000000000e+00 0.000000000000000000e+00 0.000000000000000000e+00
8.570000000000000284e+00 1.561422419051410049e-01 0.000000000000000000e+00 0.000000000000000000e+00 0.000000000000000000e+00
8.580000000000000071e+00 1.562576555109239929e-01 0.000000000000000000e+00 0.000000000000000000e+00 0.000000000000000000e+00
8.589999999999999858e+00 1.563732041880880053e-01 0.000000000000000000e+00 0.000000000000000000e+00 0.000000000000000000e+00
8.599999999999999645e+00 1.564885283717580011e-01 0.000000000000000000e+00 0.000000000000000000e+00 0.000000000000000000e+00
8.609999999999999432e+00 1.566032747251580037e-01 0.000000000000000000e+00 0.000000000000000000e+00 0.000000000000000000e+00
8.619999999999999218e+00 1.567170935231700091e-01 0.000000000000000000e+00 0.000000000000000000e+00 0.000000000000000000e+00
8.630000000000000782e+00 1.568296407584829910e-01 0.000000000000000000e+00 0.000000000000000000e+00 0.000000000000000000e+00
8.640000000000000568e+00 1.569405784145870009e-01 0.000000000000000000e+00 0.000000000000000000e+00 0.000000000000000000e+00
8.650000000000000355e+00 1.570495766194890119e-01 0.000000000000000000e+00 0.000000000000000000e+00 0.000000000000000000e+00
8.660000000000000142e+00 1.571563126369930063e-01 0.000000000000000000e+00 0.000000000000000000e+00 0.000000000000000000e+00
8.669999999999999929e+00 1.572604715049830126e-01 0.000000000000000000e+00 0.000000000000000000e+00 0.000000000000000000e+00
8.679999999999999716e+00 1.573617488987940072e-01 0.000000000000000000e+00 0.000000000000000000e+00 0.000000000000000000e+00
8.689999999999999503e+00 1.574598499535339868e-01 0.000000000000000000e+00 0.000000000000000000e+00 0.000000000000000000e+00
8.699999999999999289e+00 1.575544905284269881e-01 0.000000000000000000e+00 0.000000000000000000e+00 0.000000000000000000e+00
8.710000000000000853e+00 1.576453974147719872e-01 0.000000000000000000e+00 0.000000000000000000e+00 0.000000000000000000e+00
8.720000000000000639e+00 1.577323107809119884e-01 0.000000000000000000e+00 0.000000000000000000e+00 0.000000000000000000e+00
8.730000000000000426e+00 1.578149818681799932e-01 0.000000000000000000e+00 0.000000000000000000e+00 0.000000000000000000e+00
8.740000000000000213e+00 1.578931745717100099e-01 0.000000000000000000e+00 0.000000000000000000e+00 0.000000000000000000e+00
8.750000000000000000e+00 1.579666671186170102e-01 0.000000000000000000e+00 0.000000000000000000e+00 0.000000000000000000e+00
8.759999999999999787e+00 1.580352513710689966e-01 0.000000000000000000e+00 0.000000000000000000e+00 0.000000000000000000e+00
8.769999999999999574e+00 1.580987333755400071e-01 0.000000000000000000e+00 0.000000000000000000e+00 0.000000000000000000e+00
8.779999999999999361e+00 1.581569335802459897e-01 0.000000000000000000e+00 0.000000000000000000e+00 0.000000000000000000e+00
8.789999999999999147e+00 1.582096886912159883e-01 0.000000000000000000e+00 0.000000000000000000e+00 0.000000000000000000e+00
8.800000000000000711e+00 1.582568494883349886e-01 0.000000000000000000e+00 0.000000000000000000e+00 0.000000000000000000e+00
8.810000000000000497e+00 1.582982821998270007e-01 0.000000000000000000e+00 0.000000000000000000e+00 0.000000000000000000e+00
8.820000000000000284e+00 1.583338693787330054e-01 0.000000000000000000e+00 0.000000000000000000e+00 0.000000000000000000e+00
8.830000000000000071e+00 1.583635092738960026e-01 0.000000000000000000e+00 0.000000000000000000e+00 0.000000000000000000e+00
8.839999999999999858e+00 1.583871161139799866e-01 0.000000000000000000e+00 0.000000000000000000e+00 0.000000000000000000e+00
8.849999999999999645e+00 1.584046199960650048e-01 0.000000000000000000e+00 0.000000000000000000e+00 0.000000000000000000e+00
8.859999999999999432e+00 1.584159683005569863e-01 0.000000000000000000e+00 0.000000000000000000e+00 0.000000000000000000e+00
8.869999999999999218e+00 1.584211234954099878e-01 0.000000000000000000e+00 0.000000000000000000e+00 0.000000000000000000e+00
8.880000000000000782e+00 1.584200640483419964e-01 0.000000000000000000e+00 0.000000000000000000e+00 0.000000000000000000e+00
8.890000000000000568e+00 1.584127850397629989e-01 0.000000000000000000e+00 0.000000000000000000e+00 0.000000000000000000e+00
8.900000000000000355e+00 1.583992972794870113e-01 0.000000000000000000e+00 0.000000000000000000e+00 0.000000000000000000e+00
8.910000000000000142e+00 1.583796273630999896e-01 0.000000000000000000e+00 0.000000000000000000e+00 0.000000000000000000e+00
8.919999999999999929e+00 1.583538179605500085e-01 0.000000000000000000e+00 0.000000000000000000e+00 0.000000000000000000e+00
8.929999999999999716e+00 1.583219255244749935e-01 0.000000000000000000e+00 0.000000000000000000e+00 0.000000000000000000e+00
8.939999999999999503e+00 1.582840232581770035e-01 0.000000000000000000e+00 0.000000000000000000e+00 0.000000000000000000e+00
8.949999999999999289e+00 1.582401983111929866e-01 0.000000000000000000e+00 0.000000000000000000e+00 0.000000000000000000e+00
8.960000000000000853e+00 1.581905525644440036e-01 0.000000000000000000e+00 0.000000000000000000e+00 0.000000000000000000e+00
8.970000000000000639e+00 1.581352018710799889e-01 0.000000000000000000e+00 0.000000000000000000e+00 0.000000000000000000e+00
8.980000000000000426e+00 1.580742756816700123e-01 0.000000000000000000e+00 0.000000000000000000e+00 0.000000000000000000e+00
8.990000000000000213e+00 1.580079170743710071e-01 0.000000000000000000e+00 0.000000000000000000e+00 0.000000000000000000e+00
9.000000000000000000e+00 1.579362808194750001e-01 0.000000000000000000e+00 0.000000000000000000e+00 0.000000000000000000e+00
9.009999999999999787e+00 1.578595351005659952e-01 0.000000000000000000e+00 0.000000000000000000e+00 0.000000000000000000e+00
9.019999999999999574e+00 1.577778591995359914e-01 0.000000000000000000e+00 0.000000000000000000e+00 0.000000000000000000e+00
9.029999999999999361e+00 1.576914439179019911e-01 0.000000000000000000e+00 0.000000000000000000e+00 0.000000000000000000e+00
9.039999999999999147e+00 1.576004906783010084e-01 0.000000000000000000e+00 0.000000000000000000e+00 0.000000000000000000e+00
9.050000000000000711e+00 1.575052105297539973e-01 0.000000000000000000e+00 0.000000000000000000e+00 0.000000000000000000e+00
9.060000000000000497e+00 1.574058247266650057e-01 0.000000000000000000e+00 0.000000000000000000e+00 0.000000000000000000e+00
9.070000000000000284e+00 1.573025622263219958e-01 0.000000000000000000e+00 0.000000000000000000e+00 0.000000000000000000e+00
9.080000000000000071e+00 1.571956611898989997e-01 0.000000000000000000e+00 0.000000000000000000e+00 0.000000000000000000e+00
9.089999999999999858e+00 1.570853673080490065e-01 0.000000000000000000e+00 0.000000000000000000e+00 0.000000000000000000e+00
9.099999999999999645e+00 1.569719314274949928e-01 0.000000000000000000e+00 0.000000000000000000e+00 0.000000000000000000e+00
9.109999999999999432e+00 1.568556130711719898e-01 0.000000000000000000e+00 0.000000000000000000e+00 0.000000000000000000e+00
9.119999999999999218e+00 1.567366744958280100e-01 0.000000000000000000e+00 0.000000000000000000e+00 0.000000000000000000e+00
9.130000000000000782e+00 1.566153849638000084e-01 0.000000000000000000e+00 0.000000000000000000e+00 0.000000000000000000e+00
9.140000000000000568e+00 1.564920164538680103e-01 0.000000000000000000e+00 0.000000000000000000e+00 0.000000000000000000e+00
9.150000000000000355e+00 1.563668449513579972e-01 0.000000000000000000e+00 0.000000000000000000e+00 0.000000000000000000e+00
9.160000000000000142e+00 1.562401491348779925e-01 0.000000000000000000e+00 0.000000000000000000e+00 0.000000000000000000e+00
9.169999999999999929e+00 1.561122081683430085e-01 0.000000000000000000e+00 0.000000000000000000e+00 0.000000000000000000e+00
9.179999999999999716e+00 1.559833043826500121e-01 0.000000000000000000e+00 0.000000000000000000e+00 0.000000000000000000e+00
9.189999999999999503e+00 1.558537185948969950e-01 0.000000000000000000e+00 0.000000000000000000e+00 0.000000000000000000e+00
9.199999999999999289e+00 1.557237329673500092e-01 0.000000000000000000e+00 0.000000000000000000e+00 0.000000000000000000e+00
9.210000000000000853e+00 1.555936276830069964e-01 0.000000000000000000e+00 0.000000000000000000e+00 0.000000000000000000e+00
9.220000000000000639e+00 1.554636819023710037e-01 0.000000000000000000e+00 0.000000000000000000e+00 0.000000000000000000e+00
9.230000000000000426e+00 1.553341726350190022e-01 0.000000000000000000e+00 0.000000000000000000e+00 0.000000000000000000e+00
9.240000000000000213e+00 1.552053721053960056e-01 0.000000000000000000e+00 0.000000000000000000e+00 0.000000000000000000e+00
9.250000000000000000e+00 1.550775512287979885e-01 0.000000000000000000e+00 0.000000000000000000e+00 0.000000000000000000e+00
9.259999999999999787e+00 1.549509746921430009e-01 0.000000000000000000e+00 0.000000000000000000e+00 0.000000000000000000e+00
9.269999999999999574e+00 1.548259036206300066e-01 0.000000000000000000e+00 0.000000000000000000e+00 0.000000000000000000e+00
9.279999999999999361e+00 1.547025937777040117e-01 0.000000000000000000e+00 0.000000000000000000e+00 0.000000000000000000e+00
9.289999999999999147e+00 1.545812918405619907e-01 0.000000000000000000e+00 0.000000000000000000e+00 0.000000000000000000e+00
9.300000000000000711e+00 1.544622417862910047e-01 0.000000000000000000e+00 0.000000000000000000e+00 0.000000000000000000e+00
9.310000000000000497e+00 1.543456768292409964e-01 0.000000000000000000e+00 0.000000000000000000e+00 0.000000000000000000e+00
9.320000000000000284e+00 1.542318249696640053e-01 0.000000000000000000e+00 0.000000000000000000e+00 0.000000000000000000e+00
9.330000000000000071e+00 1.541209059982699969e-01 0.000000000000000000e+00 0.000000000000000000e+00 0.000000000000000000e+00
9.339999999999999858e+00 1.540131266049009906e-01 0.000000000000000000e+00 0.000000000000000000e+00 0.000000000000000000e+00
9.349999999999999645e+00 1.539086901482950021e-01 0.000000000000000000e+00 0.000000000000000000e+00 0.000000000000000000e+00
9.359999999999999432e+00 1.538077852153149905e-01 0.000000000000000000e+00 0.000000000000000000e+00 0.000000000000000000e+00
9.369999999999999218e+00 1.537105940356019995e-01 0.000000000000000000e+00 0.000000000000000000e+00 0.000000000000000000e+00
9.380000000000000782e+00 1.536172862612819878e-01 0.000000000000000000e+00 0.000000000000000000e+00 0.000000000000000000e+00
9.390000000000000568e+00 1.535280218362329863e-01 0.000000000000000000e+00 0.000000000000000000e+00 0.000000000000000000e+00
9.400000000000000355e+00 1.534429497658300057e-01 0.000000000000000000e+00 0.000000000000000000e+00 0.000000000000000000e+00
9.410000000000000142e+00 1.533622053534290097e-01 0.000000000000000000e+00 0.000000000000000000e+00 0.000000000000000000e+00
9.419999999999999929e+00 1.532859153064820013e-01 0.000000000000000000e+00 0.000000000000000000e+00 0.000000000000000000e+00
9.429999999999999716e+00 1.532141919951260089e-01 0.000000000000000000e+00 0.000000000000000000e+00 0.000000000000000000e+00
9.439999999999999503e+00 1.531471374917560135e-01 0.000000000000000000e+00 0.000000000000000000e+00 0.000000000000000000e+00
9.449999999999999289e+00 1.530848418504990038e-01 0.000000000000000000e+00 0.000000000000000000e+00 0.000000000000000000e+00
9.460000000000000853e+00 1.530273794225149864e-01 0.000000000000000000e+00 0.000000000000000000e+00 0.000000000000000000e+00
9.470000000000000639e+00 1.529748168991529877e-01 0.000000000000000000e+00 0.000000000000000000e+00 0.000000000000000000e+00
9.480000000000000426e+00 1.529272038944010093e-01 0.000000000000000000e+00 0.000000000000000000e+00 0.000000000000000000e+00
9.490000000000000213e+00 1.528845811299900104e-01 0.000000000000000000e+00 0.000000000000000000e+00 0.000000000000000000e+00
9.500000000000000000e+00 1.528469746075349911e-01 0.000000000000000000e+00 0.000000000000000000e+00 0.000000000000000000e+00
9.509999999999999787e+00 1.528143990640699890e-01 0.000000000000000000e+00 0.000000000000000000e+00 0.000000000000000000e+00
9.519999999999999574e+00 1.527868570253740066e-01 0.000000000000000000e+00 0.000000000000000000e+00 0.000000000000000000e+00
9.529999999999999361e+00 1.527643358414129959e-01 0.000000000000000000e+00 0.000000000000000000e+00 0.000000000000000000e+00
9.539999999999999147e+00 1.527468145466860105e-01 0.000000000000000000e+00 0.000000000000000000e+00 0.000000000000000000e+00
9.550000000000000711e+00 1.527342566870650009e-01 0.000000000000000000e+00 0.000000000000000000e+00 0.000000000000000000e+00
9.560000000000000497e+00 1.527266164845350049e-01 0.000000000000000000e+00 0.000000000000000000e+00 0.000000000000000000e+00
9.570000000000000284e+00 1.527238365707999923e-01 0.000000000000000000e+00 0.000000000000000000e+00 0.000000000000000000e+00
9.580000000000000071e+00 1.527258439830400105e-01 0.000000000000000000e+00 0.000000000000000000e+00 0.000000000000000000e+00
9.589999999999999858e+00 1.527325604699270034e-01 0.000000000000000000e+00 0.000000000000000000e+00 0.000000000000000000e+00
9.599999999999999645e+00 1.527438914574779927e-01 0.000000000000000000e+00 0.000000000000000000e+00 0.000000000000000000e+00
9.609999999999999432e+00 1.527597359321120063e-01 0.000000000000000000e+00 0.000000000000000000e+00 0.000000000000000000e+00
9.619999999999999218e+00 1.527799824209239987e-01 0.000000000000000000e+00 0.000000000000000000e+00 0.000000000000000000e+00
9.630000000000000782e+00 1.528045044967999977e-01 0.000000000000000000e+00 0.000000000000000000e+00 0.000000000000000000e+00
9.640000000000000568e+00 1.528331734005979881e-01 0.000000000000000000e+00 0.000000000000000000e+00 0.000000000000000000e+00
9.650000000000000355e+00 1.528658448172350026e-01 0.000000000000000000e+00 0.000000000000000000e+00 0.000000000000000000e+00
9.660000000000000142e+00 1.529023705589709903e-01 0.000000000000000000e+00 0.000000000000000000e+00 0.000000000000000000e+00
9.669999999999999929e+00 1.529425936995079949e-01 0.000000000000000000e+00 0.000000000000000000e+00 0.000000000000000000e+00
9.679999999999999716e+00 1.529863447798590070e-01 0.000000000000000000e+00 0.000000000000000000e+00 0.000000000000000000e+00
9.689999999999999503e+00 1.530334537109570014e-01 0.000000000000000000e+00 0.000000000000000000e+00 0.000000000000000000e+00
9.699999999999999289e+00 1.530837377319450021e-01 0.000000000000000000e+00 0.000000000000000000e+00 0.000000000000000000e+00
9.710000000000000853e+00 1.531370120203789931e-01 0.000000000000000000e+00 0.000000000000000000e+00 0.000000000000000000e+00
9.720000000000000639e+00 1.531930853599199893e-01 0.000000000000000000e+00 0.000000000000000000e+00 0.000000000000000000e+00
9.730000000000000426e+00 1.532517577155070032e-01 0.000000000000000000e+00 0.000000000000000000e+00 0.000000000000000000e+00
9.740000000000000213e+00 1.533128292901539957e-01 0.000000000000000000e+00 0.000000000000000000e+00 0.000000000000000000e+00
9.750000000000000000e+00 1.533760917264870016e-01 0.000000000000000000e+00 0.000000000000000000e+00 0.000000000000000000e+00
9.759999999999999787e+00 1.534413361480020110e-01 0.000000000000000000e+00 0.000000000000000000e+00 0.000000000000000000e+00
9.769999999999999574e+00 1.535083500330350070e-01 0.000000000000000000e+00 0.000000000000000000e+00 0.000000000000000000e+00
9.779999999999999361e+00 1.535769161648840031e-01 0.000000000000000000e+00 0.000000000000000000e+00 0.000000000000000000e+00
9.789999999999999147e+00 1.536468184163160000e-01 0.000000000000000000e+00 0.000000000000000000e+00 0.000000000000000000e+00
9.800000000000000711e+00 1.537178364246389872e-01 0.000000000000000000e+00 0.000000000000000000e+00 0.000000000000000000e+00
9.810000000000000497e+00 1.537897509976620114e-01 0.000000000000000000e+00 0.000000000000000000e+00 0.000000000000000000e+00
9.820000000000000284e+00 1.538623421721609930e-01 0.000000000000000000e+00 0.000000000000000000e+00 0.000000000000000000e+00
9.830000000000000071e+00 1.539353892381430111e-01 0.000000000000000000e+00 0.000000000000000000e+00 0.000000000000000000e+00
9.839999999999999858e+00 1.540086737683319940e-01 0.000000000000000000e+00 0.000000000000000000e+00 0.000000000000000000e+00
9.849999999999999645e+00 1.540819770804950084e-01 0.000000000000000000e+00 0.000000000000000000e+00 0.000000000000000000e+00
9.859999999999999432e+00 1.541550835553839871e-01 0.000000000000000000e+00 0.000000000000000000e+00 0.000000000000000000e+00
9.869999999999999218e+00 1.542277795795100048e-01 0.000000000000000000e+00 0.000000000000000000e+00 0.000000000000000000e+00
9.880000000000000782e+00 1.542998542757089975e-01 0.000000000000000000e+00 0.000000000000000000e+00 0.000000000000000000e+00
9.890000000000000568e+00 1.543711005563810079e-01 0.000000000000000000e+00 0.000000000000000000e+00 0.000000000000000000e+00
9.900000000000000355e+00 1.544413144780150127e-01 0.000000000000000000e+00 0.000000000000000000e+00 0.000000000000000000e+00
9.910000000000000142e+00 1.545102971137710113e-01 0.000000000000000000e+00 0.000000000000000000e+00 0.000000000000000000e+00
9.919999999999999929e+00 1.545778540498720099e-01 0.000000000000000000e+00 0.000000000000000000e+00 0.000000000000000000e+00
9.929999999999999716e+00 1.546437964876269944e-01 0.000000000000000000e+00 0.000000000000000000e+00 0.000000000000000000e+00
9.939999999999999503e+00 1.547079410459860083e-01 0.000000000000000000e+00 0.000000000000000000e+00 0.000000000000000000e+00
9.949999999999999289e+00 1.547701102224240122e-01 0.000000000000000000e+00 0.000000000000000000e+00 0.000000000000000000e+00
9.960000000000000853e+00 1.548301333376859990e-01 0.000000000000000000e+00 0.000000000000000000e+00 0.000000000000000000e+00
9.970000000000000639e+00 1.548878463270360051e-01 0.000000000000000000e+00 0.000000000000000000e+00 0.000000000000000000e+00
9.980000000000000426e+00 1.549430929633789922e-01 0.000000000000000000e+00 0.000000000000000000e+00 0.000000000000000000e+00
9.990000000000000213e+00 1.549957239442260049e-01 0.000000000000000000e+00 0.000000000000000000e+00 0.000000000000000000e+00
1.000000000000000000e+01 1.550455983075839927e-01 0.000000000000000000e+00 0.000000000000000000e+00 0.000000000000000000e+00
